ticker,name,asset_class,assets_aum
VOO,Vanguard S&P 500 ETF,Equity,994.36B
IVV,iShares Core S&P 500 ETF,Equity,854.92B
SPY,State Street SPDR S&P 500 ETF,Equity,783.80B
VTI,Vanguard Total Stock Market ETF,Equity,660.72B
QQQ,Invesco QQQ Trust Series I,Equity,495.18B
VUG,Vanguard Growth ETF,Equity,231.90B
VEA,Vanguard FTSE Developed Markets ETF,Equity,231.13B
IEFA,iShares Core MSCI EAFE ETF,Equity,186.62B
VTV,Vanguard Value ETF,Equity,178.90B
IEMG,iShares Core MSCI Emerging Markets ETF,Equity,162.03B
BND,Vanguard Total Bond Market ETF,Fixed Income,156.72B
VXUS,Vanguard Total International Stock ETF,Equity,153.22B
VGT,Vanguard Information Technology ETF,Equity,148.99B
GLD,SPDR Gold Shares,Commodity,147.12B
AGG,iShares Core U.S. Aggregate Bond ETF,Fixed Income,136.46B
IWF,iShares Russell 1000 Growth ETF,Equity,133.24B
XLK,State Street Technology Select Sector SPDR ETF,Equity,124.52B
VWO,Vanguard FTSE Emerging Markets ETF,Equity,121.67B
IJH,iShares Core S&P Mid-Cap ETF,Equity,119.12B
VIG,Vanguard Dividend Appreciation ETF,Equity,108.57B
IJR,iShares Core S&P Small Cap ETF,Equity,103.49B
VO,Vanguard Mid-Cap ETF,Equity,103.02B
QQQM,Invesco NASDAQ 100 ETF,Equity,96.91B
SCHD,Schwab US Dividend Equity ETF,Equity,94.95B
ITOT,iShares Core S&P Total U.S. Stock Market ETF,Equity,93.42B
SGOV,iShares 0-3 Month Treasury Bond ETF,Fixed Income,91.90B
RSP,Invesco S&P 500 Equal Weight ETF,Equity,88.26B
BNDX,Vanguard Total International Bond ETF,Fixed Income,81.98B
IWM,iShares Russell 2000 ETF,Equity,80.93B
VYM,Vanguard High Dividend Yield Index ETF,Equity,78.86B
VB,Vanguard Small-Cap ETF,Equity,78.61B
EFA,iShares MSCI EAFE ETF,Equity,77.20B
IVW,iShares S&P 500 Growth ETF,Equity,76.07B
VT,Vanguard Total World Stock ETF,Equity,76.01B
IWD,iShares Russell 1000 Value ETF,Equity,75.56B
SCHX,Schwab U.S. Large-Cap ETF,Equity,72.63B
IAU,iShares Gold Trust,Commodity,68.43B
SMH,VanEck Semiconductor ETF,Equity,67.82B
VEU,Vanguard FTSE All-World ex-US Index Fund,Equity,66.77B
VCIT,Vanguard Intermediate-Term Corporate Bond ETF,Fixed Income,66.50B
SCHF,Schwab International Equity ETF,Equity,66.49B
SCHG,Schwab U.S. Large-Cap Growth ETF,Equity,61.46B
IXUS,iShares Core MSCI Total International Stock ETF,Equity,58.44B
IBIT,iShares Bitcoin Trust ETF,Currency,58.12B
IWR,iShares Russell Midcap ETF,Equity,54.80B
SPYG,State Street SPDR Portfolio S&P 500 Growth ETF,Equity,53.86B
VV,Vanguard Large-Cap ETF,Equity,53.19B
XLF,State Street Financial Select Sector SPDR ETF,Equity,49.42B
IWB,iShares Russell 1000 ETF,Equity,48.87B
IEF,iShares 7-10 Year Treasury Bond ETF,Fixed Income,48.32B
IVE,iShares S&P 500 Value ETF,Equity,48.28B
QUAL,iShares MSCI USA Quality Factor ETF,Equity,47.11B
DFAC,Dimensional U.S. Core Equity 2 ETF,Equity,46.72B
BIL,State Street SPDR Bloomberg 1-3 Month T-Bill ETF,Fixed Income,46.12B
VONG,Vanguard Russell 1000 Growth ETF,Equity,46.02B
BSV,Vanguard Short-Term Bond ETF,Fixed Income,45.27B
MUB,iShares National Muni Bond ETF,Fixed Income,44.94B
DIA,State Street SPDR Dow Jones Industrial Average ETF Trust,Equity,44.83B
VTEB,Vanguard Tax-Exempt Bond ETF,Fixed Income,44.71B
JEPI,JPMorgan Equity Premium Income ETF,Equity,44.59B
SCHB,Schwab U.S. Broad Market ETF,Equity,43.31B
VCSH,Vanguard Short-Term Corporate Bond ETF,Fixed Income,43.25B
TLT,iShares 20+ Year Treasury Bond ETF,Fixed Income,42.31B
GOVT,iShares U.S. Treasury Bond ETF,Fixed Income,41.89B
VGIT,Vanguard Intermediate-Term Treasury ETF,Fixed Income,41.12B
SPDW,State Street SPDR Portfolio Developed World ex-US ETF,Equity,40.94B
DGRO,iShares Core Dividend Growth ETF,Equity,40.46B
TQQQ,ProShares UltraPro QQQ,Equity,39.77B
IUSB,iShares Core Total USD Bond Market ETF,Fixed Income,39.76B
JEPQ,JPMorgan NASDAQ Equity Premium Income ETF,Equity,39.58B
XLE,State Street Energy Select Sector SPDR ETF,Equity,38.67B
MBB,iShares MBS ETF,Fixed Income,38.57B
JPST,JPMorgan Ultra-Short Income ETF,Fixed Income,38.40B
SOXX,iShares Semiconductor ETF,Equity,38.37B
XLV,State Street Health Care Select Sector SPDR ETF,Equity,38.25B
VNQ,Vanguard Real Estate ETF,Equity,36.91B
SLV,iShares Silver Trust,Commodity,36.82B
DYNF,iShares U.S. Equity Factor Rotation Active ETF,Equity,36.68B
VBR,Vanguard Small Cap Value ETF,Equity,35.58B
SPYV,State Street SPDR Portfolio S&P 500 Value ETF,Equity,35.25B
CGDV,Capital Group Dividend Value ETF,Equity,35.17B
MGK,Vanguard Mega Cap Growth ETF,Equity,34.60B
ACWI,iShares MSCI ACWI ETF,Equity,32.93B
IUSG,iShares Core S&P U.S. Growth ETF,Equity,32.58B
GLDM,SPDR Gold Minishares Trust of beneficial interest,Commodity,30.87B
IDEV,iShares Core MSCI International Developed Markets ETF,Equity,30.65B
EEM,iShares MSCI Emerging Markets ETF,Equity,30.33B
XLI,State Street Industrial Select Sector SPDR ETF,Equity,30.22B
VGK,Vanguard FTSE Europe ETF,Equity,30.19B
VXF,Vanguard Extended Market ETF,Equity,30.13B
EFV,iShares MSCI EAFE Value ETF,Equity,30.12B
LQD,iShares iBoxx $ Investment Grade Corporate Bond ETF,Fixed Income,29.78B
VGSH,Vanguard Short-Term Treasury ETF,Fixed Income,29.44B
BIV,Vanguard Intermediate-Term Bond ETF,Fixed Income,28.84B
JAAA,Janus Henderson AAA CLO ETF,Fixed Income,27.34B
GDX,VanEck Gold Miners ETF,Equity,27.13B
AVUV,Avantis U.S. Small Cap Value ETF,Equity,27.08B
USHY,iShares Broad USD High Yield Corporate Bond ETF,Fixed Income,26.83B
MTUM,iShares MSCI USA Momentum Factor ETF,Equity,26.66B
VOOG,Vanguard S&P 500 Growth ETF,Equity,26.45B
MDY,State Street SPDR S&P MIDCAP 400 ETF Trust,Equity,26.40B
FBND,Fidelity Total Bond ETF,Fixed Income,26.06B
AVEM,Avantis Emerging Markets Equity ETF,Equity,26.03B
IUSV,iShares Core S&P US Value ETF,Equity,26.01B
SOXL,Direxion Daily Semiconductor Bull 3X ETF,Equity,26.01B
FNDX,Schwab Fundamental U.S. Large Company ETF,Equity,25.47B
EWY,iShares MSCI South Korea ETF,Equity,25.45B
SHY,iShares 1-3 Year Treasury Bond ETF,Fixed Income,25.43B
IYW,iShares U.S. Technology ETF,Equity,25.22B
XLC,State Street Communication Services Select Sector SPDR ETF,Equity,25.12B
CGGR,Capital Group Growth ETF,Equity,24.64B
EMXC,iShares MSCI Emerging Markets ex China ETF,Equity,24.61B
FNDF,Schwab Fundamental International Equity ETF,Equity,24.55B
VBK,Vanguard Small-Cap Growth ETF,Equity,23.93B
XLY,State Street Consumer Discretionary Select Sector SPDR ETF,Equity,23.78B
USMV,iShares MSCI USA Min Vol Factor ETF,Equity,23.09B
SCHA,Schwab U.S. Small-Cap ETF,Equity,22.78B
VOE,Vanguard Mid-Cap Value ETF,Equity,22.55B
RDVY,First Trust Rising Dividend Achievers ETF,Equity,22.37B
DVY,iShares Select Dividend ETF,Equity,22.36B
XLU,State Street Utilities Select Sector SPDR ETF,Equity,22.35B
IGSB,iShares 1-5 Year Investment Grade Corporate Bond ETF,Fixed Income,22.04B
FTEC,Fidelity MSCI Information Technology Index ETF,Equity,21.38B
EWJ,iShares MSCI Japan ETF,Equity,21.30B
SDY,State Street SPDR S&P Dividend ETF,Equity,21.03B
DFUS,Dimensional U.S. Equity Market ETF,Equity,20.88B
SHV,iShares Trust iShares 0-1 Year Treasury Bond ETF,Fixed Income,20.73B
OEF,iShares S&P 100 ETF,Equity,20.72B
IWP,iShares Russell Mid-Cap Growth ETF,Equity,20.54B
DFIV,Dimensional International Value ETF,Equity,20.04B
SPMO,Invesco S&P 500 Momentum ETF,Equity,19.93B
AVDV,Avantis International Small Cap Value ETF,Equity,19.88B
IWV,iShares Russell 3000 ETF,Equity,19.82B
VONV,Vanguard Russell 1000 Value ETF,Equity,19.77B
VYMI,Vanguard International High Dividend Yield ETF,Equity,19.50B
VOT,Vanguard Mid-Cap Growth ETF,Equity,19.21B
SPHQ,Invesco S&P 500 Quality ETF,Equity,18.88B
VTIP,Vanguard Short-Term Inflation-Protected Securities ETF,Fixed Income,18.85B
IEI,iShares 3-7 Year Treasury Bond ETF,Fixed Income,18.49B
COWZ,Pacer US Cash Cows 100 ETF,Equity,18.47B
IGIB,iShares 5-10 Year Investment Grade Corporate Bond ETF,Fixed Income,18.22B
SPEM,State Street SPDR Portfolio Emerging Markets ETF,Equity,17.97B
ESGU,iShares ESG Aware MSCI USA ETF,Equity,17.66B
IWY,iShares Russell Top 200 Growth ETF,Equity,17.61B
SPMD,State Street SPDR Portfolio S&P 400 Mid Cap ETF,Equity,17.54B
USIG,iShares Broad USD Investment Grade Corporate Bond ETF,Fixed Income,17.38B
BBJP,JPMorgan BetaBuilders Japan ETF,Equity,17.36B
USFR,WisdomTree Floating Rate Treasury Fund,Fixed Income,16.99B
DGRW,WisdomTree US Quality Dividend Growth Fund,Equity,16.95B
AVDE,Avantis International Equity ETF,Equity,16.94B
VTWO,Vanguard Russell 2000 ETF,Equity,16.85B
BINC,iShares Flexible Income Active ETF,Fixed Income,16.84B
IGV,iShares Expanded Tech-Software Sector ETF,Equity,16.68B
DFAI,Dimensional International Core Equity Market ETF,Equity,16.56B
VHT,Vanguard Health Care ETF,Equity,16.56B
PULS,PGIM Ultra Short Bond ETF,Fixed Income,16.28B
BAI,iShares A.I. Innovation and Tech Active ETF,Equity,16.27B
MINT,PIMCO Enhanced Short Maturity Active Exchange-Traded Fund,Fixed Income,16.23B
HYG,iShares iBoxx $ High Yield Corporate Bond ETF,Fixed Income,16.04B
EFG,iShares MSCI EAFE Growth ETF,Equity,15.93B
VLUE,iShares MSCI USA Value Factor ETF,Equity,15.87B
STIP,iShares 0-5 Year TIPS Bond ETF,Fixed Income,15.82B
SCHP,Schwab US TIPS ETF,Fixed Income,15.71B
SPSM,State Street SPDR Portfolio S&P 600 Small Cap ETF,Equity,15.67B
GSLC,TR Activebeta US Large Cap Equity ETF,Equity,15.64B
SCHV,Schwab U.S. Large-Cap Value ETF,Equity,15.54B
VMBS,Vanguard Mortgage-Backed Securities ETF,Fixed Income,15.35B
IWS,iShares Russell Mid-Cap Value ETF,Equity,15.25B
TIP,iShares TIPS Bond ETF,Fixed Income,14.89B
DFUV,Dimensional US Marketwide Value ETF,Equity,14.88B
SCZ,iShares MSCI EAFE Small-Cap ETF,Equity,14.87B
IWO,iShares Russell 2000 Growth ETF,Equity,14.73B
XLP,State Street Consumer Staples Select Sector SPDR ETF,Equity,14.65B
SCHM,Schwab U.S. Mid-Cap ETF,Equity,14.58B
QLD,ProShares Ultra QQQ,Equity,14.46B
DFAS,Dimensional U.S. Small Cap ETF,Equity,14.41B
ITA,iShares U.S. Aerospace & Defense ETF,Equity,14.33B
DFIC,Dimensional International Core Equity 2 ETF,Equity,14.25B
EMB,iShares JP Morgan USD Emerging Markets Bond ETF,Fixed Income,14.16B
IWN,iShares Russell 2000 Value ETF,Equity,14.00B
DRAM,Roundhill Memory ETF,Equity,13.88B
PFF,iShares Preferred & Income Securities ETF,Fixed Income,13.82B
DFAT,Dimensional U.S. Targeted Value ETF,Equity,13.72B
PYLD,PIMCO Multisector Bond Active Exchange-Traded Fund,Fixed Income,13.69B
CIBR,First Trust NASDAQ Cybersecurity ETF,Equity,13.68B
SPTM,State Street SPDR Portfolio S&P 1500 Composite Stock Market ETF,Equity,13.64B
PAVE,Global X U.S. Infrastructure Development ETF,Equity,13.54B
HDV,iShares Core High Dividend ETF,Equity,13.41B
FBTC,Fidelity Wise Origin Bitcoin Fund,Currency,13.40B
ESGV,Vanguard ESG U.S. Stock ETF,Equity,13.35B
AVUS,Avantis U.S. Equity ETF,Equity,13.31B
IQLT,iShares MSCI Intl Quality Factor ETF,Equity,13.30B
SCHO,Schwab Short-Term US Treasury ETF,Fixed Income,13.24B
IAGG,iShares Core International Aggregate Bond ETF,Fixed Income,13.07B
SCHR,Schwab Intermediate-Term US Treasury ETF,Fixed Income,13.03B
AVLV,Avantis U.S. Large Cap Value ETF,Equity,12.86B
SCHE,Schwab Emerging Markets Equity ETF,Equity,12.74B
MGV,Vanguard Mega Cap Value ETF,Equity,12.49B
JCPB,JPMorgan Core Plus Bond ETF,Fixed Income,12.44B
QQQI,NEOS Nasdaq 100 High Income ETF,Equity,12.35B
VFH,Vanguard Financials ETF,Equity,12.30B
DFAU,Dimensional US Core Equity Market ETF,Equity,12.18B
AMLP,Alerian MLP ETF,Equity,12.14B
BOXX,Alpha Architect 1-3 Month Box ETF,Alternatives,12.14B
DFAX,Dimensional World ex U.S. Core Equity 2 ETF,Equity,12.08B
DUHP,Dimensional US High Profitability ETF,Equity,12.08B
VSS,Vanguard FTSE All-World ex-US Small-Cap ETF,Equity,11.86B
MOAT,VanEck Morningstar Wide Moat ETF,Equity,11.84B
ESGD,iShares ESG Aware MSCI EAFE ETF,Equity,11.63B
ACWX,iShares MSCI ACWI ex U.S. ETF,Equity,11.58B
SPIB,State Street SPDR Portfolio Intermediate Term Corporate Bond ETF,Fixed Income,11.58B
SCHI,Schwab 5-10 Year Corporate Bond ETF,Fixed Income,11.45B
CGGO,Capital Group Global Growth Equity ETF,Equity,11.44B
PBUS,Invesco MSCI USA ETF,Equity,11.37B
TLH,iShares 10-20 Year Treasury Bond ETF,Fixed Income,11.36B
GRID,First Trust Nasdaq Clean Edge Smart GRID Infrastructure Index,Equity,11.29B
SUB,iShares Short-Term National Muni Bond ETF,Fixed Income,11.26B
EWT,iShares MSCI Taiwan ETF,Equity,11.12B
SPHY,State Street SPDR Portfolio High Yield Bond ETF,Fixed Income,11.08B
NOBL,ProShares S&P 500 Dividend Aristocrats ETF,Equity,11.07B
PVAL,Putnam Focused Large Cap Value ETF,Equity,11.07B
IGM,iShares Expanded Tech Sector ETF,Equity,11.03B
XLG,Invesco S&P 500 Top 50 ETF,Equity,11.01B
IJK,iShares S&P Mid-Cap 400 Growth ETF,Equity,10.97B
ONEQ,Fidelity Nasdaq Composite Index ETF,Equity,10.92B
AIQ,Global X Artificial Intelligence & Technology ETF,Equity,10.85B
CGUS,Capital Group Core Equity ETF,Equity,10.84B
JIRE,JPMorgan International Research Enhanced Equity ETF,Equity,10.83B
SDVY,First Trust SMID Cap Rising Dividend Achievers ETF,Equity,10.78B
GBTC,Grayscale Bitcoin Trust ETF,Currency,10.75B
DFCF,Dimensional Core Fixed Income ETF,Fixed Income,10.64B
AIRR,First Trust RBA American Industrial Renaissance ETF,Equity,10.62B
IGF,iShares Global Infrastructure ETF,Equity,10.60B
BBCA,JPMorgan BetaBuilders Canada ETF,Equity,10.59B
VGLT,Vanguard Long-Term Treasury ETF,Fixed Income,10.31B
SCHZ,Schwab US Aggregate Bond ETF,Fixed Income,10.30B
MGC,Vanguard Mega Cap ETF,Equity,10.24B
SPSB,State Street SPDR Portfolio Short Term Corporate Bond ETF,Fixed Income,10.21B
EWZ,iShares MSCI Brazil ETF,Equity,10.17B
PAAA,PGIM AAA CLO ETF,Fixed Income,10.15B
SPTI,State Street SPDR Portfolio Intermediate Term Treasury ETF,Fixed Income,10.15B
SPTL,State Street SPDR Portfolio Long Term Treasury ETF,Fixed Income,10.12B
SPYI,NEOS S&P 500 High Income ETF,Equity,10.08B
JGRO,JPMorgan Active Growth ETF,Equity,10.06B
SCHH,Schwab U.S. REIT ETF,Equity,9.98B
FENI,Fidelity Enhanced International ETF,Equity,9.83B
FDVV,Fidelity High Dividend ETF,Equity,9.77B
IXN,iShares Global Tech ETF,Equity,9.72B
FNDE,Schwab Fundamental Emerging Markets Equity ETF,Equity,9.69B
SPAB,State Street SPDR Portfolio Aggregate Bond ETF,Fixed Income,9.69B
VDE,Vanguard Energy ETF,Equity,9.68B
BUFR,FT Vest Laddered Buffer ETF,Alternatives,9.62B
DFAE,Dimensional Emerging Core Equity Market ETF,Equity,9.62B
PRF,Invesco RAFI US 1000 ETF,Equity,9.58B
FLOT,iShares Floating Rate Bond ETF,Fixed Income,9.51B
DFEM,Dimensional Emerging Markets Core Equity 2 ETF,Equity,9.40B
EZU,iShares MSCI Eurozone ETF,Equity,9.37B
BBEU,JPMorgan BetaBuilders Europe ETF,Equity,9.14B
JPIE,JPMorgan Income ETF,Fixed Income,9.10B
RWL,Invesco S&P 500 Revenue ETF,Equity,9.07B
IOO,iShares Global 100 ETF,Equity,9.03B
FNDA,Schwab Fundamental U.S. Small Company ETF,Equity,8.92B
IEUR,iShares Core MSCI Europe ETF,Equity,8.87B
VIGI,Vanguard International Dividend Appreciation ETF,Equity,8.82B
DBEF,Xtrackers MSCI EAFE Hedged Equity ETF,Equity,8.81B
VUSB,Vanguard Ultra-Short Bond ETF,Fixed Income,8.80B
GDXJ,VanEck Junior Gold Miners ETF,Equity,8.65B
IDV,iShares International Select Dividend ETF,Equity,8.61B
VPL,Vanguard FTSE Pacific ETF,Equity,8.61B
VPU,Vanguard Utilities ETF,Equity,8.56B
IJJ,iShares S&P Mid-Cap 400 Value ETF,Equity,8.47B
QYLD,Global X NASDAQ 100 Covered Call ETF,Equity,8.41B
VCLT,Vanguard Long-Term Corporate Bond ETF,Fixed Income,8.39B
XBI,State Street SPDR S&P Biotech ETF,Equity,8.39B
BBUS,JPMorgan BetaBuilders U.S. Equity ETF,Equity,8.38B
SSO,ProShares Ultra S&P 500,Equity,8.38B
PPA,Invesco Aerospace & Defense ETF,Equity,8.37B
VBIL,Vanguard 0-3 Month Treasury Bill ETF,Fixed Income,8.37B
IJS,iShares S&P Small-Cap 600 Value ETF,Equity,8.24B
VONE,Vanguard Russell 1000 ETF,Equity,8.14B
JQUA,JPMorgan U.S. Quality Factor ETF,Equity,8.13B
URTH,iShares MSCI World ETF,Equity,8.10B
JBND,JPMorgan Active Bond ETF,Fixed Income,8.07B
BOND,PIMCO Active Bond Exchange-Traded Fund,Fixed Income,8.04B
COPX,Global X Copper Miners ETF,Equity,7.99B
SHLD,Global X Defense Tech ETF,Equity,7.99B
IBB,iShares Biotechnology ETF,Equity,7.94B
FVD,First Trust Value Line Dividend Index Fund,Equity,7.90B
VDC,Vanguard Consumer Staples ETF,Equity,7.88B
CGCP,Capital Group Core Plus Income ETF,Fixed Income,7.86B
XLRE,State Street Real Estate Select Sector SPDR ETF,Equity,7.82B
VIS,Vanguard Industrials ETF,Equity,7.79B
JMUB,JPMorgan Municipal ETF,Fixed Income,7.76B
SGOL,abrdn Physical Gold Shares ETF,Commodity,7.71B
JNK,State Street SPDR Bloomberg High Yield Bond ETF,Fixed Income,7.70B
FTCS,First Trust Capital Strength ETF,Equity,7.67B
DFSV,Dimensional US Small Cap Value ETF,Equity,7.64B
FELC,Fidelity Enhanced Large Cap Core ETF,Equity,7.64B
ICSH,iShares Ultra Short Duration Bond Active ETF,Fixed Income,7.60B
GBIL,ACCESS TREASURY 0-1 YEAR ETF,Fixed Income,7.58B
SHYG,iShares 0-5 Year High Yield Corporate Bond ETF,Fixed Income,7.54B
VFLO,VictoryShares Free Cash Flow ETF,Equity,7.54B
IJT,iShares S&P Small-Cap 600 Growth ETF,Equity,7.51B
XMMO,Invesco S&P MidCap Momentum ETF,Equity,7.49B
GUNR,FlexShares Morningstar Global Upstream Natural Resources Index Fund,Equity,7.37B
FDL,First Trust Morningstar Dividend Leaders Index Fund,Equity,7.36B
TCAF,T. Rowe Price Capital Appreciation Equity ETF,Equity,7.32B
XLB,State Street Materials Select Sector SPDR ETF,Equity,7.31B
TECL,Direxion Daily Technology Bull 3X ETF,Equity,7.29B
ARKK,ARK Innovation ETF,Equity,7.21B
ICVT,iShares Convertible Bond ETF,Fixed Income,7.21B
SPYD,State Street SPDR Portfolio S&P 500 High Dividend ETF,Equity,7.21B
IAUM,iShares Gold Trust Micro ETF of Benef Interest,Commodity,7.18B
ESGE,iShares ESG Aware MSCI EM ETF,Equity,7.16B
BKLN,Invesco Senior Loan ETF,Fixed Income,7.15B
JGLO,JPMorgan Global Select Equity ETF Global Select Equity ETF,Equity,7.15B
HEFA,iShares Currency Hedged MSCI EAFE ETF,Equity,7.13B
DIVO,Amplify CWP Enhanced Dividend Income ETF,Equity,7.11B
TBIL,F/m US Treasury 3 Month Bill Fund,Fixed Income,7.11B
THRO,iShares U.S. Thematic Rotation Active ETF,Equity,7.07B
URA,Global X Uranium ETF,Equity,7.06B
VCRB,Vanguard Core Bond ETF,Fixed Income,7.01B
FMDE,Fidelity Enhanced Mid Cap Core ETF,Equity,6.97B
SPMB,State Street SPDR Portfolio Mortgage Backed Bond ETF,Fixed Income,6.96B
JMTG,JPMorgan Mortgage-Backed Securities ETF,Fixed Income,6.92B
FBCG,Fidelity Blue Chip Growth ETF,Equity,6.91B
SPLV,Invesco S&P 500 Low Volatility ETF,Equity,6.91B
DXJ,WisdomTree Japan Hedged Equity Fund,Equity,6.87B
FNGU,MicroSectors FANG+ 3 Leveraged ETNs,Equity,6.87B
CORO,iShares International Country Rotation Active ETF,Equity,6.84B
DFSD,Dimensional Short-Duration Fixed Income ETF,Fixed Income,6.79B
INDA,iShares MSCI India ETF,Equity,6.76B
JMBS,Janus Henderson Mortgage-Backed Securities ETF,Fixed Income,6.75B
SPXL,Direxion Daily S&P 500 Bull 3X ETF,Equity,6.73B
CGBL,Capital Group Core Balanced ETF,Asset Allocation,6.67B
VSGX,Vanguard ESG International Stock ETF,Equity,6.65B
TFLO,iShares Treasury Floating Rate Bond ETF,Fixed Income,6.60B
JAVA,JPMorgan Active Value ETF,Equity,6.53B
BBIN,JPMorgan BetaBuilders International Equity ETF,Equity,6.51B
VOOV,Vanguard S&P 500 Value ETF,Equity,6.46B
FTSM,First Trust Enhanced Short Maturity ETF,Fixed Income,6.42B
SMBS,Schwab Mortgage-Backed Securities ETF,Fixed Income,6.42B
BBAX,JPMorgan BetaBuilders Developed Asia Pacific ex-Japan ETF,Equity,6.41B
JMST,JPMorgan Ultra-Short Municipal Income ETF,Fixed Income,6.36B
MCHI,iShares MSCI China ETF,Equity,6.35B
FPE,First Trust Preferred Securities & Income ETF,Fixed Income,6.34B
VCR,Vanguard Consumer Discretionary ETF,Equity,6.34B
CGXU,Capital Group International Focus Equity ETF,Equity,6.31B
XAR,State Street SPDR S&P Aerospace & Defense ETF,Equity,6.29B
LMBS,First Trust Low Duration Opportunities ETF,Fixed Income,6.27B
VOX,Vanguard Communication Services ETF,Equity,6.27B
CWB,State Street SPDR Bloomberg Convertible Securities ETF,Fixed Income,6.23B
KWEB,KraneShares CSI China Internet ETF,Equity,6.23B
DFLV,Dimensional US Large Cap Value ETF,Equity,6.19B
PDBC,Invesco Optimum Yield Diversified Commodity Strategy No K-1 ETF,Commodity,6.13B
CGMU,Capital Group Municipal Income ETF,Fixed Income,6.12B
DLN,WisdomTree U.S. LargeCap Dividend Fund,Equity,6.11B
VWOB,Vanguard Emerging Markets Government Bond ETF,Fixed Income,6.10B
DIHP,Dimensional International High Profitability ETF,Equity,6.06B
MUU,Direxion Daily MU Bull 2X ETF,Equity,6.06B
BLCR,iShares Large Cap Core Active ETF,Equity,6.04B
DFIS,Dimensional International Small Cap ETF,Equity,5.97B
AKRE,Akre Focus ETF,Equity,5.94B
ETHA,iShares Ethereum Trust ETF,Currency,5.91B
SPTS,State Street SPDR Portfolio Short Term Treasury ETF,Fixed Income,5.90B
BLV,Vanguard Long-Term Bond ETF,Fixed Income,5.83B
FELG,Fidelity Enhanced Large Cap Growth ETF,Equity,5.76B
GSIE,Goldman Sachs ActiveBeta International Equity ETF,Equity,5.75B
RECS,Columbia Research Enhanced Core ETF,Equity,5.73B
QTUM,Defiance Quantum ETF,Equity,5.70B
SCHK,Schwab 1000 Index ETF,Equity,5.69B
RSPT,Invesco S&P 500 Equal Weight Technology ETF,Equity,5.64B
SCHC,Schwab International Small-Cap Equity ETF,Equity,5.61B
JHMM,John Hancock Multifactor Mid Cap ETF,Equity,5.59B
FXI,iShares China Large-Cap ETF,Equity,5.52B
EWC,iShares MSCI Canada ETF,Equity,5.48B
FDN,First Trust Dow Jones Internet Index Fund,Equity,5.44B
BKLC,BNY Mellon US Large Cap Core Equity ETF,Equity,5.43B
AIA,iShares Asia 50 ETF,Equity,5.40B
DSI,iShares ESG MSCI KLD 400 ETF,Equity,5.34B
EVTR,Eaton Vance Total Return Bond ETF,Fixed Income,5.34B
XMHQ,Invesco S&P MidCap Quality ETF,Equity,5.33B
KBWB,Invesco KBW Bank ETF,Equity,5.32B
FESM,Fidelity Enhanced Small Cap Core ETF,Equity,5.29B
SRLN,State Street Blackstone Senior Loan ETF,Fixed Income,5.28B
XME,State Street SPDR S&P Metals & Mining ETF,Equity,5.27B
EFAV,iShares MSCI EAFE Min Vol Factor ETF,Equity,5.26B
SIL,Global X Silver Miners ETF,Equity,5.22B
SIVR,abrdn Physical Silver Shares ETF,Commodity,5.22B
CGCB,Capital Group Core Bond ETF,Fixed Income,5.21B
CGDG,Capital Group Dividend Growers ETF,Equity,5.06B
CGMS,Capital Group U.S. Multi-Sector Income ETF,Fixed Income,4.94B
TSLL,Direxion Daily TSLA Bull 2X ETF,Equity,4.93B
SBIL,Simplify Government Money Market ETF,Fixed Income,4.92B
LVHI,Franklin International Low Volatility High Dividend Index ETF,Equity,4.90B
GNR,State Street SPDR S&P Global Natural Resources ETF,Equity,4.88B
DISV,Dimensional International Small Cap Value ETF,Equity,4.87B
IYR,iShares U.S. Real Estate ETF,Equity,4.87B
NLR,VanEck Uranium and Nuclear ETF,Equity,4.87B
EMLC,VanEck J. P. Morgan EM Local Currency Bond ETF,Fixed Income,4.85B
EAGG,iShares ESG Aware US Aggregate Bond ETF,Fixed Income,4.78B
REET,iShares Global REIT ETF,Equity,4.77B
SJNK,State Street SPDR Bloomberg Short Term High Yield Bond ETF,Fixed Income,4.77B
MAGS,Roundhill Magnificent Seven ETF,Equity,4.75B
OMFL,Invesco Russell 1000 Dynamic Multifactor ETF,Equity,4.74B
ISTB,iShares Core 1-5 Year USD Bond ETF,Fixed Income,4.73B
SLYG,State Street SPDR S&P 600 Small Cap Growth ETF,Equity,4.72B
VTHR,Vanguard Russell 3000 ETF,Equity,4.71B
SLYV,State Street SPDR S&P 600 Small Cap Value ETF,Equity,4.68B
TDIV,First Trust NASDAQ Technology Dividend Index Fund,Equity,4.66B
BSCR,Invesco BulletShares 2027 Corporate Bond ETF,Fixed Income,4.59B
GPIQ,Goldman Sachs Nasdaq-100 Premium Income ETF,Equity,4.58B
NEAR,iShares Short Duration Bond Active ETF,Fixed Income,4.58B
FEZ,State Street SPDR EURO STOXX 50 ETF,Equity,4.51B
QLTY,GMO US Quality ETF,Equity,4.51B
FSEC,Fidelity Investment Grade Securitized ETF,Fixed Income,4.46B
GRNY,Fundstrat Granny Shots US Large Cap ETF,Equity,4.46B
NVDL,GraniteShares 2x Long NVDA Daily ETF,Equity,4.45B
CMF,iShares California Muni Bond ETF,Fixed Income,4.42B
ILF,iShares Latin America 40 ETF,Equity,4.42B
HYD,VanEck High Yield Muni ETF,Fixed Income,4.30B
IVLU,iShares MSCI Intl Value Factor ETF,Equity,4.30B
GPIX,Goldman Sachs S&P 500 Premium Income ETF,Equity,4.29B
SUSA,iShares ESG Optimized MSCI USA ETF,Equity,4.29B
EAGL,Eagle Capital Select Equity ETF,Equity,4.27B
JTEK,JPMorgan U.S. Tech Leaders ETF,Equity,4.26B
TOTL,State Street DoubleLine Total Return Tactical ETF,Fixed Income,4.18B
IFRA,iShares U.S. Infrastructure ETF,Equity,4.14B
PZA,Invesco National AMT-Free Municipal Bond ETF,Fixed Income,4.14B
HELO,JPMorgan Hedged Equity Laddered Overlay ETF,Equity,4.13B
XT,iShares Future Exponential Technologies ETF,Equity,4.07B
USRT,iShares Core U.S. REIT ETF,Equity,4.05B
DEM,WisdomTree Emerging Markets High Dividend Fund,Equity,4.03B
AAXJ,iShares MSCI All Country Asia ex Japan ETF,Equity,4.02B
IMTM,iShares MSCI Intl Momentum Factor ETF,Equity,4.00B
MSLC,Morgan Stanley Pathway Large Cap Equity ETF,Equity,4.00B
EMLP,First Trust North American Energy Infrastructure Fund,Equity,3.93B
SMLF,iShares U.S. SmallCap Equity Factor ETF,Equity,3.93B
DBMF,iMGP DBi Managed Futures Strategy ETF,Alternatives,3.90B
IBDT,iShares iBonds Dec 2028 Term Corporate ETF,Fixed Income,3.90B
IDEF,iShares Defense Industrials Active ETF,Equity,3.90B
BILS,State Street SPDR Bloomberg 3-12 Month T-Bill ETF,Fixed Income,3.89B
BTC,Grayscale Bitcoin Mini Trust ETF,Currency,3.89B
VIOO,Vanguard S&P Small-Cap 600 ETF,Equity,3.88B
DON,WisdomTree U.S. MidCap Dividend Fund,Equity,3.87B
SCMB,Schwab Municipal Bond ETF,Fixed Income,3.87B
JPLD,JPMorgan Limited Duration Bond ETF,Fixed Income,3.83B
PGX,Invesco Preferred ETF,Fixed Income,3.82B
BSCQ,Invesco BulletShares 2026 Corporate Bond ETF,Fixed Income,3.80B
IBDU,iShares iBonds Dec 2029 Term Corporate ETF,Fixed Income,3.80B
KRE,State Street SPDR S&P Regional Banking ETF,Equity,3.80B
FLJP,Franklin FTSE Japan ETF,Equity,3.79B
BOTZ,Global X Robotics & Artificial Intelligence ETF,Equity,3.78B
FV,First Trust Dorsey Wright Focus 5 ETF,Equity,3.78B
IBDS,iShares iBonds Dec 2027 Term Corporate ETF,Fixed Income,3.78B
IDMO,Invesco S&P International Developed Momentum ETF,Equity,3.77B
GVI,iShares Intermediate Government/Credit Bond ETF,Fixed Income,3.76B
NXUS,NuShares ETF Trust Nuveen International Aggregate Bond ETF,Fixed Income,3.76B
IMCG,iShares Morningstar Mid-Cap Growth ETF,Equity,3.75B
EEMV,iShares MSCI Emerging Markets Min Vol Factor ETF,Equity,3.70B
ARTY,iShares Future AI & Tech ETF,Equity,3.69B
IXJ,iShares Global Healthcare ETF,Equity,3.67B
EDV,Vanguard Extended Duration Treasury ETF,Fixed Income,3.66B
QTEC,First Trust NASDAQ-100 Technology Sector Index Fund,Equity,3.66B
AOR,iShares Core 60/40 Balanced Allocation ETF,Asset Allocation,3.65B
EUFN,iShares MSCI Europe Financials ETF,Equity,3.64B
IVOO,Vanguard S&P Mid-Cap 400 ETF,Equity,3.61B
IBDR,iShares iBonds Dec 2026 Term Corporate ETF,Fixed Income,3.60B
FRDM,Freedom 100 Emerging Markets ETF,Equity,3.54B
MLPX,Global X MLP & Energy Infrastructure ETF,Equity,3.54B
DFGR,Dimensional Global Real Estate ETF,Equity,3.52B
CALF,Pacer US Small Cap Cash Cows ETF,Equity,3.51B
GSY,Invesco Ultra Short Duration ETF,Fixed Income,3.51B
IYF,iShares U.S. Financials ETF,Equity,3.50B
LRGF,iShares U.S. Equity Factor ETF,Equity,3.50B
USMC,Principal U.S. Mega-Cap ETF,Equity,3.50B
IWX,iShares Russell Top 200 Value ETF,Equity,3.49B
VNQI,Vanguard Global ex-U.S. Real Estate ETF,Equity,3.49B
HYLB,Xtrackers USD High Yield Corporate Bond ETF,Fixed Income,3.46B
INTF,iShares International Equity Factor ETF,Equity,3.46B
BSCS,Invesco BulletShares 2028 Corporate Bond ETF,Fixed Income,3.45B
EWU,iShares MSCI United Kingdom ETF,Equity,3.45B
SHM,State Street SPDR Nuveen ICE Short Term Municipal Bond ETF,Fixed Income,3.45B
TSPA,T. Rowe Price U.S. Equity Research ETF,Equity,3.43B
NULG,Nuveen ESG Large-Cap Growth ETF,Equity,3.39B
SMMD,iShares Russell 2500 ETF,Equity,3.39B
XOP,State Street SPDR S&P Oil & Gas Exploration & Production ETF,Equity,3.37B
PTLC,Pacer Trendpilot US Large Cap ETF,Equity,3.36B
GCOW,Pacer Global Cash Cows Dividend ETF,Equity,3.35B
XSD,State Street SPDR S&P Semiconductor ETF,Equity,3.34B
FIXD,First Trust Smith Opportunistic Fixed Income ETF,Fixed Income,3.32B
SKYY,First Trust Cloud Computing ETF,Equity,3.31B
ACWV,iShares MSCI Global Min Vol Factor ETF,Equity,3.28B
KNG,FT Vest S&P 500 Dividend Aristocrats Target Income ETF,Alternatives,3.28B
UCON,First Trust Smith Unconstrained Bond ETF,Fixed Income,3.28B
VNLA,Janus Henderson Short Duration Income ETF,Fixed Income,3.28B
ILCG,iShares Morningstar Growth ETF,Equity,3.25B
USCA,Xtrackers MSCI USA Climate Action Equity ETF,Equity,3.25B
SPHD,Invesco S&P 500 High Dividend Low Volatility ETF,Equity,3.23B
FLXR,TCW Flexible Income ETF,Fixed Income,3.21B
ICLN,iShares Global Clean Energy ETF,Equity,3.21B
HGER,Harbor Commodity All-Weather Strategy ETF,Commodity,3.19B
AOA,iShares Core 80/20 Aggressive Allocation ETF,Asset Allocation,3.17B
RDVI,FT Vest Rising Dividend Achievers Target Income ETF,Alternatives,3.17B
XYLD,Global X S&P 500 Covered Call ETF,Equity,3.17B
CQQQ,Invesco China Technology ETF,Equity,3.16B
GSUS,Goldman Sachs MarketBeta U.S. Equity ETF,Equity,3.16B
DCOR,Dimensional US Core Equity 1 ETF,Equity,3.13B
IBDV,iShares iBonds Dec 2030 Term Corporate ETF,Fixed Income,3.12B
IYH,iShares U.S. Healthcare ETF,Equity,3.12B
TFI,State Street SPDR Nuveen ICE Municipal Bond ETF,Fixed Income,3.12B
ANGL,VanEck Fallen Angel High Yield Bond ETF,Fixed Income,3.09B
CGHM,Capital Group Municipal High-Income ETF,Fixed Income,3.07B
FNDC,Schwab Fundamental International Small Equity ETF,Equity,3.07B
NFRA,FlexShares STOXX Global Broad Infrastructure Index Fund,Equity,3.06B
VAW,Vanguard Materials ETF,Equity,3.06B
USD,ProShares Ultra Semiconductors,Equity,3.05B
FELV,Fidelity Enhanced Large Cap Value ETF,Equity,3.04B
REMX,VanEck Rare Earth and Strategic Metals ETF,Equity,3.01B
WTV,WisdomTree US Value Fund of Benef Interest,Equity,3.01B
IYY,iShares Dow Jones U.S. ETF,Equity,3.00B
MUNI,PIMCO Intermediate Municipal Bond Active Exchange-Traded Fund,Fixed Income,3.00B
USCL,iShares Climate Conscious & Transition MSCI USA ETF,Equity,3.00B
FHLC,Fidelity MSCI Health Care Index ETF,Equity,2.99B
IHI,iShares U.S. Medical Devices ETF,Equity,2.99B
KOMP,State Street SPDR S&P Kensho New Economies Composite ETF,Equity,2.97B
HYMB,State Street SPDR Nuveen ICE High Yield Municipal Bond ETF,Fixed Income,2.96B
BDYN,iShares Dynamic Equity Active ETF,Equity,2.94B
PXF,Invesco RAFI Developed Markets ex-U.S. ETF,Equity,2.94B
FLRN,State Street SPDR Bloomberg Investment Grade Floating Rate ETF,Fixed Income,2.92B
GLTR,abrdn Physical Precious Metals Basket Shares ETF,Commodity,2.92B
FLCB,Franklin U.S Core Bond ETF,Fixed Income,2.91B
FWD,AB Disruptors ETF,Equity,2.89B
XSMO,Invesco S&P SmallCap Momentum ETF,Equity,2.89B
VRP,Invesco Variable Rate Preferred ETF,Fixed Income,2.86B
NUGO,Nuveen Growth Opportunities ETF,Equity,2.85B
SNXX,Tradr 2X Long SNDK Daily ETF,Equity,2.85B
CLIP,Global X 1-3 Month T-Bill ETF,Fixed Income,2.83B
MDYG,State Street SPDR S&P 400 Mid Cap Growth ETF,Equity,2.83B
OUNZ,VanEck Merk Gold ETF,Commodity,2.82B
BSCT,Invesco BulletShares 2029 Corporate Bond ETF,Fixed Income,2.81B
CGGE,Capital Group Global Equity ETF,Equity,2.80B
AVSC,Avantis U.S Small Cap Equity ETF,Equity,2.79B
CGMM,Capital Group U.S. Small and Mid Cap ETF,Equity,2.79B
CWI,State Street SPDR MSCI ACWI ex-US ETF,Equity,2.79B
JIVE,JPMorgan International Value ETF,Equity,2.79B
SPYX,State Street SPDR S&P 500 Fossil Fuel Reserves Free ETF,Equity,2.78B
FLTW,Franklin FTSE Taiwan ETF,Equity,2.77B
AAAU,Goldman Sachs Physical Gold ETF,Commodity,2.76B
SECT,Main Sector Rotation ETF,Equity,2.76B
FLTR,VanEck IG Floating Rate ETF,Fixed Income,2.75B
SMTH,ALPS/SMITH Core Plus Bond ETF,Fixed Income,2.75B
SNPE,Xtrackers S&P 500 Scored & Screened ETF,Equity,2.75B
PRFZ,Invesco RAFI US 1500 Small-Mid ETF,Equity,2.72B
SPUS,SP Funds S&P 500 Sharia Industry Exclusions ETF,Equity,2.72B
BITB,Bitwise Bitcoin ETF Trust,Currency,2.71B
RING,iShares MSCI Global Gold Miners ETF,Equity,2.71B
JMEE,JPMorgan Small & Mid Cap Enhanced Equity ETF,Equity,2.69B
NULV,Nuveen ESG Large-Cap Value ETF,Equity,2.66B
QGRW,WisdomTree U.S. Quality Growth Fund,Equity,2.65B
IGLB,iShares 10+ Year Investment Grade Corporate Bond ETF,Fixed Income,2.64B
PSI,Invesco Semiconductors ETF,Equity,2.64B
UITB,VictoryShares Core Intermediate Bond ETF,Fixed Income,2.64B
VTEC,Vanguard California Tax-Exempt Bond ETF,Fixed Income,2.64B
FTGC,First Trust Global Tactical Commodity Strategy Fund,Commodity,2.63B
TMF,Direxion Daily 20+ Year Treasury Bull 3X ETF,Fixed Income,2.61B
EQWL,Invesco S&P 100 Equal Weight ETF,Equity,2.60B
IPAC,iShares Core MSCI Pacific ETF,Equity,2.59B
TDTT,FlexShares iBoxx 3 Year Target Duration TIPS Index Fund,Fixed Income,2.58B
DFGP,Dimensional Global Core Plus Fixed Income ETF,Fixed Income,2.57B
FBT,First Trust NYSE Arca Biotechnology Index Fund,Equity,2.57B
MDYV,State Street SPDR S&P 400 Mid Cap Value ETF,Equity,2.57B
ITB,iShares U.S. Home Construction ETF,Equity,2.56B
APUE,ActivePassive U.S. Equity ETF,Equity,2.54B
BSCU,Invesco BulletShares 2030 Corporate Bond ETF,Fixed Income,2.54B
SCYB,Schwab High Yield Bond ETF,Fixed Income,2.54B
FLIN,Franklin FTSE India ETF,Equity,2.53B
DIVI,Franklin International Core Dividend Tilt Index Fund,Equity,2.52B
IXC,iShares Global Energy ETF,Equity,2.52B
PABU,iShares Paris-Aligned Climate Optimized MSCI USA ETF,Equity,2.52B
TBLL,Invesco Short Term Treasury ETF,Fixed Income,2.52B
FTXL,First Trust Nasdaq Semiconductor ETF,Equity,2.51B
PFXF,VanEck Preferred Securities ex Financials ETF,Fixed Income,2.51B
BCI,abrdn Bloomberg All Commodity Strategy K-1 Free ETF,Commodity,2.50B
GARP,iShares MSCI USA Quality GARP ETF,Equity,2.49B
BALT,Innovator Defined Wealth Shield ETF,Alternatives,2.46B
FTCB,First Trust Core Investment Grade ETF,Fixed Income,2.46B
ARKB,ARK 21Shares Bitcoin ETF,Currency,2.43B
FSMD,Fidelity Small-Mid Multifactor ETF,Equity,2.43B
ESML,iShares ESG Aware MSCI USA Small-Cap ETF,Equity,2.41B
JMOM,JPMorgan U.S. Momentum Factor ETF,Equity,2.40B
BHYB,Xtrackers USD High Yield BB-B ex Financials ETF,Fixed Income,2.39B
IBDW,iShares iBonds Dec 2031 Term Corporate ETF,Fixed Income,2.39B
ACIO,Aptus Collared Investment Opportunity ETF,Equity,2.38B
PFFA,Virtus InfraCap U.S. Preferred Stock ETF,Fixed Income,2.38B
GUSA,Goldman Sachs MarketBeta U.S. 1000 Equity ETF,Equity,2.37B
OIH,VanEck Oil Services ETF,Equity,2.37B
TMSL,T. Rowe Price Small-Mid Cap ETF,Equity,2.37B
ARKQ,ARK Autonomous Technology & Robotics ETF,Equity,2.36B
CGNG,Capital Group New Geography Equity ETF,Equity,2.36B
IYT,iShares US Transportation ETF,Equity,2.36B
FUTY,Fidelity MSCI Utilities Index ETF,Equity,2.35B
SLQD,iShares 0-5 Year Investment Grade Corporate Bond ETF,Fixed Income,2.35B
FTLS,First Trust Long/Short Equity ETF,Alternatives,2.34B
PPLT,abrdn Physical Platinum Shares ETF,Commodity,2.34B
COWG,Pacer US Large Cap Cash Cows Growth Leaders ETF,Equity,2.32B
KLMN,Invesco MSCI North America Climate ETF,Equity,2.32B
GTO,Invesco Total Return Bond ETF,Fixed Income,2.31B
FTSL,First Trust Senior Loan Fund,Fixed Income,2.30B
IBTG,iShares iBonds Dec 2026 Term Treasury ETF,Fixed Income,2.30B
CGSD,Capital Group Short Duration Income ETF,Fixed Income,2.29B
QDF,FlexShares Quality Dividend Index Fund,Equity,2.29B
TAN,Invesco Solar ETF,Equity,2.29B
JHCR,John Hancock Core Bond ETF,Fixed Income,2.28B
BSVO,EA Bridgeway Omni Small-Cap Value ETF,Equity,2.27B
EBND,State Street SPDR Bloomberg Emerging Markets Local Bond ETF,Fixed Income,2.27B
SCHY,Schwab International Dividend Equity ETF,Equity,2.27B
FTHI,First Trust BuyWrite Income ETF,Equity,2.26B
HIMU,iShares High Yield Muni Active ETF,Fixed Income,2.25B
SOXQ,Invesco PHLX Semiconductor ETF,Equity,2.25B
CGIE,Capital Group International Equity ETF,Equity,2.24B
HTRB,Hartford Total Return Bond ETF,Fixed Income,2.24B
TCHP,T. Rowe Price Blue Chip Growth ETF,Equity,2.24B
XSOE,WisdomTree Emerging Markets ex-State-Owned Enterprises Fund,Equity,2.24B
HDEF,Xtrackers MSCI EAFE High Dividend Yield Equity ETF,Equity,2.23B
IWL,iShares Russell Top 200 ETF,Equity,2.23B
SQQQ,ProShares UltraPro Short QQQ,Equity,2.23B
LIT,Global X Lithium & Battery Tech ETF,Equity,2.22B
XNTK,State Street SPDR NYSE Technology ETF,Equity,2.22B
IHDG,WisdomTree International Hedged Quality Dividend Growth Fund,Equity,2.21B
JPHY,JPMorgan Active High Yield ETF,Fixed Income,2.21B
QGRO,American Century U.S. Quality Growth ETF,Equity,2.21B
URNM,Sprott Uranium Miners ETF,Equity,2.21B
TILT,FlexShares Morningstar US Market Factor Tilt Index Fund,Equity,2.20B
IBTH,iShares iBonds Dec 2027 Term Treasury ETF,Fixed Income,2.19B
SPGP,Invesco S&P 500 GARP ETF,Equity,2.19B
DFSU,Dimensional US Sustainability Core 1 ETF,Equity,2.18B
ITM,VanEck Intermediate Muni ETF,Fixed Income,2.18B
PICK,iShares MSCI Global Metals & Mining Producers ETF,Equity,2.18B
PWB,Invesco Large Cap Growth ETF,Equity,2.18B
EPI,WisdomTree India Earnings Fund,Equity,2.17B
FNCL,Fidelity MSCI Financials Index ETF,Equity,2.17B
PFFD,Global X U.S. Preferred ETF,Fixed Income,2.17B
USTB,VictoryShares Short-Term Bond ETF,Fixed Income,2.17B
CLOA,iShares AAA CLO Active ETF,Fixed Income,2.15B
DFNM,Dimensional National Municipal Bond ETF,Fixed Income,2.14B
DTCR,Global X Data Center And Digital Infrastructure ETF,Equity,2.14B
PSC,Principal U.S. Small-Cap ETF,Equity,2.14B
BKAG,BNY Mellon Core Bond ETF,Fixed Income,2.13B
RPG,Invesco S&P 500 Pure Growth ETF,Equity,2.13B
BGIG,Bahl & Gaynor Income Growth ETF,Equity,2.12B
EPP,iShares MSCI Pacific ex-Japan ETF,Equity,2.11B
TMFC,Motley Fool 100 Index ETF,Equity,2.11B
BBMC,JPMorgan BetaBuilders U.S. Mid Cap Equity ETF,Equity,2.10B
FIDU,Fidelity MSCI Industrial Index ETF,Equity,2.10B
FLMI,Franklin Dynamic Municipal Bond ETF,Fixed Income,2.10B
MLPA,Global X MLP ETF,Equity,2.10B
DUSB,Dimensional Ultrashort Fixed Income ETF,Fixed Income,2.09B
DES,WisdomTree U.S. SmallCap Dividend Fund,Equity,2.08B
FAS,Direxion Daily Financial Bull 3X ETF,Equity,2.08B
CHAT,Roundhill Generative AI & Technology ETF,Equity,2.06B
ICF,iShares Select U.S. REIT ETF,Equity,2.05B
XCEM,Columbia EM Core ex-China ETF,Equity,2.04B
FMB,First Trust Managed Municipal ETF,Fixed Income,2.03B
FLQL,Franklin U.S. Large Cap Multifactor Index ETF,Equity,2.02B
PXH,Invesco RAFI Emerging Markets ETF,Equity,2.02B
ROBO,ROBO Global Robotics & Automation Index ETF,Equity,2.02B
XOVR,ERShares Private-Public Crossover ETF,Equity,2.02B
DFEV,Dimensional Emerging Markets Value ETF,Equity,2.01B
JPIB,JPMorgan International Bond Opportunities Fund,Fixed Income,2.01B
SFLR,Innovator Equity Managed Floor ETF,Alternatives,2.01B
VTES,Vanguard Short-Term Tax Exempt Bond ETF,Fixed Income,1.99B
PHO,Invesco Water Resources ETF,Equity,1.98B
USPX,Franklin U.S. Equity Index ETF,Equity,1.98B
EWW,iShares MSCI Mexico ETF,Equity,1.97B
SPBO,State Street SPDR Portfolio Corporate Bond ETF,Fixed Income,1.97B
TLTW,iShares 20+ Year Treasury Bond BuyWrite Strategy ETF,Fixed Income,1.97B
JPEF,JPMorgan Equity Focus ETF,Equity,1.96B
DBC,Invesco DB Commodity Index Tracking Fund,Commodity,1.93B
FEGE,First Eagle Global Equity ETF,Equity,1.93B
EMGF,iShares Emerging Markets Equity Factor ETF,Equity,1.92B
XHLF,BondBloxx Bloomberg Six Month Target Duration US Treasury ETF,Fixed Income,1.92B
ASHR,Xtrackers Harvest CSI 300 China A-Shares ETF,Equity,1.91B
TAGG,T. Rowe Price QM U.S. Bond ETF,Fixed Income,1.91B
TIPX,State Street SPDR Bloomberg 1-10 Year TIPS ETF,Fixed Income,1.91B
FENY,Fidelity MSCI Energy Index ETF,Equity,1.90B
IYG,iShares US Financial Services ETF,Equity,1.90B
KORU,Direxion Daily MSCI South Korea Bull 3X ETF,Equity,1.89B
UBND,VictoryShares Core Plus Bond ETF,Fixed Income,1.89B
BNDW,Vanguard Total World Bond ETF,Fixed Income,1.88B
BUFD,FT Vest Laddered Deep Buffer ETF,Alternatives,1.88B
FPEI,First Trust Institutional Preferred Securities & Income ETF,Fixed Income,1.88B
AGQ,ProShares Ultra Silver,Commodity,1.87B
AVIG,Avantis Core Fixed Income ETF,Fixed Income,1.87B
RWJ,Invesco S&P SmallCap 600 Revenue ETF,Equity,1.87B
CGIC,Capital Group International Core Equity ETF,Equity,1.85B
DSTL,Distillate US Fundamental Stability & Value ETF,Equity,1.85B
ICOW,Pacer Developed Markets International Cash Cows 100 ETF,Equity,1.85B
HEDJ,WisdomTree Europe Hedged Equity Fund,Equity,1.84B
VFMO,Vanguard U.S. Momentum Factor ETF,Equity,1.84B
ARKW,ARK Next Generation Internet ETF,Equity,1.83B
DGS,WisdomTree Emerging Markets SmallCap Dividend Fund,Equity,1.83B
FCOM,Fidelity MSCI Communication Services Index ETF,Equity,1.83B
SOXS,Direxion Daily Semiconductor Bear 3X ETF,Equity,1.83B
RPV,Invesco S&P 500 Pure Value ETF,Equity,1.82B
QQEW,First Trust Nasdaq-100 Select Equal Weight ETF,Equity,1.81B
ETH,Grayscale Ethereum Staking Mini ETF,Currency,1.80B
FDIS,Fidelity MSCI Consumer Discretionary Index ETF,Equity,1.80B
RWR,State Street SPDR Dow Jones REIT ETF,Equity,1.80B
BMOP,BNY Mellon Municipal Opportunities ETF,Fixed Income,1.79B
AVIV,Avantis International Large Cap Value ETF,Equity,1.78B
IYJ,iShares U.S. Industrials ETF,Equity,1.78B
VIOV,Vanguard S&P Small-Cap 600 Value ETF,Equity,1.78B
AOM,iShares Core 40/60 Moderate Allocation ETF,Asset Allocation,1.77B
GSEW,Goldman Sachs Equal Weight U.S. Large Cap Equity ETF,Equity,1.77B
ILOW,AB International Low Volatility Equity ETF,Equity,1.77B
FIW,First Trust Water ETF,Equity,1.76B
IEV,iShares Europe ETF,Equity,1.76B
CGCV,Capital Group Conservative Equity ETF,Equity,1.75B
VTC,Vanguard Total Corporate Bond ETF,Fixed Income,1.75B
EUSA,iShares MSCI USA Equal Weighted ETF,Equity,1.74B
HFXI,NYLI FTSE International Equity Currency Neutral ETF,Equity,1.74B
HACK,Amplify Cybersecurity ETF,Equity,1.73B
JEMA,JPMorgan ActiveBuilders Emerging Markets Equity ETF,Equity,1.73B
PREF,Principal Spectrum Preferred Secs Active ETF,Fixed Income,1.73B
BDVL,iShares Disciplined Volatility Equity Active ETF Trust Unit,Equity,1.72B
BKMI,BNY Mellon Municipal Intermediate ETF,Fixed Income,1.72B
GSWO,Goldman Sachs ActiveBeta World Equity ETF,Equity,1.72B
DFAR,Dimensional US Real Estate ETF,Equity,1.71B
FXL,First Trust Technology AlphaDEX Fund,Equity,1.71B
IBTI,iShares iBonds Dec 2028 Term Treasury ETF,Fixed Income,1.71B
USO,United States Oil Fund LP,Commodity,1.71B
BITO,ProShares Bitcoin ETF,Currency,1.70B
EWL,iShares MSCI Switzerland ETF,Equity,1.70B
GEM,Goldman Sachs ActiveBeta Emerging Markets Equity ETF,Equity,1.70B
EWP,iShares MSCI Spain ETF,Equity,1.69B
REGL,ProShares S&P MidCap 400 Dividend Aristocrats ETF,Equity,1.68B
BSCV,Invesco BulletShares 2031 Corporate Bond ETF,Fixed Income,1.67B
HYS,PIMCO 0-5 Year High Yield Corporate Bond Index Exchange-Traded Fund,Fixed Income,1.67B
SPGM,State Street SPDR Portfolio MSCI Global Stock Market ETF,Equity,1.67B
IBDX,iShares iBonds Dec 2032 Term Corporate ETF,Fixed Income,1.66B
NHYB,Nuveen High Yield Corporate Bond ETF,Fixed Income,1.66B
BAFE,Brown Advisory Flexible Equity ETF,Equity,1.65B
FALN,iShares Fallen Angels USD Bond ETF,Fixed Income,1.65B
HYLS,First Trust Tactical High Yield ETF,Fixed Income,1.65B
QDPL,Pacer Metaurus US Large Cap Dividend Multiplier 400 ETF,Equity,1.65B
AMDL,GraniteShares 2x Long AMD Daily ETF,Equity,1.64B
IVOG,Vanguard S&P Mid-Cap 400 Growth ETF,Equity,1.64B
HYDB,iShares High Yield Systematic Bond ETF,Fixed Income,1.63B
QVML,Invesco S&P 500 QVM Multi-factor ETF,Equity,1.63B
CORP,PIMCO Investment Grade Corporate Bond Index ETF,Fixed Income,1.62B
FLDR,Fidelity Low Duration Bond Factor ETF,Fixed Income,1.62B
LMUB,iShares Long-Term National Muni Bond ETF,Fixed Income,1.62B
VCRM,Vanguard Core Tax-Exempt Bond ETF,Fixed Income,1.62B
IYE,iShares U.S. Energy ETF,Equity,1.61B
PKW,Invesco Buyback Achievers ETF,Equity,1.61B
DTD,WisdomTree U.S. Total Dividend Fund,Equity,1.60B
USVM,VictoryShares US Small Mid Cap Value Momentum ETF,Equity,1.60B
DFGX,Dimensional International Core Fixed Income ETF,Fixed Income,1.59B
ETHE,Grayscale Ethereum Staking ETF,Currency,1.59B
INFL,Horizon Kinetics Inflation Beneficiaries ETF,Equity,1.59B
IMCB,iShares Morningstar Mid-Cap ETF,Equity,1.58B
RONB,Baron First Principles ETF,Equity,1.58B
XHB,State Street SPDR S&P Homebuilders ETF,Equity,1.58B
BIZD,VanEck BDC Income ETF,Equity,1.57B
IYK,iShares U.S. Consumer Staples ETF,Equity,1.57B
MTBA,Simplify MBS ETF,Fixed Income,1.57B
NUSC,Nuveen ESG Small-Cap ETF,Equity,1.57B
VPLS,Vanguard Core Plus Bond ETF,Fixed Income,1.57B
EPS,WisdomTree U.S. LargeCap Fund,Equity,1.56B
FEX,First Trust Large Cap Core AlphaDEX Fund,Equity,1.56B
CTA,Simplify Managed Futures Strategy ETF,Alternatives,1.55B
DRSK,Aptus Defined Risk ETF,Asset Allocation,1.55B
INCM,Franklin Income Focus ETF Income Focus ETF,Asset Allocation,1.55B
PDP,Invesco Dorsey Wright Momentum ETF,Equity,1.55B
FLQM,Franklin U.S. Mid Cap Multifactor Index ETF,Equity,1.54B
FSIG,First Trust Limited Duration Investment Grade Corporate ETF,Fixed Income,1.54B
KLMT,Invesco MSCI Global Climate 500 ETF,Equity,1.54B
RODM,Hartford Multifactor Developed Markets (ex-US) ETF,Equity,1.54B
BAR,GraniteShares Gold Shares,Commodity,1.53B
VRIG,Invesco Variable Rate Investment Grade ETF,Fixed Income,1.53B
ALLW,State Street Bridgewater All Weather ETF,Asset Allocation,1.52B
GSST,Goldman Sachs Ultra Short Bond ETF,Fixed Income,1.52B
JSI,Janus Henderson Securitized Income ETF,Fixed Income,1.52B
PJAN,Innovator U.S. Equity Power Buffer ETF - January,Alternatives,1.52B
QUS,State Street SPDR MSCI USA StrategicFactors ETF,Equity,1.52B
UYLD,Angel Oak UltraShort Income ETF,Fixed Income,1.52B
BKDV,BNY Mellon Dynamic Value ETF,Equity,1.51B
LCTU,iShares U.S. Carbon Transition Readiness Aware Active ETF,Equity,1.50B
PWV,Invesco Large Cap Value ETF,Equity,1.50B
USXF,iShares ESG Advanced MSCI USA ETF,Equity,1.50B
FPX,First Trust US Equity Opportunities ETF,Equity,1.49B
RSSL,Global X Russell 2000 ETF,Equity,1.49B
BUFQ,FT Vest Laddered Nasdaq Buffer ETF,Alternatives,1.48B
BWX,State Street SPDR Bloomberg International Treasury Bond ETF,Fixed Income,1.48B
DHS,WisdomTree U.S. High Dividend Fund,Equity,1.48B
SCO,ProShares UltraShort Bloomberg Crude Oil,Commodity,1.48B
TOUS,T. Rowe Price International Equity ETF,Equity,1.48B
DIVB,iShares Core Dividend ETF,Equity,1.47B
EWG,iShares MSCI Germany ETF,Equity,1.47B
JSCP,JPMorgan Short Duration Core Plus ETF,Fixed Income,1.47B
VTWG,Vanguard Russell 2000 Growth ETF,Equity,1.47B
AVES,Avantis Emerging Markets Value ETF,Equity,1.46B
EWA,iShares MSCI Australia ETF,Equity,1.46B
SEIV,SEI Enhanced U.S. Large Cap Value Factor ETF,Equity,1.46B
YEAR,AB Ultra Short Income ETF,Fixed Income,1.46B
FGD,First Trust Dow Jones Global Select Dividend Index Fund,Equity,1.45B
MMIT,NYLI MacKay Muni Intermediate ETF,Fixed Income,1.45B
NVDY,YieldMax NVDA Option Income Strategy ETF,Equity,1.45B
QLTA,iShares Aaa-A Rated Corporate Bond ETF,Fixed Income,1.45B
VTEI,Vanguard Intermediate-Term Tax-Exempt Bond ETF,Fixed Income,1.45B
BSCW,Invesco BulletShares 2032 Corporate Bond ETF,Fixed Income,1.44B
IWC,iShares Micro-Cap ETF,Equity,1.44B
SEIM,SEI Enhanced U.S. Large Cap Momentum Factor ETF,Equity,1.44B
BLOK,Amplify Blockchain Technology ETF,Equity,1.43B
DDWM,WisdomTree Dynamic International Equity Fund,Equity,1.43B
IAI,iShares U.S. Broker-Dealers & Securities Exchanges ETF,Equity,1.43B
TNA,Direxion Daily Small Cap Bull 3X ETF,Equity,1.43B
FDLO,Fidelity Low Volatility Factor ETF,Equity,1.42B
FQAL,Fidelity Quality Factor ETF,Equity,1.42B
IDU,iShares U.S. Utilities ETF,Equity,1.42B
PWRD,TCW Transform Systems ETF,Equity,1.42B
ROM,ProShares Ultra Technology,Equity,1.42B
SUSC,iShares ESG Aware USD Corporate Bond ETF,Fixed Income,1.42B
FREL,Fidelity MSCI Real Estate Index ETF,Equity,1.41B
IYM,iShares U.S. Basic Materials ETF,Equity,1.41B
DBA,Invesco DB Agriculture Fund,Commodity,1.40B
ZROZ,PIMCO 25+ Year Zero Coupon US Treasury Index Exchange-Traded Fund,Fixed Income,1.40B
DFAW,Dimensional World Equity ETF,Equity,1.39B
FJAN,FT Vest US Equity Buffer ETF - January,Alternatives,1.39B
NTSX,WisdomTree U.S. Efficient Core Fund,Asset Allocation,1.39B
PCY,Invesco Emerging Markets Sovereign Debt ETF,Fixed Income,1.39B
PIEQ,Principal International Equity ETF,Equity,1.39B
RAVI,FlexShares Ultra-Short Income Fund,Fixed Income,1.39B
EQL,Alps Equal Sector Weight ETF,Equity,1.38B
EQTY,Kovitz Core Equity ETF,Equity,1.38B
FDEC,FT Vest US Equity Buffer ETF - December,Alternatives,1.38B
MEAR,iShares Short Maturity Municipal Bond Active ETF,Fixed Income,1.38B
SDOG,ALPS Sector Dividend Dogs ETF,Equity,1.38B
SMIG,Bahl & Gaynor Small/Mid Cap Income Growth ETF,Equity,1.38B
FSTA,Fidelity MSCI Consumer Staples Index ETF,Equity,1.37B
IGOV,iShares International Treasury Bond ETF,Fixed Income,1.37B
KBE,State Street SPDR S&P Bank ETF,Equity,1.37B
EXI,iShares Global Industrials ETF,Equity,1.36B
IGEB,iShares Investment Grade Systematic Bond ETF,Fixed Income,1.36B
LDUR,PIMCO Enhanced Low Duration Active ETF,Fixed Income,1.36B
EEMA,iShares MSCI Emerging Markets Asia ETF,Equity,1.35B
EVLN,Eaton Vance Floating-Rate ETF,Fixed Income,1.35B
FFEB,FT Vest U.S. Equity Buffer Fund - February,Alternatives,1.35B
FTC,First Trust Large Cap Growth AlphaDEX Fund,Equity,1.35B
IDEQ,Lazard International Dynamic Equity ETF,Equity,1.35B
QQQE,Direxion NASDAQ-100 Equal Weighted Index ETF,Equity,1.35B
FDT,First Trust Developed Markets ex-US AlphaDEX Fund,Equity,1.34B
FEOE,First Eagle Overseas Equity ETF,Equity,1.34B
FNX,First Trust Mid Cap Core AlphaDEX Fund,Equity,1.34B
JFLX,JPMorgan Flexible Debt ETF,Fixed Income,1.34B
PMBS,PIMCO Mortgage-Backed Securities Active Exchange-Traded Fund,Fixed Income,1.34B
PTNQ,Pacer Trendpilot 100 ETF,Equity,1.34B
RYLD,Global X Russell 2000 Covered Call ETF,Equity,1.34B
TDVG,T. Rowe Price Dividend Growth ETF,Equity,1.34B
CLOI,VanEck CLO ETF,Fixed Income,1.33B
FNDB,Schwab Fundamental U.S. Broad Market ETF,Equity,1.32B
IVES,Dan IVES Wedbush AI Revolution ETF,Equity,1.32B
NYF,iShares New York Muni Bond ETF,Fixed Income,1.32B
UFO,Procure Space ETF,Equity,1.32B
UTES,Virtus Reaves Utilities ETF,Equity,1.32B
ARKG,ARK Genomic Revolution ETF,Equity,1.31B
FTA,First Trust Large Cap Value AlphaDEX Fund,Equity,1.31B
DVYE,iShares Emerging Markets Dividend ETF,Equity,1.30B
ISPY,ProShares S&P 500 High Income ETF,Equity,1.30B
NYM,AB New York Intermediate Municipal ETF,Fixed Income,1.30B
PHYL,PGIM Active High Yield Bond ETF,Fixed Income,1.30B
CSHI,NEOS Enhanced Income 1-3 Month T-Bill ETF,Fixed Income,1.29B
FSEP,FT Vest U.S. Equity Buffer ETF - September,Alternatives,1.29B
MSTY,YieldMax MSTR Option Income Strategy ETF,Equity,1.29B
UNIY,WisdomTree Voya Yield Enhanced USD Universal Bond Fund ETF,Fixed Income,1.29B
FFSM,Fidelity Fundamental Small-Mid Cap ETF,Equity,1.28B
FTGS,First Trust Growth Strength ETF,Equity,1.28B
FVAL,Fidelity Value Factor ETF,Equity,1.28B
GGLL,Direxion Daily GOOGL Bull 2X ETF,Equity,1.28B
ILCB,iShares Morningstar U.S. Equity ETF,Equity,1.28B
IVOV,Vanguard S&P Mid-Cap 400 Value ETF,Equity,1.28B
CATH,Global X S&P 500 Catholic Values Custom ETF,Equity,1.27B
FYX,First Trust Small Cap Core Alphadex Fund,Equity,1.27B
ILCV,iShares Morningstar Value ETF,Equity,1.27B
TGRT,T. Rowe Price Growth ETF,Equity,1.27B
AVLC,Avantis U.S. Large Cap Equity ETF,Equity,1.26B
EDIV,State Street SPDR S&P Emerging Markets Dividend ETF,Equity,1.26B
FNOV,FT Vest U.S. Equity Buffer ETF - November,Alternatives,1.26B
TAFI,AB Tax-Aware Short Duration Municipal ETF,Fixed Income,1.26B
EVSD,Eaton Vance Short Duration Income ETF,Fixed Income,1.25B
FXN,First Trust Energy AlphaDEX Fund,Equity,1.25B
IDVO,Amplify CWP International Enhanced Dividend Income ETF,Equity,1.25B
IGRO,iShares International Dividend Growth ETF,Equity,1.25B
LRGC,AB US Large Cap Strategic Equities ETF,Equity,1.25B
SDIV,Global X Superdividend ETF,Equity,1.25B
SPLB,State Street SPDR Portfolio Long Term Corporate Bond ETF,Fixed Income,1.25B
BKIE,BNY Mellon International Equity ETF,Equity,1.24B
BTCI,NEOS Bitcoin High Income ETF,Currency,1.24B
EUAD,Select STOXX Europe Aerospace & Defense ETF,Equity,1.24B
IBTJ,iShares iBonds Dec 2029 Term Treasury ETF,Fixed Income,1.24B
RWK,Invesco S&P MidCap 400 Revenue ETF,Equity,1.24B
BBRE,JPMorgan BetaBuilders MSCI US REIT ETF,Equity,1.23B
VCEB,Vanguard ESG U.S. Corporate Bond ETF,Fixed Income,1.23B
CARY,Angel Oak Income ETF,Fixed Income,1.22B
FMAY,FT Vest U.S. Equity Buffer Fund - May,Alternatives,1.22B
HODL,VanEck Bitcoin ETF,Currency,1.22B
MULL,GraniteShares 2x Long MU Daily ETF,Equity,1.22B
RLY,State Street Multi-Asset Real Return ETF,Alternatives,1.22B
BALI,iShares U.S. Large Cap Premium Income Active ETF,Equity,1.21B
BUYW,Main BuyWrite ETF,Equity,1.21B
FOCT,FT Vest U.S. Equity Buffer ETF - October,Alternatives,1.21B
IGPT,Invesco AI and Next Gen Software ETF,Equity,1.21B
RWO,State Street SPDR Dow Jones Global Real Estate ETF,Equity,1.21B
CGSM,Capital Group Short Duration Municipal Income ETF,Fixed Income,1.20B
IYC,iShares U.S. Consumer Discretionary ETF,Equity,1.20B
JBBB,Janus Henderson B-BBB CLO ETF,Fixed Income,1.20B
SUSB,iShares ESG Aware 1-5 Year USD Corporate Bond ETF,Fixed Income,1.20B
VTWV,Vanguard Russell 2000 Value ETF,Equity,1.20B
DUSA,Davis Select U.S. Equity ETF,Equity,1.18B
FAUG,FT Vest U.S. Equity Buffer ETF - August,Alternatives,1.18B
GOVI,Invesco Equal Weight 0-30 Year Treasury ETF,Fixed Income,1.18B
BUG,Global X Cybersecurity ETF,Equity,1.17B
FFLC,Fidelity Fundamental Large Cap Core ETF,Equity,1.17B
FJUL,FT Vest U.S. Equity Buffer ETF - July,Alternatives,1.17B
FJUN,FT Vest U.S. Equity Buffer ETF - June,Alternatives,1.17B
FMAR,FT Vest US Equity Buffer ETF - March,Alternatives,1.17B
WINN,Harbor Long-Term Growers ETF,Equity,1.17B
CAM,AB California Intermediate Municipal ETF,Fixed Income,1.16B
FLHY,Franklin High Yield Corporate ETF,Fixed Income,1.16B
JHML,John Hancock Multifactor Large Cap ETF,Equity,1.16B
COMT,iShares U.S. ETF Trust iShares GSCI Commodity Dynamic Roll Strategy ETF,Commodity,1.15B
IQDF,FlexShares International Quality Dividend Index Fund,Equity,1.15B
QEFA,State Street SPDR MSCI EAFE StrategicFactors ETF,Equity,1.15B
SFGV,Sequoia Global Value ETF,Equity,1.15B
DMXF,iShares ESG Advanced MSCI EAFE ETF,Equity,1.14B
FAPR,FT Vest U.S. Equity Buffer ETF - April,Alternatives,1.14B
FYC,First Trust Small Cap Growth AlphaDEX Fund,Equity,1.14B
IBDY,iShares iBonds Dec 2033 Term Corporate ETF,Fixed Income,1.14B
TBUX,T. Rowe Price Ultra Short-Term Bond ETF,Fixed Income,1.14B
CRBN,iShares Low Carbon Optimized MSCI ACWI ETF,Equity,1.13B
PWZ,Invesco California AMT-Free Municipal Bond ETF,Fixed Income,1.13B
STRV,Strive 500 ETF,Equity,1.13B
ARKX,ARK Space & Defense Innovation ETF,Equity,1.11B
BBAG,JPMorgan BetaBuilders U.S. Aggregate Bond ETF,Fixed Income,1.11B
DFIP,Dimensional Inflation-Protected Securities ETF,Fixed Income,1.11B
IYZ,iShares U.S. Telecommunications ETF,Equity,1.11B
LGLV,State Street SPDR US Large Cap Low Volatility Index ETF,Equity,1.11B
SMMU,PIMCO Short Term Municipal Bond Active ETF,Fixed Income,1.11B
HYGV,FlexShares High Yield Value-Scored Bond Index Fund,Fixed Income,1.10B
SEIE,SEI Select International Equity ETF,Equity,1.10B
BILZ,PIMCO Ultra Short Government Active Exchange-Traded Fund,Fixed Income,1.09B
DFSI,Dimensional International Sustainability Core 1 ETF,Equity,1.09B
DLS,WisdomTree International SmallCap Dividend Fund,Equity,1.09B
FLKR,Franklin FTSE South Korea ETF,Equity,1.09B
MFSI,MFS Active International ETF,Equity,1.09B
UFOX,Defiance Connective Technologies ETF,Equity,1.09B
VOTE,TCW Transform 500 ETF,Equity,1.09B
EFIV,State Street SPDR S&P 500 ESG ETF,Equity,1.08B
EWH,iShares MSCI Hong Kong ETF,Equity,1.08B
RDIV,Invesco S&P Ultra Dividend Revenue ETF,Equity,1.08B
BAB,Invesco Taxable Municipal Bond ETF,Fixed Income,1.07B
BKGI,BNY Mellon Global Infrastructure Income ETF,Equity,1.07B
FTXR,First Trust Nasdaq Transportation ETF,Equity,1.07B
NBSD,Neuberger Short Duration Income ETF,Fixed Income,1.07B
PEY,Invesco High Yield Equity Dividend Achievers ETF,Equity,1.07B
XAGG,Eaton Vance Income Opportunities ETF,Fixed Income,1.07B
BUFC,AB Conservative Buffer ETF,Alternatives,1.06B
CERY,State Street SPDR Bloomberg Enhanced Roll Yield Commodity Strategy No K-1 ETF,Commodity,1.06B
ECH,iShares MSCI Chile ETF,Equity,1.06B
NUGT,Direxion Daily Gold Miners Index Bull 2X ETF,Equity,1.06B
OAKM,Oakmark U.S. Large Cap ETF,Equity,1.06B
CHPY,YieldMax Semiconductor Portfolio Option Income ETF,Equity,1.05B
EIPI,FT Energy Income Partners Enhanced Income ETF,Equity,1.05B
GSID,Marketbeta INTL Equity ETF,Equity,1.05B
HAUZ,Xtrackers International Real Estate ETF,Equity,1.05B
IMCV,iShares Morningstar Mid-Cap Value ETF,Equity,1.05B
QQQJ,Invesco NASDAQ Next Gen 100 ETF,Equity,1.05B
SPHB,Invesco S&P 500 High Beta ETF,Equity,1.05B
TGRW,T. Rowe Price Growth Stock ETF,Equity,1.05B
APIE,ActivePassive International Equity ETF,Equity,1.04B
BSJQ,Invesco BulletShares 2026 High Yield Corp Bond ETF,Fixed Income,1.04B
GSG,iShares S&P GSCI Commodity Indexed Trust,Commodity,1.04B
JSMD,Janus Henderson Small/Mid Cap Growth Alpha ETF,Equity,1.04B
BITX,2x Bitcoin Strategy ETF,Currency,1.03B
BSCX,Invesco BulletShares 2033 Corporate Bond ETF,Fixed Income,1.03B
DGCB,Dimensional Global Credit ETF,Fixed Income,1.03B
EIS,iShares MSCI Israel ETF,Equity,1.03B
JHEM,John Hancock Multifactor Emerging Markets ETF,Equity,1.03B
PDEC,Innovator U.S. Equity Power Buffer ETF - December,Alternatives,1.03B
TDTF,FlexShares iBoxx 5 Year Target Duration TIPS Index Fund,Fixed Income,1.03B
EMCS,Xtrackers MSCI Emerging Markets Climate Selection ETF,Equity,1.02B
MSOS,AdvisorShares Pure US Cannabis ETF,Equity,1.02B
POCT,Innovator U.S. Equity Power Buffer ETF - October,Alternatives,1.02B
SPIP,State Street SPDR Portfolio TIPS ETF,Fixed Income,1.02B
FLGV,Franklin U.S. Treasury Bond ETF,Fixed Income,1.01B
FXO,First Trust Financials AlphaDEX Fund,Equity,1.01B
MODL,VictoryShares WestEnd U.S. Sector ETF,Equity,1.01B
MSFU,Direxion Daily MSFT Bull 2X ETF,Equity,1.01B
RSPN,Invesco S&P 500 Equal Weight Industrials ETF,Equity,1.01B
KXI,iShares Global Consumer Staples ETF,Equity,1.00B
PJUL,Innovator U.S. Equity Power Buffer ETF - July,Alternatives,1.00B
VIOG,Vanguard S&P Small-Cap 600 Growth ETF,Equity,1.00B
SLVP,iShares MSCI Global Silver Miners ETF,Equity,999.44M
CGW,Invesco S&P Global Water Index ETF,Equity,996.30M
QAI,NYLI Hedge Multi-Strategy Tracker ETF,Alternatives,994.96M
FETH,Fidelity Ethereum Fund ETF,Currency,994.18M
XLSR,State Street US Sector Rotation ETF,Equity,993.59M
IMFL,Invesco International Developed Dynamic Multifactor ETF,Equity,991.45M
XTEN,BondBloxx Bloomberg Ten Year Target Duration US Treasury ETF,Fixed Income,989.09M
AVGE,Avantis All Equity Markets ETF,Equity,988.90M
PTRB,PGIM Total Return Bond ETF,Fixed Income,987.40M
GSSC,TR Activebeta US Small Cap Equity ETF,Equity,986.19M
VGUS,Vanguard Ultra-Short Treasury ETF,Fixed Income,985.60M
GIGB,Goldman Sachs Access Investment Grade Corporate Bond ETF,Fixed Income,982.18M
SH,ProShares Short S&P500,Equity,981.01M
FMHI,First Trust Municipal High Income ETF,Fixed Income,975.52M
QLC,FlexShares US Quality Large Cap Index Fund,Equity,970.22M
RAAX,VanEck Real Assets ETF,Asset Allocation,969.68M
CAIE,Calamos Autocallable Income ETF,Alternatives,968.67M
ISCG,iShares Morningstar Small-Cap Growth ETF,Equity,965.03M
GII,State Street SPDR S&P Global Infrastructure ETF,Equity,964.81M
BUFZ,FT Vest Laddered Moderate Buffer ETF,Alternatives,961.22M
PAPR,Innovator U.S. Equity Power Buffer ETF - April,Alternatives,956.39M
IHF,iShares U.S. Healthcare Providers ETF,Equity,947.23M
FTXN,First Trust Nasdaq Oil & Gas ETF,Equity,944.00M
PPH,VanEck Pharmaceutical ETF,Equity,941.75M
MOO,VanEck Agribusiness ETF,Equity,940.38M
JHMD,John Hancock Multifactor Developed International ETF,Equity,939.84M
PID,Invesco International Dividend Achievers ETF,Equity,939.34M
APCB,ActivePassive Core Bond ETF,Fixed Income,936.12M
PFEB,Innovator U.S. Equity Power Buffer ETF - February,Alternatives,933.68M
PNOV,Innovator U.S. Equity Power Buffer ETF - November,Alternatives,925.64M
TSME,Thrivent Small-Mid Cap Equity ETF,Equity,924.22M
IBHF,iShares iBonds 2026 Term High Yield and Income ETF,Fixed Income,924.21M
TRFK,Pacer Data and Digital Revolution ETF,Equity,922.25M
XEMD,BondBloxx JP Morgan USD Emerging Markets 1-10 Year Bond ETF,Fixed Income,919.48M
HLAL,Wahed FTSE USA Shariah ETF,Equity,917.67M
PMAY,Innovator U.S. Equity Power Buffer ETF - May,Alternatives,917.39M
GWX,State Street SPDR S&P International Small Cap ETF,Equity,916.51M
SYLD,Cambria Shareholder Yield ETF,Equity,913.46M
IHE,iShares U.S. Pharmaceuticals ETF,Equity,912.87M
LSGR,Natixis Loomis Sayles Focused Growth ETF,Equity,911.47M
IWMI,NEOS Russell 2000 High Income ETF,Equity,909.43M
FLSP,Franklin Systematic Style Premia ETF,Alternatives,908.05M
ISHG,iShares 1-3 Year International Treasury Bond ETF,Fixed Income,906.86M
FDMO,Fidelity Momentum Factor ETF,Equity,903.26M
ARGT,Global X MSCI Argentina ETF,Equity,900.72M
IHAK,iShares Cybersecurity & Tech ETF,Equity,899.22M
SYFI,AB Short Duration High Yield ETF,Fixed Income,899.00M
XTL,State Street SPDR S&P Telecom ETF,Equity,898.69M
EZM,WisdomTree U.S. MidCap Fund,Equity,896.83M
JDVL,John Hancock Disciplined Value Select ETF,Equity,895.55M
QCLN,First Trust Nasdaq Clean Edge Green Energy Index Fund,Equity,895.30M
PAUG,Innovator U.S. Equity Power Buffer ETF - August,Alternatives,892.79M
NUKZ,Range Nuclear Renaissance Index ETF,Equity,889.91M
IBDZ,iShares iBonds Dec 2034 Term Corporate ETF,Fixed Income,889.83M
DSPY,Tema S&P 500 Historical Weight ETF Strategy,Equity,888.10M
NBCR,Neuberger Core Equity ETF,Equity,885.99M
FDD,First Trust Stoxx European Select Dividend Index Fund,Equity,884.12M
FHEQ,Fidelity Hedged Equity ETF,Equity,883.67M
QDTE,Roundhill Innovation-100 0DTE Covered Call Strategy ETF,Equity,880.92M
FLGB,Franklin FTSE United Kingdom ETF,Equity,876.43M
FTQI,First Trust Nasdaq BuyWrite Income ETF,Equity,875.30M
IBTK,iShares iBonds Dec 2030 Term Treasury ETF,Fixed Income,875.08M
AGGY,WisdomTree Yield Enhanced U.S. Aggregate Bond Fund,Fixed Income,874.27M
FXH,First Trust Health Care AlphaDEX Fund,Equity,874.08M
OUSM,ALPS O'Shares US Small-Cap Quality Dividend ETF,Equity,873.84M
ULTY,YieldMax Ultra Option Income Strategy ETF,Equity,872.34M
BUFF,Innovator Laddered Allocation Power Buffer ETF,Alternatives,869.87M
MGNR,American Beacon GLG Natural Resources ETF,Equity,867.23M
VSDB,Vanguard Short Duration Bond ETF,Fixed Income,866.74M
TSLY,YieldMax TSLA Option Income Strategy ETF,Equity,861.44M
PSEP,Innovator U.S. Equity Power Buffer ETF - September,Alternatives,861.19M
JETS,U.S. Global Jets ETF,Equity,858.87M
RSPA,Invesco S&P 500 Equal Weight Income Advantage ETF,Equity,858.66M
UGL,ProShares Ultra Gold,Commodity,854.04M
PRIV,State Street IG Public & Private Credit ETF,Fixed Income,852.81M
BBEM,JPMorgan BetaBuilders Emerging Markets Equity ETF,Equity,852.64M
AUSF,Global X Adaptive U.S. Factor ETF,Equity,848.05M
FLBL,Franklin Senior Loan ETF Franklin Liberty Senior Loan Fund,Fixed Income,847.30M
IUS,Invesco RAFI Strategic US ETF,Equity,847.01M
JCPI,JPMorgan Inflation Managed Bond ETF,Fixed Income,845.15M
CVLC,Calvert US Large-Cap Core Responsible Index ETF,Equity,844.71M
PTL,Inspire 500 ETF,Equity,843.21M
SLVR,Sprott Silver Miners & Physical Silver ETF,Equity,841.14M
TPYP,Tortoise North American Pipeline ETF,Equity,837.69M
BSJR,Invesco BulletShares 2027 High Yield Corporate Bond ETF,Fixed Income,836.77M
ARKF,ARK Blockchain & Fintech Innovation ETF,Equity,834.90M
IETC,iShares U.S. Tech Independence Focused ETF,Equity,833.62M
SDVD,FT Vest SMID Rising Dividend Achievers Target Income ETF,Alternatives,831.33M
PCEF,Invesco CEF Income Composite ETF,Asset Allocation,830.26M
UDOW,ProShares UltraPro Dow30,Equity,829.96M
DOL,WisdomTree True Developed International Fund,Equity,828.92M
VFVA,Vanguard U.S. Value Factor ETF,Equity,825.86M
RGEF,Rockefeller Global Equity ETF,Equity,825.85M
REZ,iShares Residential and Multisector Real Estate ETF,Equity,825.82M
CMDT,PIMCO Commodity Strategy Active Exchange-Traded Fund,Commodity,823.56M
GCOR,Goldman Sachs Access U.S. Aggregate Bond ETF,Fixed Income,821.81M
FXU,First Trust Utilities AlphaDEX Fund,Equity,821.37M
THYF,T. Rowe Price U.S. High Yield ETF,Fixed Income,816.47M
KORP,American Century Diversified Corporate Bond ETF,Fixed Income,815.96M
HFSI,Hartford Strategic Income ETF,Fixed Income,814.85M
INFO,Harbor PanAgora Dynamic Large Cap Core ETF,Equity,813.04M
AVRE,Avantis Real Estate ETF,Equity,812.78M
OMAH,VistaShares Target 15 Berkshire Select Income ETF,Equity,812.29M
IDHQ,Invesco S&P International Developed High Quality ETF,Equity,810.95M
IGE,iShares North American Natural Resources ETF,Equity,809.04M
EQAL,Invesco Russell 1000 Equal Weight ETF,Equity,806.40M
EYLD,Cambria Emerging Shareholder Yield ETF,Equity,805.52M
KOKU,Xtrackers MSCI Kokusai Equity ETF,Equity,805.12M
MISL,First Trust Indxx Aerospace & Defense ETF,Equity,802.18M
CPER,United States Copper Index Fund,Commodity,800.43M
QQH,HCM Defender 100 Index ETF,Equity,798.78M
SCHJ,Schwab 1-5 Year Corporate Bond ETF,Fixed Income,795.77M
ONEY,State Street SPDR Russell 1000 Yield Focus ETF,Equity,793.61M
JVAL,JPMorgan U.S. Value Factor ETF US Value Factor Fund,Equity,793.37M
AGIX,KraneShares Artificial Intelligence & Technology ETF,Equity,793.01M
GFLW,VictoryShares Free Cash Flow Growth ETF,Equity,792.47M
ETHU,2x Ether ETF,Currency,790.65M
SCHQ,Schwab Long-Term U.S. Treasury ETF,Fixed Income,787.62M
AOK,iShares Core 30/70 Conservative Allocation ETF,Asset Allocation,786.86M
PIZ,Invesco Dorsey Wright Developed Markets Momentum ETF,Equity,785.02M
BGDV,Bahl & Gaynor Dividend ETF,Equity,784.54M
EWS,iShares MSCI Singapore ETF,Equity,784.01M
PFM,Invesco Dividend Achievers ETF,Equity,780.82M
DBEU,Xtrackers MSCI Europe Hedged Equity ETF,Equity,773.08M
AVTM,Avantis Total Equity Markets ETF,Equity,773.02M
NANR,State Street SPDR S&P North American Natural Resources ETF,Equity,771.24M
PBPH,Portfolio Building Block World Pharma and Biotech Index ETF,Equity,770.73M
PMAR,Innovator U.S. Equity Power Buffer ETF - March,Alternatives,767.09M
HMOP,Hartford Municipal Opportunities ETF,Fixed Income,764.94M
FEM,First Trust Emerging Markets AlphaDEX Fund,Equity,764.60M
ROBT,First Trust Nasdaq Artificial Intelligence & Robotics ETF,Equity,763.61M
BNO,United States Brent Oil Fund LP,Commodity,762.56M
RSMC,Rockefeller U.S. Small-Mid Cap ETF,Equity,759.21M
FDV,Federated Hermes U.S. Strategic Dividend ETF,Equity,756.54M
MSSM,Morgan Stanley Pathway Small-Mid Cap Equity ETF,Equity,755.53M
PALL,abrdn Physical Palladium Shares ETF,Commodity,753.97M
FLCA,Franklin FTSE Canada ETF,Equity,753.69M
AIPO,Defiance AI & Power Infrastructure ETF,Equity,753.22M
TUA,Simplify Short Term Treasury Futures Strategy ETF,Fixed Income,753.18M
XONE,BondBloxx Bloomberg One Year Target Duration US Treasury ETF,Fixed Income,751.96M
EWX,State Street SPDR S&P Emerging Markets Small Cap ETF,Equity,748.76M
FLIA,Franklin International Aggregate Bond ETF,Fixed Income,748.54M
QQA,Invesco QQQ Income Advantage ETF,Equity,747.56M
DIV,Global X SuperDividend US ETF,Equity,745.26M
SHYM,iShares Short Duration High Yield Muni Active ETF,Fixed Income,744.57M
GTOP,Goldman Sachs Technology Opportunities ETF,Equity,742.57M
XBIL,US Treasury 6 Month Bill ETF,Fixed Income,741.95M
OUSA,ALPS O'Shares U.S. Quality Dividend ETF,Equity,738.59M
FEPI,REX FANG & Innovation Equity Premium Income ETF,Equity,738.40M
PTF,Invesco Dorsey Wright Technology Momentum ETF,Equity,738.33M
HEWJ,iShares Currency Hedged MSCI Japan ETF,Equity,734.11M
SKOR,FlexShares Credit-Scored US Corporate Bond Index Fund,Fixed Income,734.11M
YYY,Amplify CEF High Income ETF,Asset Allocation,733.76M
IQDG,WisdomTree International Quality Dividend Growth Fund,Equity,732.77M
LEMB,iShares J.P. Morgan EM Local Currency Bond ETF,Fixed Income,732.66M
BBSC,JPMorgan BetaBuilders U.S. Small Cap Equity Fund,Equity,732.58M
FDRR,Fidelity Dividend ETF for Rising Rates,Equity,732.42M
DBND,DoubleLine Opportunistic Core Bond ETF,Fixed Income,730.73M
QDVO,Amplify CWP Growth & Income ETF,Equity,730.61M
TVAL,T. Rowe Price Value ETF,Equity,727.96M
GSPY,Gotham Enhanced 500 ETF,Equity,725.75M
JDVI,John Hancock Disciplined Value International Select ETF,Equity,724.68M
VOLT,Tema Electrification ETF,Equity,723.85M
SPEU,State Street SPDR Portfolio Europe ETF,Equity,723.58M
EVSM,Eaton Vance Short Duration Municipal Income ETF,Fixed Income,718.18M
XMLV,Invesco S&P MidCap Low Volatility ETF,Equity,716.19M
PSK,State Street SPDR ICE Preferred Securities ETF,Fixed Income,715.27M
EWJV,iShares MSCI Japan Value ETF,Equity,715.25M
CDC,VictoryShares US EQ Income Enhanced Volatility Wtd ETF,Equity,713.91M
FCG,First Trust Natural Gas ETF,Equity,713.47M
VLU,State Street SPDR S&P 1500 Value Tilt ETF,Equity,712.97M
SGVT,Schwab Government Money Market ETF,Fixed Income,711.37M
MLN,VanEck Long Muni ETF,Fixed Income,709.97M
SAMT,Strategas Macro Thematic Opportunities ETF,Equity,705.86M
LTPZ,PIMCO 15+ Year US TIPS Index Exchange-Traded Fund,Fixed Income,704.98M
EUSB,iShares ESG Advanced Universal USD Bond ETF,Fixed Income,704.35M
XCHG,AB US Equity ETF,Equity,702.06M
DFSB,Dimensional Global Sustainability Fixed Income ETF,Fixed Income,700.35M
PGF,Invesco Financial Preferred ETF,Fixed Income,699.33M
SECU,iShares Securitized Income Active ETF,Fixed Income,698.61M
AIS,VistaShares Artificial Intelligence Supercycle ETF,Equity,697.23M
QDEC,FT Vest Nasdaq-100 Buffer ETF - December,Alternatives,696.89M
CNEQ,Alger Concentrated Equity ETF,Equity,696.85M
BSJS,Invesco BulletShares 2028 High Yield Corporate Bond ETF,Fixed Income,693.33M
UYG,ProShares Ultra Financials,Equity,692.92M
XRT,State Street SPDR S&P Retail ETF,Equity,692.86M
EZA,iShares MSCI South Africa ETF,Equity,692.58M
HEGD,Swan Hedged Equity US Large Cap ETF,Equity,691.52M
DTH,WisdomTree International High Dividend Fund,Equity,691.16M
DMBS,DoubleLine Mortgage ETF,Fixed Income,690.14M
VUSE,Vident U.S. Equity Strategy ETF,Equity,688.57M
DFCA,Dimensional California Municipal Bond ETF,Fixed Income,686.46M
NUDM,Nuveen ESG International Developed Markets Equity ETF,Equity,686.34M
EES,WisdomTree U.S. SmallCap Fund,Equity,686.05M
FXR,First Trust Industrials/Producer Durables AlphaDEX Fund,Equity,684.75M
KAT,Scharf ETF,Equity,684.38M
PLTU,Direxion Daily PLTR Bull 2X ETF,Equity,684.18M
KSA,iShares MSCI Saudi Arabia ETF,Equity,684.04M
YINN,Direxion Daily FTSE China Bull 3X ETF,Equity,683.12M
FIIG,First Trust Intermediate Duration Investment Grade Corporate ETF,Fixed Income,680.12M
NVDU,Direxion Daily NVDA Bull 2X ETF,Equity,679.92M
DWM,WisdomTree International Equity Fund,Equity,678.33M
SETM,Sprott Critical Materials ETF,Equity,675.78M
OSCV,Opus Small Cap Value ETF,Equity,672.46M
SGDM,Sprott Gold Miners ETF,Equity,671.08M
TLTD,FlexShares Morningstar Developed Markets ex-US Factor Tilt Index Fund,Equity,670.96M
SFY,SoFi Select 500 ETF,Equity,670.90M
NAIL,Direxion Daily Homebuilders & Supplies Bull 3X ETF,Equity,669.97M
MINO,PIMCO Municipal Income Opportunities Active Exchange-Traded Fund,Fixed Income,669.04M
CAOS,Alpha Architect Tail Risk ETF,Asset Allocation,668.75M
CLOZ,Eldridge BBB-B CLO ETF,Fixed Income,668.14M
AVSF,Avantis Short-Term Fixed Income ETF,Fixed Income,667.71M
JHSC,John Hancock Multifactor Small Cap ETF,Equity,667.22M
VSDM,Vanguard Short Duration Tax-Exempt Bond ETF,Fixed Income,666.91M
TOPT,iShares Top 20 U.S. Stocks ETF,Equity,664.42M
LGOV,First Trust Long Duration Opportunities ETF,Fixed Income,664.25M
BSOL,Bitwise Solana Staking ETF,Currency,663.44M
BRTR,iShares Total Return Active ETF,Fixed Income,662.97M
WSML,iShares MSCI World Small-Cap ETF,Equity,661.95M
AVNM,Avantis All International Markets Equity ETF,Equity,660.31M
DBJP,Xtrackers MSCI Japan Hedged Equity ETF,Equity,659.82M
TAXF,American Century Diversified Municipal Bond ETF,Fixed Income,659.46M
ISCV,iShares Morningstar Small Cap Value ETF,Equity,658.80M
PSQ,ProShares Short QQQ,Equity,658.20M
FFLG,Fidelity Fundamental Large Cap Growth ETF,Equity,658.02M
EWI,iShares MSCI Italy ETF,Equity,657.38M
EBI,Longview Advantage ETF,Equity,656.28M
SMDV,ProShares Russell 2000 Dividend Growers ETF,Equity,655.23M
XVV,iShares ESG Select Screened S&P 500 ETF,Equity,652.95M
BKMC,BNY Mellon US Mid Cap Core Equity ETF,Equity,652.17M
SEIQ,SEI Enhanced U.S. Large Cap Quality Factor ETF,Equity,650.97M
AFLG,First Trust Active Factor Large Cap ETF,Equity,648.20M
ISCF,iShares International SmallCap Equity Factor ETF,Equity,647.56M
LSVD,LSV Disciplined Value ETF,Equity,647.41M
FTNY,Franklin New York Municipal Income ETF,Fixed Income,646.57M
HNDL,Strategy Shares Nasdaq 7HANDL Index ETF,Asset Allocation,645.65M
IBMQ,iShares iBonds Dec 2028 Term Muni Bond ETF,Fixed Income,644.15M
IBMP,iShares iBonds Dec 2027 Term Muni Bond ETF,Fixed Income,643.25M
ROUS,Hartford Multifactor US Equity ETF,Equity,642.94M
VFMF,Vanguard U.S. Multifactor ETF,Equity,641.89M
SILJ,Amplify Junior Silver Miners ETF,Equity,640.12M
SMIN,iShares MSCI India Small Cap ETF,Equity,638.73M
QJUN,FT Vest Nasdaq-100 Buffer ETF - June,Alternatives,637.36M
DFSE,Dimensional Emerging Markets Sustainability Core 1 ETF,Equity,637.28M
GXUS,Goldman Sachs MarketBeta Total International Equity ETF,Equity,637.02M
IEZ,iShares U.S. Oil Equipment & Services ETF,Equity,636.98M
RSPH,Invesco S&P 500 Equal Weight Health Care ETF,Equity,635.88M
PJUN,Innovator U.S. Equity Power Buffer ETF - June,Alternatives,632.84M
EPOL,iShares MSCI Poland ETF,Equity,629.87M
HCMT,Direxion HCM Tactical Enhanced US ETF,Equity,629.21M
DGT,State Street SPDR Global Dow ETF,Equity,627.56M
JHLN,John Hancock Global Senior Loan ETF,Fixed Income,626.02M
CONL,GraniteShares 2x Long COIN Daily ETF,Equity,625.40M
QSPT,FT Vest Nasdaq-100 Buffer ETF - September,Alternatives,624.99M
FYLD,Cambria Foreign Shareholder Yield ETF,Equity,624.90M
CLSE,Convergence Long/Short Equity ETF,Alternatives,623.99M
EMEQ,Nomura ETF Trust Nomura Focused Emerging Markets Equity ETF,Equity,623.02M
QINT,American Century Quality Diversified International ETF,Equity,622.85M
WTAI,WisdomTree Artificial Intelligence and Innovation Fund,Equity,622.81M
NPFE,NPF Core Equity ETF,Equity,622.80M
AVMV,Avantis U.S. Mid Cap Value ETF,Equity,622.68M
PCS,PGIM Corporate Bond 0-5 Year ETF,Fixed Income,619.77M
ZALT,Innovator U.S. Equity 10 Buffer ETF - Quarterly,Alternatives,618.89M
TFLR,T. Rowe Price Floating Rate ETF,Fixed Income,617.25M
FMAT,Fidelity MSCI Materials Index ETF,Equity,615.81M
FLRT,Pacer Aristotle Pacific Floating Rate High Income ETF,Fixed Income,615.34M
CTEF,Castellan Targeted Equity ETF,Equity,615.07M
BRNY,Burney U.S. Factor Rotation ETF,Equity,614.31M
RAA,SMI 3Fourteen REAL Asset Allocation ETF,Asset Allocation,613.41M
TAFM,AB Tax-Aware Intermediate Municipal ETF,Fixed Income,612.30M
FSMB,First Trust Short Duration Managed Municipal ETF,Fixed Income,611.23M
PBW,Invesco WilderHill Clean Energy ETF,Equity,610.23M
FTCA,Franklin California Municipal Income ETF,Fixed Income,609.10M
BBHY,JPMorgan BetaBuilders USD High Yield Corporate Bond ETF,Fixed Income,608.96M
FDEM,Fidelity Emerging Markets Multifactor ETF,Equity,608.46M
RPAR,RPAR Risk Parity ETF,Alternatives,607.77M
XSVM,Invesco S&P SmallCap Value with Momentum ETF,Equity,607.31M
IXP,iShares Global Comm Services ETF,Equity,606.08M
IAT,iShares U.S. Regional Banks ETF,Equity,603.37M
NXTG,First Trust Indxx NextG ETF,Equity,602.95M
SMRI,Bushido Capital US Equity ETF,Equity,599.99M
SEEM,SEI Select Emerging Markets Equity ETF,Equity,599.18M
MUST,Columbia Multi-Sector Municipal Income ETF,Fixed Income,599.02M
LGH,HCM Defender 500 Index ETF,Equity,596.20M
SDCI,USCF SummerHaven Dynamic Commodity Strategy No K-1 Fund,Commodity,592.81M
EMHY,iShares J.P. Morgan EM High Yield Bond ETF,Fixed Income,591.46M
SSUS,Strategy Shares Day Hagan Smart Sector ETF,Equity,589.52M
ILTB,iShares Core 10+ Year USD Bond ETF,Fixed Income,589.21M
AQEC,AQE Core ETF,Equity,588.66M
IBMO,iShares iBonds Dec 2026 Term Muni Bond ETF,Fixed Income,587.42M
FLCO,Franklin Investment Grade Corporate ETF,Fixed Income,586.26M
DWLD,Davis Select Worldwide ETF,Equity,585.66M
IGLD,FT Vest Gold Strategy Target Income ETF,Alternatives,585.07M
GDE,WisdomTree Efficient Gold Plus Equity Strategy Fund,Asset Allocation,583.33M
IALT,iShares Systematic Alternatives Active ETF,Alternatives,582.52M
SFLO,VictoryShares Small Cap Free Cash Flow ETF,Equity,580.53M
PSFF,Pacer Swan SOS Fund of Funds ETF,Alternatives,580.21M
FTMH,Franklin Municipal High Yield ETF,Fixed Income,578.83M
LVHD,Franklin U.S. Low Volatility High Dividend Index ETF,Equity,574.56M
ELM,Elm Market Navigator ETF,Asset Allocation,574.37M
XES,State Street SPDR S&P Oil & Gas Equipment & Services ETF,Equity,574.27M
BKUI,BNY Mellon Ultra Short Income ETF,Fixed Income,572.89M
PMMF,iShares Prime Money Market ETF,Fixed Income,572.61M
JPSE,JPMorgan Diversified Return U.S. Small Cap Equity ETF,Equity,572.37M
RSPG,Invesco S&P 500 Equal Weight Energy ETF,Equity,571.83M
GVIP,Goldman Sachs Hedge Industry VIP ETF,Equity,571.81M
USSG,Xtrackers MSCI USA Selection Equity ETF,Equity,571.46M
FNY,First Trust Mid Cap Growth AlphaDEX Fund,Equity,570.55M
VNM,VanEck Vietnam ETF,Equity,570.45M
FLBR,Franklin FTSE Brazil ETF,Equity,570.06M
SVOL,Simplify Volatility Premium ETF,Alternatives,563.43M
JUST,Goldman Sachs JUST U.S. Large Cap Equity ETF,Equity,563.00M
FLCG,Federated Hermes MDT Large Cap Growth ETF,Equity,562.99M
IBTL,iShares iBonds Dec 2031 Term Treasury ETF,Fixed Income,562.12M
TOTR,T. Rowe Price Total Return ETF,Fixed Income,561.84M
CMDY,iShares Bloomberg Roll Select Commodity Strategy ETF,Commodity,560.49M
INTW,GraniteShares 2x Long INTC Daily ETF,Equity,560.41M
MVLL,GraniteShares 2x Long MRVL Daily ETF,Equity,560.34M
HYBL,State Street Blackstone High Income ETF,Fixed Income,560.20M
NVDX,T-Rex 2X Long NVIDIA Daily Target ETF,Equity,558.29M
QMAR,FT Vest Nasdaq-100 Buffer ETF - March,Alternatives,557.94M
INDY,iShares India 50 ETF,Equity,557.64M
GQGU,GQG US Equity ETF,Equity,557.34M
REM,iShares Mortgage Real Estate ETF,Equity,556.50M
METU,Direxion Daily META Bull 2X ETF,Equity,556.22M
MYCH,State Street My2028 Corporate Bond ETF,Fixed Income,555.92M
PNQI,Invesco NASDAQ Internet ETF,Equity,555.25M
FIVA,Fidelity International Value Factor ETF,Equity,554.57M
SCEC,Sterling Capital Enhanced Core Bond ETF,Fixed Income,554.38M
BLUX,Bluemonte Dynamic Total Market ETF,Equity,553.90M
ULST,State Street Ultra Short Term Bond ETF,Fixed Income,552.47M
AGZ,iShares Agency Bond ETF,Fixed Income,551.17M
FTRB,Federated Hermes Total Return Bond ETF,Fixed Income,550.79M
EWN,iShares MSCI Netherlands ETF,Equity,549.97M
IEO,iShares U.S. Oil & Gas Exploration & Production ETF,Equity,547.70M
QDEF,FlexShares Quality Dividend Defensive Index Fund,Equity,547.14M
BSCY,Invesco BulletShares 2034 Corporate Bond ETF,Fixed Income,546.38M
PBEU,Portfolio Building Block European Banks Index ETF,Equity,546.00M
WIP,State Street SPDR FTSE International Government Inflation-Protected Bond ETF,Fixed Income,545.45M
IDOG,ALPS International Sector Dividend Dogs ETF,Equity,543.79M
IXG,iShares Global Financials ETF,Equity,542.62M
SIXH,ETC 6 Meridian Hedged Equity Index Option ETF,Equity,542.62M
YLD,Principal Active High Yield ETF,Asset Allocation,542.21M
PSCT,Invesco S&P SmallCap Information Technology ETF,Equity,541.95M
IBTM,iShares iBonds Dec 2032 Term Treasury ETF,Fixed Income,540.81M
HEZU,iShares Currency Hedged MSCI Eurozone ETF,Equity,540.23M
NUMV,Nuveen ESG Mid-Cap Value ETF,Equity,540.10M
RSPU,Invesco S&P 500 Equal Weight Utilities ETF,Equity,538.83M
IPKW,Invesco International BuyBack Achievers ETF,Equity,535.23M
LONZ,PIMCO Senior Loan Active Exchange-Traded Fund,Fixed Income,534.72M
BBHL,BBH Select Large Cap ETF,Equity,534.59M
FAD,First Trust Multi Cap Growth AlphaDEX Fund,Equity,534.21M
TNGY,Tortoise Energy ETF,Asset Allocation,531.98M
AAOX,Tradr 2X Long AAOI Daily ETF,Equity,531.24M
VSLU,Applied Finance Valuation Large Cap ETF,Equity,531.16M
EPU,iShares MSCI Peru and Global Exposure ETF,Equity,531.07M
PTIR,GraniteShares 2x Long PLTR Daily ETF,Equity,531.01M
SPSK,SP Funds Dow Jones Global Sukuk ETF,Fixed Income,530.82M
CFA,VictoryShares US 500 Volatility Wtd ETF,Equity,530.79M
MSTU,T-Rex 2X Long MSTR Daily Target ETF,Equity,530.18M
OCTW,AllianzIM U.S. Equity Buffer20 Oct ETF,Alternatives,530.17M
SEIS,SEI Select Small Cap ETF,Equity,529.98M
QVAL,Alpha Architect US Quantitative Value ETF,Equity,529.60M
HYGH,iShares Interest Rate Hedged High Yield Bond ETF,Fixed Income,529.12M
QFLR,Innovator Nasdaq-100 Managed Floor ETF,Alternatives,527.81M
AAUS,Alpha Architect US Equity ETF,Equity,527.37M
EIPX,FT Energy Income Partners Strategy ETF,Equity,525.13M
IRE,Defiance Daily Target 2X Long IREN ETF,Equity,524.98M
CSM,ProShares Large Cap Core Plus,Equity,524.02M
DDM,ProShares Ultra Dow30,Equity,523.38M
FDHY,Fidelity Enhanced High Yield ETF,Fixed Income,521.95M
PBOG,Portfolio Building Block Integrated Oil and Gas and Exploration and Production Index ETF,Equity,521.49M
FEP,First Trust Europe AlphaDEX Fund,Equity,518.74M
TSMX,Direxion Daily TSM Bull 2X ETF,Equity,518.28M
UNG,United States Natural Gas Fund LP,Commodity,516.93M
FPAG,FPA Global Equity ETF,Equity,516.89M
CXSE,WisdomTree China ex-State-Owned Enterprises Fund,Equity,516.88M
DFVX,Dimensional US Large Cap Vector ETF,Equity,516.72M
DWX,State Street SPDR S&P International Dividend ETF,Equity,515.91M
LQDH,iShares Interest Rate Hedged Corporate Bond ETF,Fixed Income,514.83M
WWJD,Inspire International ETF,Equity,514.40M
VGSR,Vert Global Sustainable Real Estate ETF,Equity,514.37M
TDVI,FT Vest Technology Dividend Target Income ETF,Alternatives,511.40M
VBND,Vident U.S. Bond Strategy ETF,Fixed Income,510.16M
HYEM,VanEck Emerging Markets High Yield Bond ETF,Fixed Income,508.78M
PDBA,Invesco Agriculture Commodity Strategy No K-1 ETF,Commodity,506.36M
TUSI,Touchstone Ultra Short Income ETF,Fixed Income,505.97M
EFAA,Invesco MSCI EAFE Income Advantage ETF,Equity,505.44M
RSSB,Return Stacked Global Stocks & Bonds ETF,Asset Allocation,504.47M
AAEQ,Alpha Architect US Equity 2 ETF,Equity,504.30M
BSJT,Invesco BulletShares 2029 High Yield Corporate Bond ETF,Fixed Income,504.28M
ACLO,TCW AAA CLO ETF,Fixed Income,503.28M
PKB,Invesco Building & Construction ETF,Equity,502.33M
BITQ,Bitwise Crypto Industry Innovators ETF,Equity,501.56M
STPZ,PIMCO 1-5 Year US TIPS Index Exchange-Traded Fund,Fixed Income,499.68M
GBND,Goldman Sachs Core Bond ETF,Fixed Income,499.62M
DAPP,VanEck Digital Transformation ETF,Equity,499.52M
EFAX,State Street SPDR MSCI EAFE Fossil Fuel Reserves Free ETF,Equity,498.94M
FIGB,Fidelity Investment Grade Bond ETF,Fixed Income,498.60M
NTSI,WisdomTree International Efficient Core Fund,Asset Allocation,496.65M
BASG,Brown Advisory Sustainable Growth ETF,Equity,496.35M
LABU,Direxion Daily S&P Biotech Bull 3X ETF,Equity,495.29M
TECB,iShares U.S. Tech Breakthrough Multisector ETF,Equity,495.26M
GRNJ,Fundstrat Granny Shots US Small - & Mid-Cap ETF,Equity,494.47M
AGGH,Simplify Aggregate Bond ETF,Fixed Income,493.82M
MAYW,AllianzIM U.S. Equity Buffer20 May ETF,Alternatives,493.82M
IDUB,Aptus International Enhanced Yield,Equity,493.14M
LITX,Tradr 2X Long LITE Daily ETF,Equity,492.97M
BINV,Brandes International ETF,Equity,492.66M
OSEA,Harbor International Compounders ETF,Equity,490.70M
BBHM,BBH Select Mid Cap ETF,Equity,489.55M
INMU,iShares Intermediate Muni Income Active ETF,Fixed Income,489.20M
FXF,Invesco CurrencyShares Swiss Franc Trust,Currency,488.41M
HAPI,Harbor Human Capital Factor US Large Cap ETF,Equity,487.88M
SIXA,ETC 6 Meridian Mega Cap Equity ETF,Equity,486.65M
JNUG,Direxion Daily Junior Gold Miners Index Bull 2X ETF,Equity,485.20M
FTMU,Franklin Municipal Income ETF,Fixed Income,484.81M
FISR,State Street Fixed Income Sector Rotation ETF,Fixed Income,482.53M
CMBS,iShares CMBS ETF,Fixed Income,481.90M
DNL,WisdomTree Global ex-U.S. Quality Growth Fund,Equity,481.61M
TXUE,Thornburg International Equity ETF,Equity,481.30M
JEMB,Janus Henderson Emerging Markets Debt Hard Currency ETF,Fixed Income,479.95M
BTCO,Invesco Galaxy Bitcoin ETF,Currency,479.41M
DJAN,FT Vest US Equity Deep Buffer ETF - January,Alternatives,479.31M
DRIV,Global X Autonomous & Electric Vehicles ETF,Equity,477.05M
BGRN,iShares Trust iShares USD Green Bond ETF,Fixed Income,477.03M
GJAN,FT Vest U.S. Equity Moderate Buffer ETF - Jan,Alternatives,475.85M
MFSV,MFS Active Value ETF,Equity,474.20M
GRPM,Invesco S&P MidCap 400 GARP ETF,Equity,473.52M
ICOP,iShares Copper and Metals Mining ETF,Equity,473.11M
UMI,USCF Midstream Energy Income Fund ETF,Equity,470.65M
NUMG,Nuveen ESG Mid-Cap Growth ETF,Equity,470.59M
IBND,State Street SPDR Bloomberg International Corporate Bond ETF,Fixed Income,470.31M
IAUI,NEOS Gold High Income ETF,Commodity,470.29M
GXC,State Street SPDR S&P China ETF,Equity,468.97M
QMOM,Alpha Architect U.S. Quantitative Momentum ETF,Equity,468.09M
EDGF,3EDGE Dynamic Fixed Income ETF,Fixed Income,467.77M
IBD,Inspire Corporate Bond ETF,Fixed Income,466.72M
ICLO,Invesco AAA CLO Floating Rate Note ETF,Fixed Income,466.59M
AVSU,Avantis Responsible U.S. Equity ETF,Equity,465.63M
RSST,Return Stacked U.S. Stocks & Managed Futures ETF,Alternatives,465.39M
BDBT,Bluemonte Core Bond ETF,Fixed Income,465.28M
AVSD,Avantis Responsible International Equity ETF,Equity,465.20M
STOT,State Street DoubleLine Short Duration Total Return Tactical ETF,Fixed Income,464.13M
VIDI,Vident International Equity Strategy ETF,Equity,463.79M
JPRE,JPMorgan Realty Income ETF,Equity,463.62M
SPXU,ProShares UltraPro Short S&P500,Equity,463.25M
VFQY,Vanguard U.S. Quality Factor ETF,Equity,462.93M
IBTO,iShares iBonds Dec 2033 Term Treasury ETF,Fixed Income,462.58M
GGUS,Marketbeta Russell 1000 Growth Equity ETF,Equity,461.17M
BUXX,Strive Enhanced Income Short Maturity ETF,Fixed Income,461.12M
ASTX,Tradr 2X Long ASTS Daily ETF,Equity,460.21M
BIBL,Inspire 100 ETF,Equity,459.99M
ENFR,Alerian Energy Infrastructure ETF,Equity,459.78M
DFEB,FT Vest U.S. Equity Deep Buffer ETF - February,Alternatives,458.42M
XBB,BondBloxx BB-Rated USD High Yield Corporate Bond ETF,Fixed Income,458.31M
DFNL,Davis Select Financial ETF,Equity,457.50M
GMAY,FT Vest U.S. Equity Moderate Buffer ETF - May,Alternatives,456.42M
JIG,JPMorgan International Growth ETF,Equity,456.38M
LRGE,ClearBridge Large Cap Growth Select ETF,Equity,456.37M
MFDX,PIMCO RAFI Dynamic Multi-Factor International Equity ETF,Equity,456.07M
FGDL,Franklin Responsibly Sourced Gold ETF,Commodity,455.98M
CSMD,Congress SMid Growth ETF,Equity,455.68M
DEHP,Dimensional Emerging Markets High Profitability ETF,Equity,455.48M
XMVM,Invesco S&P MidCap Value with Momentum ETF,Equity,455.33M
GMOI,GMO International Value ETF,Equity,455.21M
DJD,Invesco Dow Jones Industrial Average Dividend ETF,Equity,453.49M
DCRE,DoubleLine Commercial Real Estate Debt ETF,Fixed Income,450.97M
IBMR,iShares iBonds Dec 2029 Term Muni Bond ETF,Fixed Income,450.95M
IDGT,iShares U.S. Digital Infrastructure and Real Estate ETF,Equity,450.77M
NUBD,Nuveen ESG U.S. Aggregate Bond ETF,Fixed Income,450.76M
KIE,State Street SPDR S&P Insurance ETF,Equity,450.68M
YMAX,YieldMax Universe Fund of Option Income ETFs,Equity,450.20M
BYLD,iShares Yield Optimized Bond ETF,Fixed Income,449.93M
BIDD,iShares International Dividend Active ETF,Equity,449.76M
PRN,Invesco Dorsey Wright Industrials Momentum ETF,Equity,449.53M
NBOS,Neuberger Option Strategy ETF,Equity,448.88M
WGMI,CoinShares Bitcoin Mining ETF,Equity,447.99M
BITU,ProShares Ultra Bitcoin ETF,Currency,446.55M
JPUS,JPMorgan Diversified Return Use Equity,Equity,446.16M
IBHH,iShares iBonds 2028 Term High Yield and Income ETF,Fixed Income,445.79M
MMIN,NYLI MacKay Muni Insured ETF,Fixed Income,445.15M
AMZA,InfraCap MLP ETF,Equity,445.10M
XSW,State Street SPDR S&P Software & Services ETF,Equity,444.31M
DDLS,WisdomTree Dynamic International SmallCap Equity Fund,Equity,443.62M
GVAL,Cambria Global Value ETF,Equity,443.56M
FXZ,First Trust Materials AlphaDEX Fund,Equity,443.11M
IBHI,iShares iBonds 2029 Term High Yield and Income ETF,Fixed Income,442.74M
KCE,State Street SPDR S&P Capital Markets ETF,Equity,442.70M
DPST,Direxion Daily Regional Banks Bull 3X ETF,Equity,440.97M
JPME,JPMorgan Diversified Return U.S. Mid Cap Equity ETF,Equity,440.32M
FXY,Invesco Currencyshares Japanese Yen Trust,Currency,438.25M
UTWO,US Treasury 2 Year Note ETF,Fixed Income,438.18M
BUCK,Simplify Treasury Option Income ETF,Fixed Income,438.06M
ZAP,Global X U.S. Electrification ETF,Equity,437.97M
AIPI,REX AI Equity Premium Income ETF,Equity,437.94M
IBHG,iShares iBonds 2027 Term High Yield and Income ETF,Fixed Income,437.71M
BKMS,BNY Mellon Municipal Short Duration ETF,Fixed Income,437.70M
ALAI,Alger AI Enablers & Adopters ETF,Equity,437.33M
EELV,Invesco S&P Emerging Markets Low Volatility ETF,Equity,436.74M
GDEC,FT Vest U.S. Equity Moderate Buffer ETF - December,Alternatives,436.72M
BRRR,Coinshares Bitcoin ETF,Currency,436.02M
BBLU,EA Bridgeway Blue Chip ETF,Equity,435.72M
SDS,ProShares UltraShort S&P 500,Equity,433.11M
ORCX,Defiance Daily Target 2X Long ORCL ETF,Equity,433.07M
THNQ,ROBO Global Artificial Intelligence ETF,Equity,432.98M
SOFR,Amplify Samsung SOFR ETF,Fixed Income,432.36M
NBCM,Neuberger Commodity Strategy ETF,Commodity,431.92M
CEMB,iShares J.P. Morgan EM Corporate Bond ETF,Fixed Income,431.30M
IQQQ,ProShares Nasdaq-100 High Income ETF,Equity,429.77M
NFLT,Virtus Newfleet Multi-Sector Bond ETF,Fixed Income,429.38M
GNMA,iShares GNMA Bond ETF,Fixed Income,429.16M
DFEN,Direxion Daily Aerospace & Defense Bull 3X ETF,Equity,427.81M
TCPB,Thrivent Core Plus Bond ETF,Fixed Income,426.70M
KBWD,Invesco KBW High Dividend Yield Financial ETF,Equity,426.58M
BCD,abrdn Bloomberg All Commodity Longer Dated Strategy K-1 Free ETF,Commodity,426.49M
VFMV,Vanguard U.S. Minimum Volatility ETF,Equity,426.49M
DDEC,FT Vest US Equity Deep Buffer ETF - December,Alternatives,426.26M
EZBC,Franklin Bitcoin ETF,Currency,426.25M
PFLD,AAM Low Duration Preferred and Income Securities ETF,Fixed Income,425.93M
SHYD,VanEck Short High Yield Muni ETF,Fixed Income,424.69M
SFTX,Horizon International Managed Risk ETF,Asset Allocation,424.36M
MFSB,MFS Active Core Plus Bond ETF,Fixed Income,423.77M
HYBB,iShares BB Rated Corporate Bond ETF,Fixed Income,423.31M
CONY,YieldMax COIN Option Income Strategy ETF,Equity,422.52M
SIZE,iShares MSCI USA Size Factor ETF,Equity,422.16M
XFIV,BondBloxx Bloomberg Five Year Target Duration US Treasury ETF,Fixed Income,421.80M
CEFS,Saba Closed End Funds ETF,Asset Allocation,420.82M
DMAR,FT Vest US Equity Deep Buffer ETF - March,Alternatives,420.23M
BOIL,ProShares Ultra Bloomberg Natural Gas,Commodity,419.49M
URNJ,Sprott Junior Uranium Miners ETF,Equity,418.60M
QVMM,Invesco S&P MidCap 400 QVM Multi-factor ETF,Equity,417.54M
DIAL,Columbia Diversified Fixed Income Allocation ETF,Fixed Income,416.97M
BUFM,AB Moderate Buffer ETF,Alternatives,416.18M
APLU,Allspring Core Plus ETF,Fixed Income,415.73M
DWAS,Invesco Dorsey Wright SmallCap Momentum ETF,Equity,414.02M
IONX,Defiance Daily Target 2X Long IONQ ETF,Equity,413.02M
FDG,American Century Focused Dynamic Growth ETF,Equity,412.89M
MDIV,Multi-Asset Diversified Income Index Fund,Asset Allocation,411.46M
UVIX,2x Long VIX Futures ETF,Alternatives,411.41M
GVUS,Marketbeta Russell 1000 Value Equity ETF,Equity,411.01M
MUNY,Vanguard New York Tax-Exempt Bond ETF,Fixed Income,410.54M
ONEV,State Street SPDR Russell 1000 Low Volatility Focus ETF,Equity,409.52M
FLDB,Fidelity Low Duration Bond ETF,Fixed Income,409.34M
SRVR,Pacer Data & Infrastructure Real Estate ETF,Equity,407.42M
FXE,Invesco CurrencyShares Euro Trust,Currency,406.80M
CFO,VictoryShares US 500 Enhanced Volatility Wtd ETF,Equity,406.78M
TEQI,T. Rowe Price Equity Income ETF,Equity,406.12M
AVXC,Avantis Emerging Markets ex-China Equity ETF,Equity,405.85M
CDX,Simplify High Yield ETF,Fixed Income,405.84M
GMF,State Street SPDR S&P Emerging Asia Pacific ETF,Equity,405.60M
AVMC,Avantis U.S. Mid Cap Equity ETF,Equity,405.54M
AIVL,WisdomTree U.S. AI Enhanced Value Fund,Equity,405.10M
CVIE,Calvert International Responsible Index ETF,Equity,404.63M
DJUL,FT Vest U.S. Equity Deep Buffer ETF - July,Alternatives,402.89M
BAPR,Innovator U.S. Equity Buffer ETF - April,Alternatives,401.85M
HEDG,Equable Shares Hedged Equity ETF,Equity,401.16M
FLTB,Fidelity Limited Term Bond ETF,Fixed Income,401.11M
GQRE,FlexShares Global Quality Real Estate Index Fund,Equity,400.19M
CSRE,Cohen & Steers Real Estate Active ETF,Equity,399.60M
DFJ,WisdomTree Japan SmallCap Dividend Fund,Equity,399.06M
UVXY,ProShares Ultra VIX Short-Term Futures ETF,Alternatives,398.99M
EEMS,iShares MSCI Emerging Markets Small Cap ETF,Equity,398.18M
PTMC,Pacer Trendpilot US Mid Cap ETF,Equity,397.62M
PLTY,YieldMax PLTR Option Income Strategy ETF,Equity,396.76M
SFTY,Horizon Managed Risk ETF,Asset Allocation,396.73M
GMAR,FT Vest U.S. Equity Moderate Buffer ETF - March,Alternatives,395.64M
XJH,iShares ESG Select Screened S&P Mid-Cap ETF,Equity,394.90M
MORT,VanEck Mortgage REIT Income ETF,Equity,394.51M
FLUD,Franklin Ultra Short Bond ETF,Fixed Income,394.18M
BINT,Bluemonte Global Equity ETF,Equity,393.88M
CCNR,ALPS CoreCommodity Natural Resources ETF,Equity,393.31M
NUEM,Nuveen ESG Emerging Markets Equity ETF,Equity,392.94M
GDLC,Grayscale CoinDesk Crypto 5 ETF,Currency,391.52M
RMOP,Rockefeller Opportunistic Municipal Bond ETF,Fixed Income,391.17M
DNOV,FT Vest U.S. Equity Deep Buffer ETF - November,Alternatives,390.76M
DBB,Invesco DB Base Metals Fund,Commodity,390.37M
JPEM,JPMorgan Diversified Return Emerging Markets Equity ETF,Equity,390.16M
BKCH,Global X Blockchain ETF,Equity,389.70M
KHPI,Kensington Hedged Premium Income ETF,Equity,389.04M
DOCT,FT Vest U.S. Equity Deep Buffer ETF - October,Alternatives,389.02M
TBFG,Brinsmere Fund Growth ETF,Asset Allocation,386.92M
AGOX,Adaptive Alpha Opportunities ETF,Asset Allocation,386.71M
CAML,Congress Large Cap Growth ETF,Equity,386.31M
BJAN,Innovator U.S. Equity Buffer ETF - January,Alternatives,386.24M
PAPI,Parametric Equity Premium Income ETF,Equity,385.35M
GJUL,FT Vest U.S. Equity Moderate Buffer ETF - July,Alternatives,385.24M
UCO,ProShares Ultra Bloomberg Crude Oil,Commodity,384.99M
EWQ,iShares MSCI France ETF,Equity,384.98M
BASV,Brown Advisory Sustainable Value ETF,Equity,384.59M
GFEB,FT Vest US Equity Moderate Buffer ETF February,Alternatives,383.93M
CDL,VictoryShares US Large Cap High Dividend Volatility Wtd ETF,Equity,383.29M
XBOX,Roundhill Ultra Short Duration No Dividend Target ETF,Alternatives,382.91M
WISD,Wisdom Short Duration Income ETF,Fixed Income,382.66M
JMSI,JPMorgan Sustainable Municipal Income ETF,Fixed Income,381.56M
QQQH,NEOS Nasdaq 100 Hedged Equity Income ETF,Equity,381.41M
SCIO,First Trust Structured Credit Income Opportunities ETF,Fixed Income,380.81M
SPXS,Direxion Daily S&P 500 Bear 3X ETF,Equity,380.42M
USDU,WisdomTree Bloomberg US Dollar Bullish Fund,Currency,380.42M
DUBS,Aptus Large Cap Enhanced Yield ETF,Equity,380.25M
PDN,Invesco RAFI Developed Markets ex-U.S. Small-Mid ETF,Equity,377.12M
DGRS,WisdomTree US Smallcap Quality Dividend Growth Fund,Equity,376.03M
AAUA,Alpha Architect US Equity 3 ETF,Equity,374.28M
NJAN,Innovator Growth-100 Power Buffer ETF - January,Alternatives,372.97M
RKLX,Defiance Daily Target 2X Long RKLB ETF,Equity,371.97M
USCI,United States Commodity Index Fund,Commodity,371.28M
JPIN,JPMorgan Diversified Return International Equity ETF,Equity,369.66M
GJUN,FT Vest U.S. Equity Moderate Buffer ETF - June,Alternatives,369.51M
AMDY,YieldMax AMD Option Income Strategy ETF,Equity,367.33M
ORR,Militia Long/Short Equity ETF,Alternatives,367.25M
EWM,iShares MSCI Malaysia ETF,Equity,366.90M
BBH,VanEck Biotech ETF,Equity,366.87M
HCRB,Hartford Core Bond ETF,Fixed Income,365.59M
OAIM,OneAscent International Equity ETF,Equity,364.77M
SIXZ,AllianzIM U.S. Equity 6 Month Buffer10 May/Nov ETF,Alternatives,364.69M
TBFC,Brinsmere Fund Conservative ETF,Asset Allocation,364.15M
DAUG,FT Vest U.S. Equity Deep Buffer ETF - August,Alternatives,362.74M
TLTE,FlexShares Morningstar Emerging Markets Factor Tilt Index Fund,Equity,362.35M
MXI,iShares Global Materials ETF,Equity,361.83M
CALI,iShares Short-Term California Muni Active ETF,Fixed Income,360.67M
NEBX,Tradr 2X Long NBIS Daily ETF,Equity,360.56M
IAK,iShares U.S. Insurance ETF,Equity,359.47M
USSE,Segall Bryant & Hamill Select Equity ETF,Equity,357.07M
GUSE,Goldman Sachs Enhanced U.S. Equity ETF,Equity,356.91M
TMFG,Motley Fool Global Opportunities ETF,Equity,356.31M
USMF,WisdomTree U.S. Multifactor Fund,Equity,355.70M
DMAY,FT Vest U.S. Equity Deep Buffer ETF - May,Alternatives,354.49M
UUP,Invesco DB US Dollar Index Bullish Fund,Currency,353.94M
FEMB,First Trust Emerging Markets Local Currency Bond ETF,Fixed Income,353.26M
PICB,Invesco International Corporate Bond ETF,Fixed Income,353.22M
XPH,State Street SPDR S&P Pharmaceuticals ETF,Equity,352.88M
ECON,Columbia Research Enhanced Emerging Economies ETF,Equity,352.65M
FLV,American Century Focused Large Cap Value ETF,Equity,352.62M
XSVN,BondBloxx Bloomberg Seven Year Target Duration US Treasury ETF,Fixed Income,352.58M
IBCA,iShares iBonds Dec 2035 Term Corporate ETF,Fixed Income,352.03M
RUNN,Running Oak Efficient Growth ETF,Equity,350.62M
DSEP,FT Vest U.S. Equity Deep Buffer ETF - September,Alternatives,350.46M
IDLV,Invesco S&P International Developed Low Volatility ETF,Equity,348.63M
JANW,AllianzIM U.S. Equity Buffer20 Jan ETF,Alternatives,347.95M
VALQ,American Century U.S. Quality Value ETF,Equity,347.60M
URTY,ProShares UltraPro Russell2000,Equity,347.09M
RFG,Invesco S&P Midcap 400 Pure Growth ETF,Equity,346.41M
HAWX,iShares Currency Hedged MSCI ACWI ex U.S. ETF,Equity,346.23M
GEME,Pacific North of South EM Equity Active ETF,Equity,345.84M
AGEM,abrdn Emerging Markets Dividend Active ETF,Equity,345.50M
HECA,Hedgeye Capital Allocation ETF,Asset Allocation,344.92M
PBP,Invesco S&P 500 BuyWrite ETF,Equity,344.74M
LRND,NYLI U.S. Large Cap R&D Leaders ETF,Equity,344.18M
MFSG,MFS Active Growth ETF,Equity,343.76M
TPHD,Timothy Plan High Dividend Stock ETF,Equity,343.23M
ZECP,Zacks Earnings Consistent Portfolio ETF,Equity,342.47M
STCE,Schwab Crypto Thematic ETF,Equity,342.37M
FCOR,Fidelity Corporate Bond ETF,Fixed Income,342.27M
PJP,Invesco Pharmaceuticals ETF,Equity,341.25M
HYFI,AB High Yield ETF,Fixed Income,341.05M
AVGV,Avantis All Equity Markets Value ETF,Equity,339.80M
EVUS,iShares ESG Aware MSCI USA Value ETF,Equity,339.68M
BSMR,Invesco BulletShares 2027 Municipal Bond ETF,Fixed Income,338.80M
XRP,Bitwise XRP ETF,Currency,338.37M
BLOX,Nicholas Crypto Income ETF,Asset Allocation,338.06M
ONEZ,TrueShares Seasonality Laddered Buffered ETF,Alternatives,338.00M
AMZU,Direxion Daily AMZN Bull 2X ETF,Equity,337.34M
IPAY,Amplify Digital Payments ETF,Equity,337.19M
JSML,Janus Henderson Small Cap Growth Alpha ETF,Equity,337.11M
YMAG,YieldMax Magnificent 7 Fund of Option Income ETFs,Equity,336.32M
FIDI,Fidelity International High Dividend ETF,Equity,335.59M
JSTC,Adasina Social Justice All Cap Global ETF,Equity,335.29M
HAP,VanEck Natural Resources ETF,Equity,334.74M
UIVM,VictoryShares International Value Momentum ETF,Equity,334.47M
XDTE,Roundhill S&P 500 0DTE Covered Call Strategy ETF,Equity,334.13M
CPLB,NYLI MacKay Core Plus Bond ETF,Fixed Income,333.24M
SMOT,VanEck Morningstar SMID Moat ETF,Equity,333.24M
TBT,ProShares UltraShort 20+ Year Treasury,Fixed Income,332.94M
NOWL,GraniteShares 2x Long NOW Daily ETF,Equity,332.29M
IQSU,NYLI Candriam U.S. Large Cap Equity ETF,Equity,331.96M
BLUC,Bluemonte Large Cap Core ETF,Equity,331.37M
KJAN,Innovator U.S. Small Cap Power Buffer ETF - January,Alternatives,331.10M
RGLO,Russell Investments Global Equity ETF,Equity,330.41M
GSEP,FT Vest U.S. Equity Moderate Buffer ETF - September,Alternatives,330.08M
TPSC,Timothy Plan US Small Cap Core ETF,Equity,329.87M
MQQQ,Tradr 2X Long Innovation 100 Monthly ETF,Equity,329.43M
DEXC,Dimensional Emerging Markets ex China Core Equity ETF,Equity,328.09M
CARK,CastleArk Large Growth ETF,Equity,327.84M
KMLM,KraneShares Mount Lucas Managed Futures Index Strategy ETF,Alternatives,326.57M
SHE,State Street SPDR MSCI USA Gender Diversity ETF,Equity,326.46M
ISVL,iShares International Developed Small Cap Value Factor ETF,Equity,326.09M
CAFX,Congress Intermediate Bond ETF,Fixed Income,325.57M
WEAT,Teucrium Wheat Fund,Commodity,325.11M
CPAI,Counterpoint Quantitative Equity ETF,Equity,324.95M
BLCV,iShares Large Cap Value Active ETF,Equity,324.68M
PABD,iShares Paris-Aligned Climate Optimized MSCI World ex USA ETF,Equity,324.54M
HEQT,Simplify Hedged Equity ETF,Equity,323.34M
IQSM,NYLI Candriam U.S. Mid Cap Equity ETF,Equity,323.04M
IWLG,NYLI Winslow Large Cap Growth ETF,Equity,322.47M
UJAN,Innovator U.S. Equity Ultra Buffer ETF - January,Alternatives,320.60M
DJUN,FT Vest U.S. Equity Deep Buffer ETF - June,Alternatives,320.45M
EWD,iShares MSCI Sweden ETF,Equity,320.42M
SGDJ,Sprott Junior Gold Miners ETF,Equity,320.14M
COPP,Sprott Copper Miners ETF,Equity,319.79M
FAN,First Trust Global Wind Energy ETF,Equity,319.68M
JUSA,JPMorgan U.S. Research Enhanced Large Cap ETF,Equity,319.31M
OBIL,US Treasury 12 Month Bill ETF,Fixed Income,317.71M
TDI,Touchstone Dynamic International ETF,Equity,317.70M
ISMD,Inspire Small/Mid Cap ETF,Equity,316.83M
JXI,iShares Global Utilities ETF,Equity,316.26M
BRIE,MFS Blended Research International Equity ETF,Equity,315.04M
MSTX,Defiance Daily Target 2x Long MSTR ETF,Equity,314.30M
IVOL,KraneShares Quadratic Interest Rate Volatility and Inflation Hedge ETF,Fixed Income,313.85M
TMVE,Thrivent Mid Cap Value ETF,Equity,313.36M
USDX,SGI Enhanced Core ETF,Fixed Income,312.60M
BUFG,FT Vest Buffered Allocation Growth ETF,Alternatives,312.34M
RFV,Invesco S&P Midcap 400 Pure Value ETF,Equity,312.14M
FOXY,Simplify Currency Strategy ETF,Currency,312.13M
BWZ,State Street SPDR Bloomberg Short Term International Treasury Bond ETF,Fixed Income,311.69M
XCCC,BondBloxx CCC-Rated USD High Yield Corporate Bond ETF,Fixed Income,311.27M
VMSB,Voya Multi-Sector Income ETF,Fixed Income,310.96M
BMNU,T-REX 2X Long BMNR Daily Target ETF,Equity,310.47M
EDOW,First Trust Dow 30 Equal Weight ETF,Equity,309.86M
IGHG,ProShares Investment Grade-Interest Rate Hedged,Fixed Income,309.04M
ACLC,American Century Large Cap Equity ETF,Equity,307.91M
FDIG,Fidelity Crypto Industry and Digital Payments ETF,Equity,307.09M
GOCT,FT Vest U.S. Equity Moderate Buffer ETF - October,Alternatives,306.83M
UDEC,Innovator U.S. Equity Ultra Buffer ETF - December,Alternatives,306.58M
GAL,State Street Global Allocation ETF,Asset Allocation,306.34M
PFFV,Global X Variable Rate Preferred ETF,Fixed Income,306.29M
DAPR,FT Vest U.S. Equity Deep Buffer ETF - April,Alternatives,306.09M
AVDS,Avantis International Small Cap Equity ETF,Equity,305.92M
TPLC,Timothy Plan US Large/Mid Cap Core ETF,Equity,305.76M
BUFB,Innovator Laddered Allocation Buffer ETF,Alternatives,305.12M
SMB,VanEck Short Muni ETF,Fixed Income,304.69M
GNOV,FT Vest U.S. Equity Moderate Buffer ETF - November,Alternatives,304.59M
REVS,Columbia Research Enhanced Value ETF,Equity,304.39M
MRSK,Toews Agility Shares Managed Risk ETF,Asset Allocation,303.52M
IMF,Invesco Managed Futures Strategy ETF,Alternatives,303.06M
USNZ,Xtrackers Net Zero Pathway Paris Aligned US Equity ETF,Equity,302.32M
HTAB,Hartford Schroders Tax-Aware Bond ETF,Fixed Income,302.17M
BCPL,BNY Mellon Core Plus ETF,Fixed Income,300.61M
BSMS,Invesco BulletShares 2028 Municipal Bond ETF,Fixed Income,300.44M
BOCT,Innovator U.S. Equity Buffer ETF - October,Alternatives,299.63M
QTOP,iShares Nasdaq Top 30 Stocks ETF,Equity,298.37M
GAUG,FT Vest U.S. Equity Moderate Buffer ETF - August,Alternatives,298.12M
GOOY,YieldMax GOOGL Option Income Strategy ETF,Equity,298.09M
BUSA,Brandes U.S. Value ETF,Equity,297.57M
IBMS,iShares iBonds Dec 2030 Term Muni Bond ETF,Fixed Income,297.45M
BSMQ,Invesco BulletShares 2026 Municipal Bond ETF,Fixed Income,294.29M
IVVW,iShares S&P 500 BuyWrite ETF,Equity,292.36M
FLRG,Fidelity U.S. Multifactor ETF,Equity,292.32M
AFOS,ARS Focused Opportunity Strategy ETF,Equity,290.69M
FTMA,Franklin Massachusetts Municipal Income ETF,Fixed Income,290.36M
KBWY,Invesco KBW Premium Yield Equity REIT ETF,Equity,290.02M
DINT,Davis Select International ETF,Equity,289.97M
XRPC,Canary XRP ETF,Currency,289.97M
TDV,ProShares S&P Technology Dividend Aristocrats ETF,Equity,289.74M
TSPY,TappAlpha S&P 500 Growth & Daily Income ETF,Equity,289.67M
EIDO,iShares MSCI Indonesia ETF,Equity,288.61M
HOLA,JPMorgan International Hedged Equity Laddered Overlay ETF,Equity,288.42M
TAXX,BondBloxx IR+M Tax-Aware Short Duration ETF,Fixed Income,288.41M
DRLL,Strive U.S. Energy ETF,Equity,288.21M
LQTI,FT Vest Investment Grade & Target Income ETF,Alternatives,287.53M
EQIN,Columbia U.S. Equity Income ETF,Equity,287.26M
ILDR,First Trust Innovation Leaders ETF,Equity,286.85M
GAPR,FT Vest U.S. Equity Moderate Buffer Fund - Apr,Alternatives,286.70M
FTSD,Franklin Short Duration U.S. Government ETF,Fixed Income,286.54M
COM,Direxion Auspice Broad Commodity Strategy ETF,Commodity,285.66M
TTEQ,T. Rowe Price Technology ETF,Equity,285.01M
PBDC,Putnam BDC Income ETF,Equity,284.76M
QLTI,GMO International Quality ETF,Equity,284.74M
CLOX,Eldridge AAA CLO ETF,Fixed Income,283.93M
FFOG,Franklin Focused Growth ETF FOCUSED GROWTH ETF,Equity,283.77M
OMFS,Invesco Russell 2000 Dynamic Multifactor ETF,Equity,283.36M
UTEN,US Treasury 10 Year Note ETF,Fixed Income,283.29M
VTEL,Vanguard Long-Term Tax-Exempt Bond ETF,Fixed Income,282.99M
FTXO,First Trust Nasdaq Bank ETF,Equity,282.97M
AAAA,Amplius Aggressive Asset Allocation ETF,Asset Allocation,282.34M
TACK,Fairlead Tactical Sector ETF,Asset Allocation,281.93M
GARY,Mango Growth ETF,Equity,281.41M
OKLL,Defiance Daily Target 2x Long OKLO ETF,Equity,280.69M
UMMA,Wahed Dow Jones Islamic World ETF,Equity,280.47M
ADME,Aptus Drawdown Managed Equity ETF,Equity,279.87M
FCPI,Fidelity Stocks for Inflation ETF,Equity,279.57M
GMUB,Goldman Sachs Municipal Income ETF,Fixed Income,279.46M
SMMV,iShares MSCI USA Small-Cap Min Vol Factor ETF,Equity,279.24M
ESN,Essential 40 Stock ETF,Equity,278.68M
JMHI,JPMorgan High Yield Municipal ETF,Fixed Income,278.62M
IMTB,ishares Core 5-10 Year USD Bond ETF,Fixed Income,278.40M
BLGR,Bluemonte Large Cap Growth ETF,Equity,278.25M
GDXY,YieldMax Gold Miners Option Income Strategy ETF,Equity,278.18M
GREK,Global X MSCI Greece ETF,Equity,277.54M
NANC,Unusual Whales Subversive Democratic Trading ETF,Equity,276.87M
GTIP,Goldman Sachs Access Inflation Protected USD Bond ETF,Fixed Income,276.41M
OVL,Overlay Shares Large Cap Equity ETF,Equity,276.27M
OILK,ProShares K-1 Free Crude Oil ETF of Benef Interest,Commodity,276.16M
BSJU,Invesco BulletShares 2030 High Yield Corporate Bond ETF,Fixed Income,276.10M
GRIN,VictoryShares International Free Cash Flow Growth ETF,Equity,275.90M
IBTP,iShares iBonds Dec 2034 Term Treasury ETF,Fixed Income,275.68M
DBO,Invesco DB Oil Fund,Commodity,275.60M
BTAL,AGF U.S. Market Neutral Anti-Beta Fund,Alternatives,275.54M
HEEM,iShares Currency Hedged MSCI Emerging Markets ETF,Equity,275.28M
FSCC,Federated Hermes MDT Small Cap Core ETF,Equity,275.18M
BJUL,Innovator U.S. Equity Buffer ETF - July,Alternatives,275.17M
ISCB,iShares Morningstar Small-Cap ETF,Equity,275.08M
UAE,iShares MSCI UAE ETF,Equity,274.87M
BKFI,BNY Mellon Active Core Bond ETF,Fixed Income,274.81M
RSPF,Invesco S&P 500 Equal Weight Financials ETF,Equity,274.50M
TSLT,T-REX 2X Long Tesla Daily Target ETF,Equity,274.37M
RSPD,Invesco S&P 500 Equal Weight Consumer Discretionary ETF,Equity,274.32M
RSHO,Tema American Reshoring ETF,Equity,274.07M
XRPZ,Franklin XRP ETF,Currency,273.77M
FLCH,Franklin FTSE China ETF,Equity,272.96M
AMZY,YieldMax AMZN Option Income Strategy ETF,Equity,272.61M
DEUS,Xtrackers Russell US Multifactor ETF,Equity,272.36M
LQDW,iShares Investment Grade Corporate Bond BuyWrite Strategy ETF,Fixed Income,271.51M
SMHX,VanEck Fabless Semiconductor ETF,Equity,271.12M
HYTR,Counterpoint High Yield Trend ETF,Fixed Income,270.79M
SPTB,State Street SPDR Portfolio Treasury ETF,Fixed Income,270.60M
BSMT,Invesco BulletShares 2029 Municipal Bond ETF,Fixed Income,270.17M
TCAL,T. Rowe Price Capital Appreciation Premium Income ETF,Equity,270.04M
WDIV,State Street SPDR S&P Global Dividend ETF,Equity,269.85M
WCLD,WisdomTree Cloud Computing Fund,Equity,269.38M
PIO,Invesco Global Water ETF,Equity,269.35M
RXI,iShares Global Consumer Discretionary ETF,Equity,269.29M
FDEV,Fidelity International Multifactor ETF,Equity,269.26M
IYRI,NEOS Real Estate High Income ETF,Equity,269.17M
CLOU,Global X Cloud Computing ETF,Equity,268.76M
DBP,Invesco DB Precious Metals Fund,Commodity,268.40M
VGHY,Vanguard High-Yield Active ETF,Fixed Income,268.34M
BVAL,Bluemonte Large Cap Value ETF,Equity,268.31M
TOV,JLens 500 Jewish Advocacy U.S. ETF,Equity,268.20M
MFUS,PIMCO RAFI Dynamic Multi-Factor U.S. Equity ETF,Equity,267.72M
CSPF,Cohen & Steers Preferred and Income Opportunities Active ETF,Fixed Income,267.60M
CGUI,Capital Group Ultra Short Income ETF,Fixed Income,267.00M
PINK,Simplify Health Care ETF,Equity,266.96M
PSP,Invesco Global Listed Private Equity ETF,Equity,266.79M
GOVZ,iShares 25+ Year Treasury STRIPS Bond ETF,Fixed Income,266.61M
SMCX,Defiance Daily Target 2X Long SMCI ETF,Equity,266.38M
BDEC,Innovator U.S. Equity Buffer ETF - December,Alternatives,265.33M
SHYL,Xtrackers Short Duration High Yield Bond ETF,Fixed Income,265.14M
DBAW,Xtrackers MSCI All World ex US Hedged Equity ETF,Equity,264.85M
RWX,State Street SPDR Dow Jones International Real Estate ETF,Equity,264.67M
IJAN,Innovator International Developed Power Buffer ETF - January,Alternatives,264.49M
EMQQ,EMQQ The Emerging Markets Internet ETF,Equity,264.47M
OPTZ,Optimize Strategy Index ETF,Equity,264.34M
OACP,OneAscent Core Plus Bond ETF,Fixed Income,264.05M
THD,iShares MSCI Thailand ETF,Equity,263.99M
SPXT,ProShares S&P 500 Ex-Technology ETF,Equity,263.75M
PIT,VanEck Commodity Strategy ETF,Commodity,263.74M
EMHC,State Street SPDR Bloomberg Emerging Markets USD Bond ETF,Fixed Income,263.56M
CNRG,State Street SPDR S&P Kensho Clean Power ETF,Equity,263.54M
RZV,Invesco S&P Smallcap 600 Pure Value ETF,Equity,262.34M
FEMS,First Trust Emerging Markets Small Cap AlphaDEX Fund,Equity,262.17M
FBL,GraniteShares 2x Long META Daily ETF,Equity,261.77M
FXD,First Trust Consumer Discretionary AlphaDEX Fund,Equity,261.53M
ROE,Astoria US Equal Weight Quality Kings ETF,Equity,260.33M
FMF,First Trust Managed Futures Strategy Fund,Alternatives,259.69M
SIO,Touchstone Strategic Income ETF,Fixed Income,259.37M
PBE,Invesco Biotechnology & Genome ETF,Equity,259.01M
AQLT,iShares MSCI Global Quality Factor ETF,Equity,258.59M
IFV,First Trust Dorsey Wright International Focus 5 ETF,Equity,258.52M
BSCZ,Invesco BulletShares 2035 Corporate Bond ETF,Fixed Income,258.44M
FFUT,Fidelity Managed Futures ETF,Alternatives,258.31M
FJP,First Trust Japan AlphaDEX Fund,Equity,258.20M
SMIZ,Zacks Small/Mid Cap ETF,Equity,258.04M
FDTX,Fidelity Disruptive Technology ETF,Equity,257.85M
FMAG,Fidelity Magellan ETF,Equity,257.79M
BSMU,Invesco BulletShares 2030 Municipal Bond ETF,Fixed Income,257.52M
AVUQ,Avantis U.S. Quality ETF Shs Avantis US Growth Equity ETF,Equity,257.41M
EMBD,Global X Emerging Markets Bond ETF,Fixed Income,256.41M
MPRO,Monarch ProCap Index ETF,Asset Allocation,256.05M
CGIB,Capital Group International Bond ETF (USD-Hedged),Fixed Income,255.96M
CSB,VictoryShares US Small Cap High Dividend Volatility Wtd ETF,Equity,255.47M
ROKT,State Street SPDR S&P Kensho Final Frontiers ETF,Equity,255.27M
ULVM,VictoryShares US Value Momentum ETF,Equity,254.60M
SEIX,Virtus Seix Senior Loan ETF,Fixed Income,254.42M
XTWY,BondBloxx Bloomberg Twenty Year Target Duration US Treasury ETF,Fixed Income,254.27M
XSHQ,Invesco S&P SmallCap Quality ETF,Equity,253.54M
DAX,Global X DAX Germany ETF,Equity,253.43M
UEVM,VictoryShares Emerging Markets Value Momentum ETF,Equity,253.24M
SNSR,Global X Internet of Things ETF,Equity,252.65M
RTH,VanEck Retail ETF,Equity,252.55M
SPUU,Direxion Daily S&P 500 Bull 2X ETF,Equity,252.18M
TOK,iShares MSCI Kokusai ETF,Equity,251.84M
CORN,Teucrium Corn Fund,Commodity,251.71M
WOOD,iShares Global Timber & Forestry ETF,Equity,251.68M
MDST,Westwood Salient Enhanced Midstream Income ETF,Equity,251.50M
EWZS,iShares MSCI Brazil Small-Cap ETF,Equity,250.74M
MJ,Amplify Alternative Harvest ETF,Equity,250.68M
RISR,FolioBeyond Alternative Income and Interest Rate Hedge ETF,Alternatives,250.59M
SVXY,ProShares Short VIX Short-Term Futures ETF,Alternatives,249.79M
MNA,NYLI Merger Arbitrage ETF,Alternatives,249.77M
CRWG,Leverage Shares 2X Long CRWV Daily ETF,Equity,249.39M
UWM,ProShares Ultra Russell2000,Equity,249.17M
TZA,Direxion Daily Small Cap Bear 3X ETF,Equity,249.07M
FDM,First Trust Dow Jones Select MicroCap Index Fund,Equity,249.03M
JAJL,Innovator 6mo Jan/Jul,Alternatives,248.81M
KOID,KraneShares Global Humanoid Robotics and Physical AI Index ETF,Equity,248.58M
IQSI,NYLI Candriam International Equity ETF,Equity,248.48M
LDRX,SGI Enhanced Market Leaders ETF,Equity,248.40M
GQI,Natixis Gateway Quality Income ETF,Equity,248.30M
SHOC,Strive U.S. Semiconductor ETF,Equity,247.61M
UFEB,Innovator U.S. Equity Ultra Buffer ETF - February,Alternatives,247.50M
TPIF,Timothy Plan International ETF,Equity,246.75M
GUSH,Direxion Daily S&P Oil & Gas Exp. & Prod. Bull 2X ETF,Equity,245.56M
JUCY,Aptus Enhanced Yield ETF,Fixed Income,245.24M
BMAR,Innovator U.S. Equity Buffer ETF - March,Alternatives,245.19M
SCJ,iShares MSCI Japan Small-Cap ETF,Equity,245.15M
EVIM,Eaton Vance Intermediate Municipal Income ETF,Fixed Income,244.88M
ERX,Direxion Daily Energy Bull 2X ETF,Equity,244.26M
DIVZ,Polen Dividend Income ETF,Equity,243.93M
GPZ,VanEck Alternative Asset Manager ETF,Equity,243.92M
LRGG,Nomura Focused Large Growth ETF,Equity,243.84M
PIE,Invesco Dorsey Wright Emerging Markets Momentum ETF,Equity,243.68M
GTEK,Goldman Sachs Future Tech Leaders Equity ETF,Equity,243.37M
KBWP,Invesco KBW Property & Casualty Insurance ETF,Equity,242.19M
TMAT,Main Thematic Innovation ETF,Equity,241.66M
LCTD,iShares World ex U.S. Carbon Transition Readiness Aware Active ETF,Equity,241.65M
SPRX,Spear Alpha ETF,Equity,241.48M
ESPO,VanEck Video Gaming and eSports ETF,Equity,241.26M
CWEB,Direxion Daily CSI China Internet Index Bull 2X ETF,Equity,241.14M
SMLV,State Street SPDR US Small Cap Low Volatility Index ETF,Equity,240.84M
EMBX,VanEck Emerging Markets Bond ETF,Fixed Income,240.70M
OALC,OneAscent Large Cap Core ETF,Equity,240.38M
BFEB,Innovator U.S. Equity Buffer ETF - February,Alternatives,239.95M
CNYA,iShares MSCI China A ETF,Equity,239.46M
NOCT,Innovator Growth-100 Power Buffer ETF - October,Alternatives,239.34M
QHY,WisdomTree U.S. High Yield Corporate Bond Fund,Fixed Income,239.06M
VEXC,Vanguard Emerging Markets Ex-China ETF,Equity,238.15M
JOET,Virtus Terranova US Quality Momentum ETF,Equity,236.93M
SCUS,Schwab Ultra-Short Income ETF,Fixed Income,236.90M
HYZD,WisdomTree Interest Rate Hedged High Yield Bond Fund,Fixed Income,236.83M
QVMS,Invesco S&P SmallCap 600 QVM Multi-factor ETF,Equity,236.81M
TBG,TBG Dividend Focus ETF,Equity,236.39M
QID,ProShares UltraShort QQQ,Equity,236.31M
SCEP,Sterling Capital Hedged Equity Premium Income ETF,Equity,236.25M
METV,Roundhill Ball Metaverse ETF,Equity,236.09M
SELV,SEI Enhanced Low Volatility U.S. Large Cap ETF,Equity,235.98M
CHPX,Global X AI Semiconductor & Quantum ETF,Equity,235.80M
GVLU,Gotham 1000 Value ETF,Equity,235.60M
BMAY,Innovator U.S. Equity Buffer ETF - May,Alternatives,235.40M
YOKE,YOKE Core ETF,Equity,235.17M
WTMF,WisdomTree Managed Futures Strategy Fund,Alternatives,235.13M
PEJ,Invesco Leisure and Entertainment ETF,Equity,234.75M
XSLV,Invesco S&P SmallCap Low Volatility ETF,Equity,234.39M
DECW,AllianzIM U.S. Equity Buffer20 Dec ETF,Alternatives,234.31M
INTL,Main International ETF,Equity,232.71M
PBD,Invesco Global Clean Energy ETF,Equity,232.71M
JULW,AllianzIM U.S. Equity Buffer20 Jul ETF,Alternatives,232.67M
APMU,ActivePassive Intermediate Municipal Bond ETF,Fixed Income,231.58M
VSDA,VictoryShares Dividend Accelerator ETF,Equity,231.02M
MAYT,AllianzIM U.S. Equity Buffer10 May ETF,Alternatives,230.63M
RSPS,Invesco S&P 500 Equal Weight Consumer Staples ETF,Equity,230.60M
FUMB,First Trust Ultra Short Duration Municipal ETF,Fixed Income,230.57M
GDIV,Harbor Dividend Growth Leaders ETF,Equity,230.41M
XOEX,Xtrackers S&P 100 Ex Top 20 ETF,Equity,230.29M
BCHP,Principal Focused Blue Chip ETF,Equity,229.79M
VIXY,ProShares VIX Short-Term Futures ETF,Alternatives,229.68M
IBTQ,iShares iBonds Dec 2035 Term Treasury ETF,Fixed Income,228.24M
XTN,State Street SPDR S&P Transportation ETF,Equity,227.57M
SRET,Global X SuperDividend REIT ETF,Equity,227.33M
QCML,GraniteShares 2x Long QCOM Daily ETF,Equity,227.07M
FCTE,SMI 3Fourteen Full-Cycle Trend ETF,Equity,227.04M
AFIF,Anfield Universal Fixed Income ETF,Fixed Income,226.68M
NBSM,Neuberger Small-Mid Cap ETF,Equity,226.06M
HYBI,NEOS Enhanced Income Credit Select ETF,Fixed Income,225.89M
SLNZ,TCW Senior Loan ETF,Fixed Income,225.85M
PALC,Pacer Lunt Large Cap Multi-Factor Alternator ETF,Equity,224.54M
SLX,VanEck Steel ETF,Equity,224.19M
NAPR,Innovator Growth-100 Power Buffer ETF - April,Alternatives,224.10M
ASLV,Allspring Special Large Value ETF,Equity,223.89M
FPXI,First Trust International Equity Opportunities ETF,Equity,223.66M
VGMS,Vanguard Multi-Sector Income Bond ETF,Fixed Income,223.02M
INCO,Columbia India Consumer ETF,Equity,222.79M
FRWD,Nomura Transformational Technologies ETF,Equity,222.52M
WQTM,WisdomTree Quantum Computing Fund,Equity,221.85M
MUSI,American Century Multisector Income ETF,Fixed Income,220.96M
TUR,iShares MSCI Turkey ETF,Equity,220.62M
FFOX,FundX Future Fund Opportunities ETF,Equity,220.23M
FCAL,First Trust California Municipal High Income ETF,Fixed Income,219.88M
PY,Principal Value ETF,Equity,219.68M
APPX,Tradr 2X Long APP Daily ETF,Equity,219.55M
LOUP,Innovator Deepwater Frontier Tech ETF,Equity,219.47M
PRFD,PIMCO Preferred and Capital Securities Active ETF,Fixed Income,219.37M
HSCZ,iShares Currency Hedged MSCI EAFE Small-Cap ETF,Equity,219.30M
ECOW,Pacer Emerging Markets Cash Cows 100 ETF,Equity,219.12M
FXG,First Trust Consumer Staples AlphaDEX Fund,Equity,218.67M
SDSI,American Century Short Duration Strategic Income ETF,Fixed Income,218.27M
TUSB,Thrivent Ultra Short Bond ETF,Fixed Income,217.82M
AINP,Allspring Income Plus ETF,Fixed Income,217.52M
AAPU,Direxion Daily AAPL Bull 2X ETF,Equity,217.41M
PGHY,Invesco Global ex-US High Yield Corporate Bond ETF,Fixed Income,217.38M
TCAI,Tortoise AI Infrastructure ETF,Equity,216.94M
MBSF,Regan Floating Rate MBS ETF,Fixed Income,216.81M
TRFM,AAM Transformers ETF,Equity,216.80M
BENJ,Horizon Landmark ETF,Fixed Income,216.29M
BNOV,Innovator U.S. Equity Buffer ETF - November,Alternatives,215.89M
EVSB,Eaton Vance Ultra-Short Income ETF,Fixed Income,215.79M
DLLL,GraniteShares 2x Long DELL Daily ETF,Equity,215.19M
SBND,Columbia Short Duration Bond ETF,Fixed Income,215.14M
IVAL,Alpha Architect International Quantitative Value ETF,Equity,214.94M
KAPR,Innovator U.S. Small Cap Power Buffer ETF - April,Alternatives,214.88M
CPLS,AB Core Plus Bond ETF,Fixed Income,214.71M
BFOR,ALPS Barron's 400 ETF,Equity,214.64M
BSEP,Innovator U.S. Equity Buffer ETF - September,Alternatives,214.46M
XMPT,VanEck CEF Muni Income ETF,Fixed Income,214.41M
FICS,First Trust International Developed Capital Strength ETF,Equity,214.27M
NJUL,Innovator Growth-100 Power Buffer ETF - July,Alternatives,213.85M
FNK,First Trust Mid Cap Value AlphaDEX Fund,Equity,213.71M
EDC,Direxion Daily MSCI Emerging Markets Bull 3X ETF,Equity,213.62M
ETHW,Bitwise Ethereum ETF,Currency,213.56M
AFIX,Allspring Broad Market Core Bond ETF,Fixed Income,213.22M
GINN,Innovate Equity ETF,Equity,212.57M
FMUB,Fidelity Municipal Bond Opportunities ETF,Fixed Income,212.24M
GLOF,iShares Global Equity Factor ETF,Equity,211.68M
SNDU,T-REX 2X Long SNDK Daily Target ETF,Equity,211.42M
FBOT,Fidelity Disruptive Automation ETF,Equity,211.23M
EMNT,PIMCO Enhanced Short Maturity Active ESG Exchange-Traded Fund,Fixed Income,211.16M
HFGO,Hartford Large Cap Growth ETF,Equity,210.41M
PLTM,GraniteShares Platinum Trust,Commodity,208.68M
ROBN,T-Rex 2X Long HOOD Daily Target ETF,Equity,207.94M
AVSE,Avantis Responsible Emerging Markets Equity ETF,Equity,207.08M
CAIQ,Calamos Nasdaq Autocallable Income ETF,Alternatives,206.25M
QQMG,Invesco ESG NASDAQ 100 ETF,Equity,206.18M
HYXF,iShares ESG Advanced High Yield Corporate Bond ETF,Fixed Income,205.58M
CVSB,Calvert Ultra-Short Investment Grade ETF,Fixed Income,205.00M
SCNM,Sterling Capital National Municipal Bond ETF,Fixed Income,204.65M
LOWV,AB US Low Volatility Equity ETF,Equity,204.37M
PCMM,BondBloxx Private Credit CLO ETF,Fixed Income,204.26M
UMAR,Innovator U.S. Equity Ultra Buffer ETF - March,Alternatives,203.72M
SBIT,ProShares UltraShort Bitcoin ETF,Currency,203.71M
GDMA,Gadsden Dynamic Multi-Asset ETF,Asset Allocation,203.51M
SPRE,SP Funds S&P Global REIT Sharia ETF,Equity,203.35M
EDEN,iShares MSCI Denmark ETF,Equity,203.23M
BSMW,Invesco BulletShares 2032 Municipal Bond ETF,Fixed Income,202.40M
BNDY,Horizon Core Bond ETF,Fixed Income,201.50M
FDLS,Inspire Fidelis Multi Factor ETF,Equity,201.42M
GDMN,WisdomTree Efficient Gold Plus Gold Miners Strategy Fund,Asset Allocation,201.36M
ELFY,ALPS Electrification Infrastructure ETF,Equity,200.96M
GHYG,iShares US & Intl High Yield Corp Bond ETF,Fixed Income,200.50M
JHMB,John Hancock Mortgage-Backed Securities ETF,Fixed Income,200.03M
SCMC,Sterling Capital Multi-Strategy Income ETF,Fixed Income,199.75M
LEXI,Alexis Practical Tactical ETF,Asset Allocation,199.65M
IAPR,Innovator International Developed Power Buffer ETF - April,Alternatives,198.88M
APRW,AllianzIM U.S. Equity Buffer20 Apr ETF,Alternatives,198.51M
BEEX,Beehive ETF,Equity,198.16M
SRHQ,SRH U.S. Quality GARP ETF,Equity,197.95M
WCPB,Weitz Core Plus Bond ETF,Fixed Income,197.91M
FTMN,Franklin Minnesota Municipal Income ETF,Fixed Income,197.79M
FINX,Global X FinTech ETF,Equity,197.67M
JHPI,John Hancock Preferred Income ETF,Fixed Income,197.22M
MSTB,LHA Market State Tactical Beta ETF,Equity,196.83M
ETHT,ProShares Ultra Ether ETF,Currency,196.50M
NZAC,State Street SPDR MSCI ACWI Climate Paris Aligned ETF,Equity,196.28M
BUFP,PGIM Laddered S&P 500 Buffer 12 ETF,Alternatives,195.83M
IJUL,Innovator International Developed Power Buffer ETF - July,Alternatives,195.13M
CRCA,ProShares Ultra CRCL,Equity,195.07M
SGLC,SGI U.S. Large Cap Core ETF,Equity,194.89M
BAUG,Innovator U.S. Equity Buffer ETF - August,Alternatives,194.77M
FEBW,AllianzIM U.S. Equity Buffer20 Feb ETF,Alternatives,194.55M
HDUS,Hartford Disciplined US Equity ETF,Equity,194.32M
XCOR,FundX ETF,Equity,194.16M
WAGN,Pabrai Wagons ETF,Equity,193.32M
KSTR,KraneShares SSE STAR Market 50 Index ETF,Equity,192.71M
PSDM,PGIM Short Duration Multi-Sector Bond ETF,Fixed Income,192.63M
QALT,SEI DBi Multi-Strategy Alternative ETF,Alternatives,192.50M
HIDV,AB US High Dividend ETF,Equity,191.88M
GOAU,U.S. Global GO GOLD and Precious Metal Miners ETF,Equity,191.65M
SMCY,YieldMax SMCI Option Income Strategy ETF,Equity,190.83M
CSHP,iShares Enhanced Short-Term Bond Active ETF,Fixed Income,190.45M
QQQY,Defiance Nasdaq 100 Weekly Distribution ETF,Equity,189.73M
CSD,Invesco S&P Spin-Off ETF,Equity,189.69M
IGBH,iShares Interest Rate Hedged Long-Term Corporate Bond ETF,Fixed Income,189.43M
PTIN,Pacer Trendpilot International ETF,Equity,189.35M
SIXL,ETC 6 Meridian Low Beta Equity ETF,Equity,188.90M
BCTK,Baron Technology ETF,Equity,187.90M
ITWO,ProShares Russell 2000 High Income ETF,Equity,187.55M
SVAL,iShares US Small Cap Value Factor ETF,Equity,187.41M
USEW,Cambria US EW ETF,Equity,187.41M
SPDN,Direxion Daily S&P 500 Bear 1X ETF,Equity,186.65M
EMMF,WisdomTree Emerging Markets Multifactor Fund,Equity,186.53M
GIGL,Goldman Sachs Corporate Bond ETF,Fixed Income,186.27M
MAMB,Monarch Ambassador Income Index ETF,Asset Allocation,186.26M
KOLD,ProShares UltraShort Bloomberg Natural Gas,Commodity,185.77M
EEMX,State Street SPDR MSCI Emerging Markets Fossil Fuel Reserves Free ETF,Equity,185.28M
IEUS,iShares MSCI Europe Small-Cap ETF,Equity,185.24M
FYEE,Fidelity Yield Enhanced Equity ETF,Equity,185.18M
TMB,Thornburg Multi Sector Bond ETF,Fixed Income,184.67M
CZA,Invesco Zacks Mid-Cap ETF,Equity,184.18M
QWLD,State Street SPDR MSCI World StrategicFactors ETF,Equity,183.89M
UOCT,Innovator U.S. Equity Ultra Buffer ETF - October,Alternatives,183.73M
MBCC,Monarch Blue Chips Core Index ETF,Equity,183.44M
ADPV,Adaptiv Select ETF,Equity,183.41M
GTOC,Invesco Core Fixed Income ETF,Fixed Income,183.18M
NBIL,GraniteShares 2x Long NBIS Daily ETF,Equity,183.15M
EMKT,Lazard Emerging Markets Opportunities ETF,Equity,182.87M
BSMV,Invesco BulletShares 2031 Municipal Bond ETF,Fixed Income,182.81M
XQQI,NEOS Boosted Nasdaq-100 High Income ETF,Equity,182.73M
FTMS,Franklin Short-Term Municipal Income ETF,Fixed Income,182.69M
SPTE,SP Funds S&P Global Technology ETF,Equity,182.51M
SPWO,SP Funds S&P World (ex-US) ETF,Equity,182.38M
CAPE,DoubleLine Shiller CAPE U.S. Equities ETF,Equity,181.79M
VEGN,US Vegan Climate ETF,Equity,181.61M
MINV,Matthews Asia Innovators Active ETF,Equity,180.89M
GRNB,VanEck Green Bond ETF,Fixed Income,180.68M
FMUN,Fidelity Systematic Municipal Bond Index ETF,Fixed Income,180.62M
TMV,Direxion Daily 20+ Year Treasury Bear 3X ETF,Fixed Income,180.32M
BITI,ProShares Short Bitcoin ETF,Currency,180.31M
XTRE,BondBloxx Bloomberg Three Year Target Duration US Treasury ETF,Fixed Income,180.15M
MSMR,McElhenny Sheffield Managed Risk ETF,Asset Allocation,180.14M
IG,Principal Investment Grade Corporate Active ETF,Fixed Income,179.92M
RSPM,Invesco S&P 500 Equal Weight Materials ETF,Equity,178.90M
IFLO,VictoryShares International Free Cash Flow ETF,Equity,178.73M
SNTH,MRP SynthEquity ETF,Equity,178.03M
JEDI,Defiance Drone and Modern Warfare ETF,Equity,177.90M
CTAP,Simplify US Equity PLUS Managed Futures Strategy ETF,Alternatives,177.84M
TRUT,VanEck Technology TruSector ETF,Equity,177.24M
CLOB,VanEck AA-BB CLO ETF,Fixed Income,177.14M
ETHO,Amplify Etho Climate Leadership U.S. ETF,Equity,176.93M
QQXT,First Trust Nasdaq-100 Ex-Technology Sector Index Fund,Equity,176.77M
POWA,Invesco Bloomberg Pricing Power ETF,Equity,176.59M
SDOW,ProShares UltraPro Short Dow30,Equity,176.57M
BBBS,BondBloxx BBB Rated 1-5 Year Corporate Bond ETF,Fixed Income,176.48M
JIII,Janus Henderson Income ETF,Fixed Income,176.24M
CANC,Tema Oncology ETF,Equity,176.14M
PSCI,Invesco S&P SmallCap Industrials ETF,Equity,176.09M
FAAR,First Trust Alternative Absolute Return Strategy ETF,Alternatives,176.00M
FRI,First Trust S&P REIT Index Fund,Equity,175.93M
COPJ,Sprott Junior Copper Miners ETF,Equity,175.88M
DJIA,Global X Dow 30 Covered Call ETF,Equity,175.33M
XDEC,FT Vest U.S. Equity Enhance & Moderate Buffer ETF - December,Alternatives,175.26M
GXIG,Global X Investment Grade Corporate Bond ETF,Fixed Income,175.24M
GSGO,Goldman Sachs Growth Opportunities ETF,Equity,175.02M
XJUN,FT Vest U.S. Equity Enhance & Moderate Buffer ETF - June,Alternatives,174.91M
FYT,First Trust Small Cap Value AlphaDEX Fund,Equity,174.68M
MGMT,Ballast Small/Mid Cap ETF,Equity,174.34M
DRIP,Direxion Daily S&P Oil & Gas Exp. & Prod. Bear 2X ETF,Equity,174.16M
KCSH,KraneShares Sustainable Ultra Short Duration Index ETF,Fixed Income,174.12M
SDFI,AB Short Duration Income ETF,Fixed Income,174.09M
SDG,iShares MSCI Global Sustainable Development Goals ETF,Equity,174.04M
CRAK,VanEck Oil Refiners ETF,Equity,173.66M
HYHG,ProShares High Yield-Interest Rate Hedged ETF,Fixed Income,173.54M
IOCT,Innovator International Developed Power Buffer ETF - October,Alternatives,173.47M
IQSZ,Invesco Global Equity Net Zero ETF,Equity,173.39M
TSCV,Thrivent Small Cap Value ETF,Equity,173.32M
ATFV,Alger 35 ETF,Equity,173.06M
TOLZ,ProShares DJ Brookfield Global Infrastructure ETF,Equity,172.90M
TOGA,Tremblant Global ETF,Equity,172.62M
XTWO,BondBloxx Bloomberg Two Year Target Duration US Treasury ETF,Fixed Income,172.07M
GCAL,Goldman Sachs Dynamic California Municipal Income ETF,Fixed Income,171.98M
BNDI,NEOS Enhanced Income Aggregate Bond ETF,Fixed Income,171.49M
AESR,Anfield U.S. Equity Sector Rotation ETF,Equity,171.20M
LST,Leuthold Select Industries ETF,Equity,171.11M
MMTM,State Street SPDR S&P 1500 Momentum Tilt ETF,Equity,171.08M
DFE,WisdomTree Europe SmallCap Dividend Fund,Equity,170.88M
BNDC,FlexShares Core Select Bond Fund Core Select Bond Fund,Fixed Income,169.62M
CRCG,Leverage Shares 2X Long CRCL Daily ETF,Equity,168.62M
NIHI,NEOS MSCI EAFE High Income ETF,Equity,168.14M
HYDR,Global X Hydrogen ETF,Equity,167.96M
BBBI,BondBloxx BBB Rated 5-10 Year Corporate Bond ETF,Fixed Income,167.78M
OCIO,ClearShares OCIO ETF,Asset Allocation,167.73M
DIM,WisdomTree International MidCap Dividend Fund,Equity,167.68M
AVL,Direxion Daily AVGO Bull 2X ETF,Equity,167.33M
AEMS,Anfield Enhanced Market ETF,Equity,167.30M
CWVX,Tradr 2X Long CRWV Daily ETF,Equity,167.29M
GKAT,Scharf Global Opportunity ETF,Equity,167.10M
IVVM,iShares Large Cap Moderate Quarterly Laddered ETF,Alternatives,166.70M
ISRA,VanEck Israel ETF,Equity,166.69M
EALT,Innovator U.S. Equity 5 to 15 Buffer ETF - Quarterly,Alternatives,166.59M
UAUG,Innovator U.S. Equity Ultra Buffer ETF - August,Alternatives,166.50M
GMMF,iShares Government Money Market ETF,Fixed Income,166.47M
NPFI,Nuveen Preferred and Income ETF,Fixed Income,166.30M
GBUG,Sprott Active Gold & Silver Miners ETF,Equity,166.17M
FLJH,Franklin FTSE Japan Hedged ETF,Equity,166.04M
FRNW,Fidelity Clean Energy ETF,Equity,165.90M
FTNJ,Franklin New Jersey Municipal Income ETF,Fixed Income,165.58M
SWAN,Amplify BlackSwan Growth & Treasury Core ETF,Asset Allocation,165.42M
CSTK,Invesco Comstock Contrarian Equity ETF,Equity,165.23M
CHGX,Stance Sustainable Beta ETF,Equity,165.10M
SECR,NYLI MacKay Securitized Income ETF,Fixed Income,165.04M
FID,First Trust S&P International Dividend Aristocrats ETF,Equity,164.97M
GTOQ,Invesco High Yield Systematic Bond ETF,Fixed Income,164.54M
BTCW,WisdomTree Bitcoin Fund,Currency,164.49M
KNCT,Invesco Next Gen Connectivity ETF,Equity,163.96M
GLRY,Inspire Growth ETF,Equity,163.67M
FEBT,AllianzIM U.S. Equity Buffer10 Feb ETF,Alternatives,163.56M
SHDG,Soundwatch Hedged Equity ETF,Equity,163.51M
TAXE,T. Rowe Price Intermediate Municipal Income ETF,Fixed Income,163.31M
LPRE,Long Pond Real Estate Select ETF,Equity,163.24M
IDNA,iShares Genomics Immunology and Healthcare ETF,Equity,163.14M
IDRV,iShares Self-driving EV & Tech ETF,Equity,162.33M
RDTE,Roundhill Russell 2000 0DTE Covered Call Strategy ETF,Equity,162.26M
BSMC,Brandes U.S. Small-Mid Cap Value ETF,Equity,162.22M
FBCV,Fidelity Blue Chip Value ETF,Equity,162.19M
SVIX,-1x Short VIX Futures ETF,Alternatives,162.17M
LDSF,First Trust Low Duration Strategic Focus ETF,Fixed Income,162.07M
AVMU,Avantis Core Municipal Fixed Income ETF,Fixed Income,161.96M
AFMC,First Trust Active Factor Mid Cap ETF,Equity,161.94M
KBA,KraneShares Bosera MSCI China A 50 Connect Index ETF,Equity,161.84M
FMTM,MarketDesk Focused U.S. Momentum ETF,Equity,161.81M
NORW,Global X MSCI Norway ETF,Equity,161.61M
BUFS,FT Vest Laddered Small Cap Moderate Buffer ETF,Alternatives,161.58M
IMOM,Alpha Architect International Quantitative Momentum ETF,Equity,161.55M
NSCI,Nuveen Securitized Income ETF,Fixed Income,161.53M
BLST,Bluemonte Short Term Bond ETF,Fixed Income,161.44M
QLV,FlexShares US Quality Low Volatility Index Fund,Equity,161.41M
IPO,Renaissance IPO ETF,Equity,161.28M
EMXF,iShares ESG Advanced MSCI EM ETF,Equity,160.74M
PSH,PGIM Short Duration HIgh Yield ETF,Fixed Income,160.59M
HAPS,Harbor Human Capital Factor US Small Cap ETF,Equity,159.91M
ZFEB,Innovator 1 Yr February,Alternatives,159.81M
MVV,ProShares Ultra MidCap400,Equity,159.77M
MAGY,Roundhill Magnificent Seven Covered Call ETF,Equity,159.74M
TFPN,Blueprint Chesapeake Multi-Asset Trend ETF,Asset Allocation,159.60M
BLTD,Bluemonte Long Term Bond ETF,Fixed Income,159.58M
COMB,GraniteShares Bloomberg Commodity Broad Strategy No K-1 ETF,Commodity,159.31M
IONL,GraniteShares 2x Long IONQ Daily ETF,Equity,159.08M
MFEM,PIMCO RAFI Dynamic Multi-Factor Emerging Markets Equity ETF,Equity,159.06M
YDEC,FT Vest International Equity Moderate Buffer ETF - December,Alternatives,158.68M
EDGH,3EDGE Dynamic Hard Assets ETF,Asset Allocation,158.45M
YLDE,Franklin ClearBridge Enhanced Income ETF,Equity,158.35M
VEGI,iShares MSCI Agriculture Producers ETF,Equity,158.01M
RFDI,First Trust Riverfront Dynamic Developed International ETF,Equity,157.92M
RNIN,Bushido Capital US SMID Cap Equity ETF,Equity,157.72M
TALV,Transamerica Large Value Active ETF,Equity,157.62M
MVFG,Monarch Volume Factor Global Unconstrained Index ETF,Asset Allocation,157.52M
IDVZ,Opal International Dividend Income ETF,Equity,157.44M
PPI,Astoria Real Assets ETF,Asset Allocation,157.43M
SBIO,ALPS Medical Breakthroughs ETF,Equity,157.27M
PBFR,PGIM Laddered S&P 500 Buffer 20 ETF,Alternatives,157.25M
QBUF,Innovator Nasdaq-100 10 Buffer ETF Quarterly,Alternatives,157.14M
PRCS,Parnassus Core Select ETF,Equity,156.92M
KDEF,PLUS Korea Defense Industry Index ETF,Equity,156.76M
NUSB,Nuveen Ultra Short Income ETF,Fixed Income,156.69M
GIND,Goldman Sachs India Equity ETF,Equity,156.63M
CURE,Direxion Daily Healthcare Bull 3X ETF,Equity,156.48M
VSMV,VictoryShares US Multi-Factor Minimum Volatility ETF,Equity,156.46M
BLES,Inspire Global Hope ETF,Equity,156.11M
UAPR,Innovator U.S. Equity Ultra Buffer ETF - April,Alternatives,156.11M
SIXJ,AllianzIM U.S. Equity 6 Month Buffer10 Jan/Jul ETF,Alternatives,155.89M
XAIX,Xtrackers Artificial Intelligence and Big Data ETF,Equity,155.89M
EJAN,Innovator Emerging Markets Power Buffer ETF January,Alternatives,155.81M
STOX,Horizon Core Equity ETF,Equity,155.31M
PJFG,PGIM Jennison Focused Growth ETF,Equity,155.24M
DIVN,Horizon Dividend Income ETF,Equity,155.14M
HFGM,Unlimited HFGM Global Macro ETF,Alternatives,155.06M
STXE,Strive Emerging Markets Ex-China ETF,Equity,154.76M
USEP,Innovator U.S. Equity Ultra Buffer ETF - September,Alternatives,154.58M
FITE,State Street SPDR S&P Kensho Future Security ETF,Equity,154.46M
SWP,SWP Growth & Income ETF,Equity,154.39M
FNGG,Direxion Daily NYSE FANG+ Bull 2X ETF,Equity,154.35M
IBIE,iShares iBonds Oct 2028 Term TIPS ETF,Fixed Income,154.33M
DUNK,Dana Unconstrained Equity ETF,Equity,153.45M
RAFE,PIMCO RAFI ESG U.S. ETF,Equity,152.95M
EINC,VanEck Energy Income ETF,Equity,152.87M
DXIV,Dimensional International Vector Equity ETF,Equity,152.75M
TOS,Twin Oak Strategic Solutions ETF,Equity,152.71M
BKHY,BNY Mellon High Yield ETF,Fixed Income,152.51M
SPYT,Defiance S&P 500 Target Income ETF,Equity,152.35M
STXG,Strive 1000 Growth ETF,Equity,152.35M
YMAR,FT Vest International Equity Moderate Buffer,Alternatives,152.32M
NCLO,Nuveen AA-BBB CLO ETF,Fixed Income,152.27M
YBTC,Roundhill Bitcoin Covered Call Strategy ETF,Currency,152.24M
SMOG,VanEck Low Carbon Energy ETF,Equity,152.21M
UMAY,Innovator U.S. Equity Ultra Buffer ETF - May,Alternatives,152.12M
IZRL,ARK Israel Innovative Technology ETF,Equity,151.88M
ERTH,Invesco MSCI Sustainable Future ETF,Equity,151.79M
TSLQ,Tradr 2X Short TSLA Daily ETF New Oct 2025,Equity,151.76M
TSEC,Touchstone Securitized Income ETF,Fixed Income,151.71M
MKOR,Matthews Korea Active ETF,Equity,151.69M
HTUS,Capitol Series Trust - Hull Tactical US ETF,Equity,151.51M
MSFL,GraniteShares 2x Long MSFT Daily ETF,Equity,151.31M
ACVF,American Conservative Values ETF,Equity,151.26M
UCRD,VictoryShares Corporate Bond ETF,Fixed Income,151.22M
NBJP,Neuberger Japan Equity ETF,Equity,151.14M
QYLG,Global X Nasdaq 100 Covered Call & Growth ETF,Equity,150.65M
TAIL,Cambria Tail Risk ETF,Asset Allocation,150.58M
OOSP,Obra Opportunistic Structured Products ETF,Fixed Income,150.25M
MTRA,Invesco International Growth Focus ETF,Equity,149.86M
TABD,Transamerica Bond Active ETF,Fixed Income,149.62M
EFFI,Harbor Osmosis International Resource Efficient ETF,Equity,148.57M
DGRE,WisdomTree Emerging Markets Quality Dividend Growth Fund,Equity,148.48M
XPAY,Roundhill S&P 500 Target 20 Managed Distribution ETF,Equity,148.36M
VTP,Vanguard Total Inflation-Protected Securities ETF,Fixed Income,148.21M
HBTA,Horizon Expedition Plus ETF,Equity,147.97M
EDGU,3EDGE Dynamic US Equity ETF,Equity,147.55M
BRIF,FIS Bright Portfolios Focused Equity ETF,Equity,147.45M
MBS,Angel Oak Mortgage-Backed Securities ETF,Fixed Income,147.36M
CNXT,VanEck ChiNext Innovators ETF,Equity,146.97M
BEDY,BNY Mellon Enhanced Dividend and Income ETF,Equity,146.37M
SOLT,2x Solana ETF,Currency,146.07M
KRBN,KraneShares Global Carbon Strategy ETF,Commodity,145.67M
KNRG,Simplify Kayne Anderson Energy and Infrastructure Credit ETF,Fixed Income,145.55M
ACES,ALPS Clean Energy ETF,Equity,145.33M
SCDV,Bahl & Gaynor Small Cap Dividend ETF,Equity,145.32M
GQQQ,Astoria US Quality Growth Kings ETF,Equity,145.21M
BUFT,FT Vest Buffered Allocation Defensive ETF,Alternatives,144.85M
GSEE,Goldman Sachs MarketBeta Emerging Markets Equity ETF,Equity,144.46M
NFXL,Direxion Daily NFLX Bull 2X ETF,Equity,144.43M
TAXI,Northern Trust Intermediate Tax-Exempt Bond ETF,Fixed Income,144.40M
SPFF,Global X SuperIncome Preferred ETF,Fixed Income,144.35M
ONOF,Global X Adaptive U.S. Risk Management ETF,Asset Allocation,144.06M
SEPU,AllianzIM U.S. Equity Buffer15 Uncapped Sep ETF,Alternatives,143.94M
LGDX,Intech S&P Large Cap Diversified Alpha ETF,Equity,143.85M
DHDG,FT Vest U.S. Equity Quarterly 2.5 to 15 Buffer ETF,Alternatives,143.76M
FPA,First Trust Asia Pacific ex-Japan AlphaDEX Fund,Equity,143.65M
FRTY,Alger Mid Cap 40 ETF,Equity,143.61M
XMAG,Defiance Large Cap ex-Mag 7 ETF,Equity,143.36M
ENDW,Cambria Endowment Style ETF,Asset Allocation,143.16M
TOXR,21Shares XRP ETF Beneficial INT SH,Currency,143.16M
UJUL,Innovator U.S. Equity Ultra Buffer ETF - July,Alternatives,142.80M
KOCT,Innovator U.S. Small Cap Power Buffer ETF - October,Alternatives,142.30M
TSLR,GraniteShares 2x Long TSLA Daily ETF,Equity,141.33M
DEW,WisdomTree Global High Dividend Fund,Equity,141.16M
HOOW,Roundhill HOOD WeeklyPay ETF,Equity,140.99M
MBOX,Freedom Day Dividend ETF,Equity,140.82M
SIHY,Harbor Ares Systematic High Yield ETF,Fixed Income,140.80M
CPAG,F/m Compoundr U.S. Aggregate Bond ETF,Fixed Income,140.79M
GEW,Cambria Global EW ETF,Equity,140.55M
FEUZ,First Trust Eurozone AlphaDEX ETF,Equity,140.52M
BATT,Amplify Lithium & Battery Technology ETF,Equity,140.46M
RVER,Trenchless Fund ETF,Equity,140.22M
IBHJ,iShares iBonds 2030 Term High Yield and Income ETF,Fixed Income,139.96M
ABEQ,Absolute Select Value ETF,Equity,139.92M
XJR,iShares ESG Select Screened S&P Small-Cap ETF,Equity,139.72M
EJUL,Innovator Emerging Markets Power Buffer ETF - July,Alternatives,139.57M
BJUN,Innovator U.S. Equity Buffer ETF - June,Alternatives,139.33M
BAMG,Brookstone Growth Stock ETF,Equity,139.31M
ARMG,Leverage Shares 2X Long ARM Daily ETF,Equity,138.50M
RVNU,Xtrackers Municipal Infrastructure Revenue Bond ETF,Fixed Income,138.42M
FAB,First Trust Multi Cap Value AlphaDEX Fund,Equity,137.98M
BFRZ,Innovator Equity Managed 100 Buffer ETF,Alternatives,137.84M
LFGY,YieldMax Crypto Industry & Tech Portfolio Option Income ETF,Equity,137.64M
PHEQ,Parametric Hedged Equity ETF,Equity,137.62M
PFDE,Pathfinder Disciplined US Equity ETF,Equity,137.60M
DABS,Doubleline ABS ETF,Fixed Income,137.57M
AUGW,AllianzIM U.S. Equity Buffer20 Aug ETF,Alternatives,137.30M
LEGR,First Trust Indxx Innovative Transaction & Process ETF,Equity,137.06M
MAXJ,iShares Large Cap Max Buffer Jun ETF,Alternatives,136.87M
CGVV,Capital Group U.S. Large Value ETF,Equity,136.82M
NHYM,Nuveen High Yield Municipal Income ETF,Fixed Income,136.58M
ESG,FlexShares STOXX US ESG Select Index Fund,Equity,136.17M
TJUL,Innovator 2 Yr to July 2027,Alternatives,136.16M
KJUL,Innovator U.S. Small Cap Power Buffer ETF - July,Alternatives,135.99M
RINT,International Developed Equity ETF,Equity,135.73M
CGV,Conductor Global Equity Value ETF,Equity,135.70M
NEMD,Neuberger Emerging Markets Debt Hard Currency ETF,Fixed Income,135.68M
MSSS,Monarch Select Subsector ETF Fund,Equity,135.38M
JPXN,iShares JPX-Nikkei 400 ETF,Equity,135.30M
FEMR,Fidelity Enhanced Emerging Markets ETF,Equity,135.17M
EWO,iShares MSCI Austria ETF,Equity,135.10M
ELD,WisdomTree Emerging Markets Local Debt Fund,Fixed Income,134.96M
LGRO,Level Four Large Cap Growth Active ETF,Equity,134.89M
SMCO,Hilton Small-MidCap Opportunity ETF,Equity,134.63M
PZT,Invesco New York AMT-Free Municipal Bond ETF,Fixed Income,134.60M
JABS,Janus Henderson Asset-Backed Securities ETF,Fixed Income,134.48M
ZMAY,Innovator Equity Defined Protection ETF - 1 Yr May,Alternatives,134.41M
KEMX,KraneShares MSCI Emerging Markets EX China Index ETF,Equity,134.30M
BKCI,BNY Mellon Concentrated International ETF,Equity,134.06M
NFTY,First Trust India NIFTY 50 Equal Weight ETF,Equity,133.88M
XBAP,Innovator U.S. Equity Accelerated 9 Buffer ETF - April,Alternatives,133.88M
CHIQ,Global X MSCI China Consumer Discretionary ETF,Equity,133.85M
SPYA,Twin Oak Endure ETF,Equity,133.85M
OAEM,OneAscent Enhanced Small and Mid Cap ETF Institutional Shs OneAscent Emerging Markets Fund,Equity,133.44M
FTRI,First Trust Indxx Global Natural Resources Income ETF,Equity,133.11M
CWS,AdvisorShares Focused Equity ETF,Equity,132.83M
TBF,Proshares Short 20+ Year Treasury,Fixed Income,132.80M
FIAX,Nicholas Fixed Income Alternative ETF,Alternatives,132.55M
TSEL,Touchstone Sands Capital US Select Growth ETF,Equity,132.13M
BSMY,Invesco BulletShares 2034 Municipal Bond ETF,Fixed Income,131.59M
AMUU,Direxion Daily AMD Bull 2X ETF,Equity,131.57M
ECML,Euclidean Fundamental Value ETF,Equity,131.49M
PSCH,Invesco S&P SmallCap Health Care ETF,Equity,131.36M
SEPI,Shelton Equity Premium Income ETF,Equity,131.20M
IBIG,iShares iBonds Oct 2030 Term TIPS ETF,Fixed Income,130.74M
YANG,Direxion Daily FTSE China Bear 3X ETF,Equity,130.73M
PSTP,Innovator Power Buffer Step-Up Strategy ETF,Alternatives,130.72M
AIFD,TCW Artificial Intelligence ETF,Equity,130.51M
GHYB,Goldman Sachs Access High Yield Corporate Bond ETF,Fixed Income,130.42M
BUL,Pacer US Cash Cows Growth ETF,Equity,130.37M
SEPZ,TrueShares Structured Outcome September ETF,Alternatives,130.24M
XMAR,FT Vest U.S. Equity Enhance & Moderate Buffer ETF - March,Alternatives,130.06M
CRTC,Xtrackers US National Critical Technologies ETF,Equity,129.97M
PXJ,Invesco Oil & Gas Services ETF,Equity,129.93M
RGTX,Defiance Daily Target 2X Long RGTI ETF,Equity,129.48M
PXE,Invesco Energy Exploration & Production ETF,Equity,129.47M
PATN,Pacer Nasdaq International Patent Leaders ETF,Equity,129.11M
DWUS,AdvisorShares Dorsey Wright FSM US Core ETF,Equity,129.05M
IVVB,iShares Large Cap Deep Quarterly Laddered ETF,Alternatives,128.70M
EPHE,iShares MSCI Philippines ETF,Equity,128.32M
FSOL,Fidelity Solana Fund,Currency,128.31M
BUFI,AB International Buffer ETF Intl Buffer ETF,Alternatives,128.30M
ZJUL,Innovator Equity Defined Protection ETF - 1 Yr July,Alternatives,128.27M
INCE,Franklin Income Equity Focus ETF,Equity,128.16M
IYLD,iShares Morningstar Multi-Asset Income ETF,Asset Allocation,128.09M
BSSX,Invesco BulletShares 2033 Municipal Bond ETF,Fixed Income,127.97M
ZSEP,Innovator 1 Yr September,Alternatives,127.85M
DSMC,Distillate Small/Mid Cash Flow ETF,Equity,127.83M
EGGY,NestYield Dynamic Income ETF,Equity,127.63M
YJUN,FT Vest International Equity Moderate Buffer ETF - June,Alternatives,127.41M
APLY,YieldMax AAPL Option Income Strategy ETF,Equity,127.28M
XHE,State Street SPDR S&P Health Care Equipment ETF,Equity,127.26M
SMDX,Intech S&P Small-Mid Cap Diversified Alpha ETF,Equity,127.10M
SIXS,ETC 6 Meridian Small Cap Equity ETF,Equity,126.84M
KQQQ,Kurv Technology Titans Select ETF,Equity,126.49M
RSBT,Return Stacked Bonds & Managed Futures ETF,Alternatives,126.30M
SIXO,AllianzIM U.S. Equity 6 Month Buffer10 Apr/Oct ETF,Alternatives,125.98M
MBBA,iShares Mortgage-Backed Securities Active ETF,Fixed Income,125.43M
FSYD,Fidelity Sustainable High Yield ETF,Fixed Income,125.40M
COHX,Tradr 2X Long COHR Daily ETF,Equity,125.15M
SSPY,Stratified LargeCap Index ETF,Equity,125.11M
DECT,AllianzIM U.S. Equity Buffer10 Dec ETF,Alternatives,124.99M
HIDE,Alpha Architect High Inflation & Deflation ETF,Asset Allocation,124.93M
LDRT,iShares iBonds 1-5 Year Treasury Ladder ETF,Fixed Income,124.52M
YSEP,FT Vest International Equity Moderate Buffer ETF - September,Alternatives,124.48M
GOEX,Global X Gold Explorers ETF,Equity,124.00M
SFEB,FT Vest U.S. Small Cap Moderate Buffer ETF - February,Alternatives,123.96M
XSEP,FT Vest U.S. Equity Enhance & Moderate Buffer ETF - September,Alternatives,123.93M
GPTY,YieldMax AI & Tech Portfolio Option Income ETF,Equity,123.84M
IROC,Invesco Rochester High Yield Municipal ETF,Fixed Income,123.81M
AOHY,Angel Oak High Yield Opportunities ETF,Fixed Income,122.83M
STXT,Strive Total Return Bond ETF,Fixed Income,122.79M
KEAT,Keating Active ETF,Equity,122.55M
FLCC,Federated Hermes MDT Large Cap Core ETF,Equity,122.52M
GTOS,Invesco Short Duration Total Return Bond ETF,Fixed Income,122.45M
HGRO,Hedgeye Quality Growth ETF,Equity,122.44M
FCVT,First Trust SSI Strategic Convertible Securities ETF,Fixed Income,122.33M
QCAP,FT Vest Nasdaq-100 Conservative Buffer ETF - April,Alternatives,122.31M
JHCP,John Hancock Core Plus Bond ETF,Fixed Income,122.16M
MOOD,Relative Sentiment Tactical Allocation ETF,Asset Allocation,122.02M
UDIV,Franklin U.S. Core Dividend Tilt Index ETF,Equity,121.94M
DEFR,Aptus Deferred Income ETF,Fixed Income,121.87M
ROAM,Hartford Multifactor Emerging Markets ETF,Equity,121.85M
VTG,Vanguard Total Treasury ETF,Fixed Income,121.84M
BKCG,BNY Mellon Concentrated Growth ETF,Equity,121.43M
KRMA,Global X Conscious Companies ETF,Equity,121.21M
AVEE,Avantis Emerging Markets Small Cap Equity ETF,Equity,121.11M
CVY,Invesco Zacks Multi-Asset Income ETF,Asset Allocation,121.07M
SPVM,Invesco S&P 500 Value with Momentum ETF,Equity,120.88M
ZNOV,Innovator 1 Yr November,Alternatives,120.67M
UGA,United States Gasoline Fund LP,Commodity,120.50M
XXRP,Teucrium 2x Long Daily XRP ETF,Currency,120.48M
RZG,Invesco S&P Smallcap 600 Pure Growth ETF,Equity,120.38M
TURF,T. Rowe Price Natural Resource ETF,Equity,120.33M
PTH,Invesco Dorsey Wright Healthcare Momentum ETF,Equity,120.11M
BUZZ,VanEck Social Sentiment ETF,Equity,119.40M
GBF,iShares Government/Credit Bond ETF,Fixed Income,119.39M
IBUY,Amplify Online Retail ETF,Equity,119.32M
ZMAR,Innovator 1 Yr March,Alternatives,119.26M
RWM,ProShares Short Russell2000,Equity,119.25M
FEUS,FlexShares ESG & Climate US Large Cap Core Index Fund,Equity,119.15M
UPGD,Invesco Bloomberg Analyst Rating Improvers ETF,Equity,119.05M
WEBL,Direxion Daily Dow Jones Internet Bull 3X ETF,Equity,118.80M
UNHG,Leverage Shares 2X Long UNH Daily ETF,Equity,118.69M
PSCE,Invesco S&P SmallCap Energy ETF,Equity,118.68M
UDN,Invesco DB US Dollar Index Bearish Fund,Currency,118.60M
FMCX,FM Focus Equity ETF,Equity,118.46M
IQHI,NYLI MacKay High Income ETF,Fixed Income,118.07M
FTHF,First Trust Emerging Markets Human Flourishing ETF,Equity,117.91M
TSMY,YieldMax TSM Option Income Strategy ETF,Equity,117.86M
FLEE,Franklin FTSE Europe ETF,Equity,117.81M
KCCA,KraneShares California Carbon Allowance Strategy ETF,Commodity,117.58M
OPER,ClearShares Ultra-Short Maturity ETF,Fixed Income,117.56M
PGRO,Putnam Focused Large Cap Growth ETF,Equity,117.09M
PFFR,InfraCap REIT Preferred ETF,Fixed Income,116.74M
TMFM,Motley Fool Mid-Cap Growth ETF,Equity,116.72M
FSML,Franklin Small Cap Enhanced ETF,Equity,116.68M
CRDU,Tradr 2X Long CRDO Daily ETF,Equity,116.58M
BUFY,FT Vest Laddered International Moderate Buffer ETF,Alternatives,116.55M
BNDP,Vanguard Core-Plus Bond Index ETF,Fixed Income,116.49M
BEX,Tradr 2X Long BE Daily ETF,Equity,116.45M
PFRL,PGIM Floating Rate Income ETF,Fixed Income,116.21M
DDFD,Innovator Equity Dual Directional 15 Buffer ETF - December,Alternatives,116.14M
OVLH,Overlay Shares Hedged Large Cap Equity ETF,Equity,115.94M
HECO,State Street Galaxy Hedged Digital Asset Ecosystem ETF,Equity,115.84M
GSEU,Goldman Sachs ActiveBeta Europe Equity ETF,Equity,115.82M
AFK,VanEck Africa Index ETF,Equity,115.69M
DALI,First Trust Dorsey Wright DALI Equity ETF,Equity,115.39M
OGIG,ALPS O'Shares Global Internet Giants ETF,Equity,115.11M
PFIG,Invesco Fundamental Investment Grade Corporate Bond ETF,Fixed Income,115.06M
AGRW,Allspring LT Large Growth ETF,Equity,114.92M
FAZ,Direxion Daily Financial Bear 3X ETF,Equity,114.59M
HARD,Simplify Commodities Strategy No K-1 ETF,Commodity,114.49M
LSAF,LeaderShares AlphaFactor US Core Equity ETF,Equity,114.46M
CRPT,First Trust SkyBridge Crypto Industry & Digital Economy ETF,Equity,114.15M
ZDEK,Innovator 1 Yr December,Alternatives,114.13M
INDS,Pacer Industrial Real Estate ETF,Equity,113.87M
ACSI,American Customer Satisfaction ETF,Equity,113.75M
YNOT,Horizon Digital Frontier ETF,Equity,113.66M
VETZ,Academy Veteran Bond ETF,Fixed Income,113.41M
CEPI,REX Crypto Equity Premium Income ETF,Equity,113.33M
BABX,GraniteShares 2x Long BABA Daily ETF,Equity,113.03M
PAYM,TrueShares S&P Autocallable Defensive Income ETF,Alternatives,112.81M
RBIL,F/m Ultrashort Treasury Inflation-Protected Security (TIPS) ETF,Fixed Income,112.50M
SNOV,FT Vest U.S. Small Cap Moderate Buffer ETF - November,Alternatives,112.37M
VUSI,Voya Ultra Short Income ETF,Fixed Income,112.29M
DDFN,Innovator Equity Dual Directional 15 Buffer ETF - November,Alternatives,111.80M
SPYC,Simplify US Equity PLUS Convexity ETF,Equity,111.75M
IBID,iShares iBonds Oct 2027 Term TIPS ETF,Fixed Income,111.60M
KLIP,KraneShares KWEB Covered Call Strategy ETF,Equity,111.55M
UPSD,Aptus Large Cap Upside ETF,Equity,111.45M
LCLG,Logan Capital Broad Innovative Growth ETF,Equity,111.31M
ESGG,FlexShares STOXX Global ESG Select Index Fund,Equity,111.12M
GOLY,Strategy Shares Gold Enhanced Yield ETF,Asset Allocation,111.10M
ENOR,iShares MSCI Norway ETF,Equity,111.08M
ZOCT,Innovator 1 Yr October,Alternatives,110.96M
FLLA,Franklin FTSE Latin America ETF,Equity,110.53M
FVC,First Trust Dorsey Wright Dynamic Focus 5 ETF,Equity,110.36M
HOOY,YieldMax HOOD Option Income Strategy ETF,Equity,110.22M
PRSD,State Street Short Duration IG Public & Private Credit ETF,Fixed Income,110.17M
HIMZ,Defiance Daily Target 2X Long HIMS ETF,Equity,110.12M
KNOV,Innovator U.S. Small Cap Power Buffer ETF - November,Alternatives,110.09M
PCLG,Polen Focus Growth ETF,Equity,110.08M
LNOK,Defiance Daily Target 2X Long NOK ETF,Equity,109.85M
EOCT,Innovator Emerging Markets Power Buffer ETF - October,Alternatives,109.64M
AIEQ,Amplify AI Powered Equity ETF,Equity,109.57M
CPSL,Calamos Laddered S&P 500 Structured Alt Protection ETF,Alternatives,109.48M
DRNZ,REX Drone ETF,Equity,109.15M
SEPW,AllianzIM U.S. Equity Buffer20 Sep ETF,Alternatives,109.03M
FCLD,Fidelity Cloud Computing ETF,Equity,108.90M
DOG,ProShares Short Dow30,Equity,108.72M
HYGW,iShares High Yield Corporate Bond BuyWrite Strategy ETF,Fixed Income,108.62M
ICAP,Infrastructure Capital Equity Income ETF,Equity,108.61M
MVFD,Monarch Volume Factor Dividend Tree ETF,Asset Allocation,108.45M
NUHY,Nuveen ESG High Yield Corporate Bond ETF,Fixed Income,108.27M
BCUS,Bancreek U.S. Large Cap ETF,Equity,108.05M
NVII,REX NVDA Growth & Income ETF,Equity,108.05M
NBIG,Leverage Shares 2X Long NBIS Daily ETF,Equity,107.95M
SPD,Simplify US Equity PLUS Downside Convexity ETF,Equity,107.94M
NCIQ,Hashdex Nasdaq CME Crypto Index ETF,Currency,107.92M
DBE,Invesco DB Energy Fund,Commodity,107.89M
TLCI,Touchstone International Equity ETF,Equity,107.85M
SEMY,GraniteShares YieldBOOST Semiconductor ETF,Equity,107.63M
AVOS,Avos Global Equities ETF,Equity,107.56M
UNOV,Innovator U.S. Equity Ultra Buffer ETF - November,Alternatives,107.48M
IQDY,FlexShares International Quality Dividend Dynamic Index Fund,Equity,107.43M
MARM,FT Vest U.S. Equity Max Buffer ETF - March,Alternatives,107.42M
GSOL,Grayscale Solana Staking ETF,Currency,107.38M
JHCB,John Hancock Corporate Bond ETF,Fixed Income,107.28M
BRHY,iShares High Yield Active ETF,Fixed Income,107.22M
WTBN,WisdomTree Bianco Total Return Fund,Fixed Income,106.82M
FDCF,Fidelity Disruptive Communications ETF,Equity,106.70M
MSTZ,T-Rex 2X Inverse MSTR Daily Target ETF,Equity,106.70M
FDIF,Fidelity Disruptors ETF,Equity,106.65M
IDYN,iShares International Equity Factor Rotation Active ETF,Equity,106.35M
QMMY,FT Vest Nasdaq-100 Moderate Buffer ETF - May,Alternatives,106.10M
SAUG,FT Vest U.S. Small Cap Moderate Buffer ETF - August,Alternatives,106.08M
HOOG,Leverage Shares 2X Long HOOD Daily ETF,Equity,106.07M
TSYY,GraniteShares YieldBOOST TSLA ETF,Equity,105.98M
FXA,Invesco CurrencyShares Australian Dollar Trust,Currency,105.92M
ZSL,ProShares UltraShort Silver,Commodity,105.63M
KSLV,Kurv Silver Enhanced Income ETF,Commodity,105.61M
KARS,KraneShares Electric Vehicles & Future Mobility Index ETF,Equity,105.57M
QGRD,Horizon Nasdaq-100 Defined Risk ETF,Equity,105.51M
RSSY,Return Stacked U.S. Stocks & Futures Yield ETF,Asset Allocation,105.33M
USAI,Pacer American Energy Infrastructure ETF,Equity,105.31M
LFSC,F/M Emerald Life Sciences Innovation ETF,Equity,105.06M
AMID,Argent Mid Cap ETF,Equity,105.00M
HYSD,Columbia Short Duration High Yield ETF,Fixed Income,104.98M
AOTG,AOT Growth and Innovation ETF,Equity,104.88M
RIET,Hoya Capital High Dividend Yield ETF,Equity,104.54M
REMG,Emerging Markets Equity ETF,Equity,104.42M
NFRX,Harrison Street Infrastructure Active ETF,Equity,104.30M
OWNS,CCM Affordable Housing MBS ETF,Fixed Income,104.24M
IBUF,Innovator International Developed 10 Buffer ETF - Quarterly,Alternatives,104.14M
TDSC,ETC Cabana Target Drawdown 10 ETF,Asset Allocation,104.09M
DDFA,Innovator Equity Dual Directional 15 Buffer ETF - April,Alternatives,104.06M
DDTL,Innovator Equity Dual Directional 10 Buffer ETF - July,Alternatives,103.91M
IBLC,iShares Blockchain and Tech ETF,Equity,103.85M
SEPT,AllianzIM U.S. Equity Buffer10 Sep ETF,Alternatives,103.83M
DBEM,Xtrackers MSCI Emerging Markets Hedged Equity ETF,Equity,103.78M
ALTL,Pacer Lunt Large Cap Alternator ETF,Equity,103.76M
FGM,First Trust Germany AlphaDEX Fund,Equity,103.58M
HEFT,Hedgeye Fourth Turning ETF,Alternatives,103.46M
CGHY,Capital Group High Yield Bond ETF,Fixed Income,103.37M
EWK,iShares MSCI Belgium ETF,Equity,103.31M
LVDS,JPMorgan Fundamental Data Science Large Value ETF,Equity,103.30M
ARB,AltShares Merger Arbitrage ETF,Alternatives,103.08M
CSNR,Cohen & Steers Natural Resources Active ETF,Equity,102.92M
HIPS,GraniteShares HIPS US High Income ETF,Asset Allocation,102.87M
FFND,One Global ETF,Equity,102.84M
GLL,ProShares UltraShort Gold,Commodity,102.63M
RDWU,T-REX 2X Long RDW Daily Target ETF,Equity,102.48M
CCOM,Simplify Chinese Commodities Strategy No K-1 ETF,Commodity,102.47M
BAMV,Brookstone Value Stock ETF,Equity,102.44M
XRPI,Volatility Shares Trust XRP ETF,Currency,102.35M
FCA,First Trust China AlphaDEX Fund,Equity,102.34M
PGJ,Invesco Golden Dragon China ETF,Equity,102.29M
ETHV,VanEck Ethereum ETF,Currency,102.25M
IMAR,Innovator International Developed Power Buffer ETF March,Alternatives,102.09M
CHAU,Direxion Daily CSI 300 China A Share Bull 2X ETF,Equity,102.02M
XHS,State Street SPDR S&P Health Care Services ETF,Equity,101.99M
BLUI,Bluemonte Diversified Income ETF,Asset Allocation,101.87M
NATO,Themes Transatlantic Defense ETF,Equity,101.82M
FBY,YieldMax META Option Income Strategy ETF,Equity,101.59M
ZAUG,Innovator 1 Yr August,Alternatives,101.57M
DYTA,SGI Dynamic Tactical ETF,Equity,101.43M
GXPT,Global X PureCap MSCI Information Technology ETF,Equity,101.39M
FRGN,Horizon International Equity ETF,Equity,101.36M
INTM,Invesco Intermediate Municipal ETF,Fixed Income,101.36M
PIFI,ClearShares Piton Intermediate Fixed Income ETF,Fixed Income,101.28M
BMVP,Invesco Bloomberg MVP Multi-factor ETF,Equity,101.26M
GIAX,Nicholas Global Equity and Income ETF,Equity,101.07M
TRPA,Hartford AAA CLO ETF,Fixed Income,101.06M
WDEF,WisdomTree Europe Defense Fund,Equity,101.01M
MGOV,First Trust Intermediate Government Opportunities ETF,Fixed Income,100.94M
EAPR,Innovator Emerging Markets Power Buffer ETF - April,Alternatives,100.91M
MARS,Roundhill Space & Technology ETF,Equity,100.91M
HIBL,Direxion Daily S&P 500 High Beta Bull 3X ETF,Equity,100.87M
SMAY,FT Vest U.S. Small Cap Moderate Buffer ETF - May,Alternatives,100.46M
RSPR,Invesco S&P 500 Equal Weight Real Estate ETF,Equity,100.42M
METL,Sprott Active Metals & Miners ETF,Equity,100.30M
ACEP,ARS Core Equity Portfolio ETF,Equity,100.16M
WDCX,Tradr 2X Long WDC Daily ETF,Equity,100.12M
PSMO,Pacer Swan SOS Moderate (October) ETF,Alternatives,99.84M
ITDC,iShares LifePath Target Date 2035 ETF USD,Asset Allocation,99.77M
IREX,Tradr 2X Long IREN Daily ETF,Equity,99.70M
WCBR,WisdomTree Cybersecurity Fund,Equity,99.58M
KGLD,Kurv Gold Enhanced Income ETF,Commodity,99.54M
AGZD,WisdomTree Interest Rate Hedged U.S. Aggregate Bond Fund,Fixed Income,99.53M
CLSM,ETC Cabana Target Leading Sector Moderate ETF,Asset Allocation,99.52M
MID,American Century Mid Cap Growth Impact ETF,Equity,99.51M
HERD,Pacer Cash Cows Fund of Funds ETF,Equity,99.48M
EMCB,WisdomTree Emerging Markets Corporate Bond Fund,Fixed Income,99.36M
ITDD,iShares LifePath Target Date 2040 ETF,Asset Allocation,99.34M
DDFO,Innovator Equity Dual Directional 15 Buffer ETF - October,Alternatives,99.28M
IWMY,Defiance R2000 Weekly Distribution ETF,Equity,99.00M
MFSM,MFS Active Intermediate Muni Bond ETF,Fixed Income,98.96M
NNOV,Innovator Growth-100 Power Buffer ETF - November,Alternatives,98.96M
NVBW,AllianzIM U.S. Equity Buffer20 Nov ETF,Alternatives,98.82M
GLIN,VanEck India Growth Leaders ETF,Equity,98.73M
AFSM,First Trust Active Factor Small Cap ETF,Equity,98.49M
QQQU,Direxion Daily Magnificent 7 Bull 2X ETF,Equity,98.32M
GSC,Goldman Sachs Small Cap Equity ETF,Equity,98.26M
CVMC,Calvert US Mid-Cap Core Responsible Index ETF,Equity,98.14M
IBIF,iShares iBonds Oct 2029 Term TIPS ETF,Fixed Income,97.64M
GCC,WisdomTree Enhanced Commodity Strategy Fund,Commodity,97.46M
MILN,Global X Millennial Consumer ETF,Equity,97.43M
ASEA,Global X FTSE Southeast Asia ETF,Equity,97.13M
BAIV,Brown Advisory International Value Select ETF,Equity,97.02M
YALL,God Bless America ETF,Equity,96.95M
PUSH,PGIM Ultra Short Municipal Bond ETF,Fixed Income,96.83M
NMAR,Innovator Growth-100 Power Buffer ETF - March,Alternatives,96.72M
BRZU,Direxion Daily MSCI Brazil Bull 2X ETF,Equity,96.62M
FLCV,Federated Hermes MDT Large Cap Value ETF,Equity,96.31M
MRVU,Direxion Daily MRVL Bull 2X ETF,Equity,96.19M
MAVF,Matrix Advisors Value ETF,Equity,96.10M
SPUC,Simplify US Equity PLUS Upside Convexity ETF,Equity,96.03M
SOLZ,Solana ETF,Currency,95.98M
IBGA,iShares iBonds Dec 2044 Term Treasury ETF,Fixed Income,95.94M
JGRW,Jensen Quality Growth ETF,Equity,95.92M
AWAY,Amplify Travel Tech ETF,Equity,95.74M
FDIV,MarketDesk Focused U.S. Dividend ETF,Equity,95.53M
HISF,First Trust High Income Strategic Focus ETF,Fixed Income,95.53M
MKTN,Federated Hermes MDT Market Neutral ETF,Alternatives,95.46M
DWAW,AdvisorShares Dorsey Wright FSM All Cap World ETF,Equity,95.39M
MSFO,YieldMax MSFT Option Income Strategy ETF,Equity,95.31M
XBJA,Innovator U.S. Equity Accelerated 9 Buffer ETF - January,Alternatives,95.28M
EVX,VanEck Environmental Services ETF,Equity,95.23M
GINX,SGI Enhanced Global Income ETF,Equity,95.16M
RWLC,Rayliant NxtGen Multifactor US Equity ETF,Equity,95.15M
RCGE,RockCreek Global Equality ETF,Equity,95.07M
BAMD,Brookstone Dividend Stock ETF,Equity,94.94M
BCIL,Bancreek International Large Cap ETF,Equity,94.90M
VCOB,Voya Core Bond ETF,Fixed Income,94.86M
TAXS,Northern Trust Short-Term Tax-Exempt Bond ETF,Fixed Income,94.45M
ATTR,Arin Tactical Tail Risk ETF,Equity,94.41M
SPDV,AAM S&P 500 High Dividend Value ETF,Equity,94.13M
FDRS,Founder-Led ETF,Equity,94.12M
LINT,Direxion Daily INTC Bull 2X ETF,Equity,94.12M
NUAG,Nuveen Enhanced Yield U.S. Aggregate Bond ETF,Fixed Income,94.08M
MBSD,FlexShares Disciplined Duration MBS Index Fund,Fixed Income,93.91M
KAMO,Kensington Credit Opportunities ETF,Fixed Income,93.80M
FCUS,Pinnacle Focused Opportunities ETF,Equity,93.74M
IBMT,iShares iBonds Dec 2031 Term Muni Bond ETF,Fixed Income,93.71M
MMLG,First Trust Multi-Manager Large Growth ETF,Equity,93.58M
GENT,Genter Capital Taxable Quality Intermediate ETF,Fixed Income,93.48M
SMAX,iShares Large Cap Max Buffer Sep ETF,Alternatives,93.41M
PSMD,Pacer Swan SOS Moderate (January) ETF,Alternatives,93.40M
MRAL,GraniteShares 2x Long MARA Daily ETF,Equity,93.29M
GXPC,Global X PureCap MSCI Communication Services ETF,Equity,93.04M
SOCL,Global X Social Media ETF,Equity,93.03M
ISEP,Innovator International Developed Power Buffer ETF - September,Alternatives,92.74M
STNC,Hennessy Sustainable ETF,Equity,92.68M
SOVF,Sovereign's Capital Flourish Fund,Equity,92.54M
QXQ,SGI Enhanced Nasdaq 100 ETF,Equity,92.36M
TIPZ,PIMCO Broad U.S. TIPS Index ETF,Fixed Income,92.01M
FAI,First Trust Bloomberg Artificial Intelligence ETF,Equity,91.75M
ORCU,Direxion Daily ORCL Bull 2X ETF,Equity,91.67M
ACII,Innovator Index Autocallable Income Strategy ETF,Alternatives,91.50M
JOYT,JPMorgan Equity and Options Total Return ETF,Equity,91.31M
GMOV,GMO US Value ETF,Equity,90.92M
AMDW,Roundhill AMD WeeklyPay ETF,Equity,90.88M
PBJ,Invesco Food & Beverage ETF,Equity,90.83M
PQUS,Pictet AI Enhanced US Equity ETF,Equity,90.82M
HYTI,FT Vest High Yield & Target Income ETF,Alternatives,90.68M
DHLX,Diamond Hill Large Cap Concentrated ETF,Equity,90.53M
DMX,DoubleLine Multi-Sector Income ETF,Fixed Income,90.42M
TOAK,Twin Oak Short Horizon Absolute Return ETF,Alternatives,90.35M
ABLD,Abacus FCF Real Assets Leaders ETF,Equity,90.11M
PSMR,Pacer Swan SOS Moderate (April) ETF,Alternatives,90.01M
BKEM,BNY Mellon Emerging Markets Equity ETF,Equity,89.98M
JANU,AllianzIM U.S. Equity Buffer15 Uncapped Jan ETF,Alternatives,89.78M
SMU,Tradr 2X Long SMR Daily ETF,Equity,89.75M
EMTL,State Street DoubleLine Emerging Markets Fixed Income ETF,Fixed Income,89.66M
GROZ,Zacks Focus Growth ETF,Equity,89.63M
CHPS,Xtrackers Semiconductor Select Equity ETF,Equity,89.58M
ETHD,ProShares UltraShort Ether ETF,Currency,89.57M
IBAT,iShares Energy Storage & Materials ETF,Equity,89.40M
FFTY,CapForce IBD 50 ETF,Equity,89.37M
ITAN,Sparkline Intangible Value ETF,Equity,89.19M
GOOW,Roundhill GOOGL WeeklyPay ETF,Equity,89.13M
BSJV,Invesco BulletShares 2031 High Yield Corporate Bond ETF,Fixed Income,89.09M
IBOT,Vaneck Robotics ETF,Equity,88.97M
VEGA,AdvisorShares STAR Global Buy-Write ETF,Asset Allocation,88.89M
PRXG,Praxis Impact Large Cap Growth ETF,Equity,88.74M
PSMJ,Pacer Swan SOS Moderate (July) ETF,Alternatives,88.36M
FLMX,Franklin FTSE Mexico ETF,Equity,88.29M
LABD,Direxion Daily S&P Biotech Bear 3X ETF,Equity,88.12M
GPRF,Goldman Sachs Access U.S. Preferred Stock and Hybrid Securities ETF,Fixed Income,88.00M
LABX,Tradr 2X Long ALAB Daily ETF,Equity,88.00M
IQM,Franklin Intelligent Machines ETF,Equity,87.87M
MMCA,NYLI MacKay California Muni Intermediate ETF,Fixed Income,87.85M
RFDA,ALPS Dynamic US Dividend Advantage ETF,Equity,87.80M
GLNK,Grayscale Chainlink Trust ETF,Currency,87.49M
RISN,Inspire Capital Appreciation ETF,Asset Allocation,87.31M
RBUF,Innovator U.S. Small Cap 10 Buffer ETF - Quarterly,Alternatives,87.29M
EGGQ,NestYield Visionary ETF,Equity,87.20M
CNBS,Amplify Seymour Cannabis ETF,Equity,86.84M
MARW,AllianzIM U.S. Equity Buffer20 Mar ETF,Alternatives,86.58M
PTBD,Pacer Trendpilot US Bond ETF,Fixed Income,86.35M
SPYQ,Tradr 2X Long SPY Quarterly ETF,Equity,86.33M
DUST,Direxion Daily Gold Miners Index Bear 2X ETF,Equity,86.30M
GDXW,Roundhill Gold Miners WeeklyPay ETF,Equity,86.28M
PJFV,PGIM Jennison Focused Value ETF,Equity,86.28M
IBIC,iShares iBonds Oct 2026 Term TIPS ETF,Fixed Income,85.92M
IFGL,iShares International Developed Real Estate ETF,Equity,85.90M
FLAU,Franklin FTSE Australia ETF,Equity,85.75M
EDGI,3EDGE Dynamic International Equity ETF,Equity,85.64M
THY,Toews Agility Shares Dynamic Tactical Income ETF,Asset Allocation,85.49M
RJDI,RJ Eagle GCM Dividend Select Income ETF,Equity,85.41M
KDEC,Innovator U.S. Small Cap Power Buffer ETF - December,Alternatives,85.25M
TMFE,Motley Fool Capital Efficiency 100 Index ETF,Equity,84.92M
WLDR,Affinity World Leaders Equity ETF,Equity,84.68M
ITEQ,Amplify BlueStar Israel Technology ETF,Equity,84.49M
TCV,Towle Value ETF,Equity,84.46M
GSJY,Goldman Sachs ActiveBeta Japan Equity ETF,Equity,84.38M
CANE,Teucrium Sugar Fund,Commodity,84.32M
SPXE,ProShares S&P 500 Ex-Energy ETF,Equity,84.25M
OASC,OneAscent Enhanced Small and Mid Cap ETF,Equity,84.10M
HBDC,Hilton BDC Corporate Bond ETF,Fixed Income,84.04M
HUMN,Roundhill Humanoid Robotics ETF,Equity,83.88M
QAT,iShares MSCI Qatar ETF,Equity,83.74M
PYZ,Invesco Dorsey Wright Basic Materials Momentum ETF,Equity,83.71M
AIMS,Acuitas Small Cap Active ETF,Equity,83.69M
NFEB,Innovator Growth-100 Power Buffer ETF - February,Alternatives,83.46M
FLSW,Franklin FTSE Switzerland ETF,Equity,83.34M
JHHY,John Hancock High Yield ETF,Fixed Income,83.28M
IBIK,iShares iBonds Oct 2034 Term TIPS ETF,Fixed Income,83.13M
FPFD,Fidelity Preferred Securities & Income ETF,Fixed Income,83.02M
LODI,AAM SLC Low Duration Income ETF,Fixed Income,82.89M
BKSE,BNY Mellon US Small Cap Core Equity ETF,Equity,82.88M
MRNY,YieldMax MRNA Option Income Strategy ETF,Equity,82.87M
CGGG,Capital Group U.S. Large Growth ETF,Equity,82.63M
MARO,YieldMax MARA Option Income Strategy ETF,Equity,82.58M
WLTG,WealthTrust DBS Long Term Growth ETF,Asset Allocation,82.55M
NDEC,Innovator Growth-100 Power Buffer ETF - December,Alternatives,82.54M
FLMB,Franklin Municipal Green Bond ETF,Fixed Income,82.33M
QUIZ,Zacks Quality International ETF,Equity,82.29M
NODE,VanEck Onchain Economy ETF,Equity,82.16M
ARP,PMV Adaptive Risk Parity ETF,Alternatives,82.12M
FTCE,First Trust New Constructs Core Earnings Leaders ETF,Equity,82.12M
AGGA,EA Astoria Dynamic Core US Fixed Income ETF,Fixed Income,82.05M
NAUG,Innovator Growth-100 Power Buffer ETF - August,Alternatives,81.98M
MOTI,VanEck Morningstar International Moat ETF,Equity,81.87M
SOFX,Defiance Daily Target 2X Long SOFI ETF,Equity,81.86M
WEEI,Westwood Salient Enhanced Energy Income ETF,Equity,81.86M
AGNG,Global X Aging Population ETF,Equity,81.82M
RFEM,First Trust Riverfront Dynamic Emerging Markets ETF,Equity,81.80M
PSL,Invesco Dorsey Wright Consumer Staples Momentum ETF,Equity,81.62M
ASCI,Abrdn International Small Cap Active ETF,Equity,81.51M
NUMI,Nuveen Municipal Income ETF,Fixed Income,81.11M
BKF,iShares MSCI BIC ETF,Equity,80.99M
VABS,Virtus Newfleet Securitized Income ETF,Fixed Income,80.99M
PRAY,FIS Christian Stock Fund,Equity,80.96M
JULT,AllianzIM U.S. Equity Buffer10 Jul ETF,Alternatives,80.80M
GOP,Unusual Whales Subversive Republican Trading ETF,Equity,80.73M
INEQ,Columbia International Equity Income ETF,Equity,80.68M
PBL,PGIM Portfolio Ballast ETF,Asset Allocation,80.52M
FLCE,Frontier Asset US Large Cap Equity ETF,Equity,80.37M
VRTL,GraniteShares 2x Long VRT Daily ETF,Equity,80.33M
RFLR,Innovator U.S. Small Cap Managed Floor ETF,Alternatives,80.25M
JPY,Lazard Japanese Equity ETF,Equity,80.15M
STXK,Strive Small-Cap ETF,Equity,79.93M
RDFI,Rareview Dynamic Fixed Income ETF,Fixed Income,79.87M
MAGX,Roundhill Daily 2X Long Magnificent Seven ETF,Equity,79.80M
PXI,Invesco Dorsey Wright Energy Momentum ETF,Equity,79.75M
PFOE,Pathfinder Focused Opportunities ETF,Equity,79.38M
XC,WisdomTree True Emerging Markets Fund,Equity,79.34M
ITDE,iShares LifePath Target Date 2045 ETF USD,Asset Allocation,79.28M
SPXN,ProShares S&P 500 Ex-Financials ETF,Equity,79.14M
QBER,TrueShares Quarterly Bear Hedge ETF,Equity,78.92M
FCEF,First Trust Income Opportunities ETF,Asset Allocation,78.86M
BOAT,SonicShares Global Shipping ETF,Equity,78.81M
TUGN,STF Tactical Growth & Income ETF,Asset Allocation,78.81M
SSK,REX-Osprey SOL + Staking ETF,Currency,78.77M
STXV,Strive 1000 Value ETF,Equity,78.60M
MIDU,Direxion Daily Mid Cap Bull 3X ETF,Equity,78.49M
UJUN,Innovator U.S. Equity Ultra Buffer ETF - June,Alternatives,78.22M
ASCE,Allspring SMID Core ETF,Equity,78.17M
QABA,First Trust NASDAQ ABA Community Bank Index Fund,Equity,77.97M
BBP,Virtus Biotech ETF,Equity,77.92M
FTWO,Strive Natural Resources and Security ETF,Equity,77.91M
FINT,Frontier Asset Total International Equity ETF,Equity,77.86M
CATF,American Century California Municipal Bond ETF,Fixed Income,77.72M
ILS,Brookmont Catastrophic Bond ETF,Fixed Income,77.72M
FXB,Invesco CurrencyShares British Pound Sterling Trust,Currency,77.52M
QTPI,North Square RCIM Tax-Advantaged Preferred and Income Securities ETF,Fixed Income,77.24M
FEDM,FlexShares ESG & Climate Developed Markets ex-US Core Index Fund,Equity,77.22M
ITDF,iShares LifePath Target Date 2050 ETF USD,Asset Allocation,76.39M
SAGP,Strategas Global Policy Opportunities ETF,Equity,76.37M
PUI,Invesco Dorsey Wright Utilities Momentum ETF,Equity,76.17M
RSEE,Rareview Systematic Equity ETF,Equity,75.95M
SPBW,AllianzIM Buffer20 Allocation ETF,Alternatives,75.90M
HIGH,Simplify Enhanced Income ETF,Fixed Income,75.54M
IMAY,Innovator International Developed Power Buffer ETF - May,Alternatives,75.51M
MSOX,AdvisorShares MSOS Daily Leveraged ETF,Equity,75.48M
NULC,Nuveen ESG Large-Cap ETF,Equity,75.43M
SRTY,ProShares UltraPro Short Russell2000,Equity,75.37M
SURI,Simplify Propel Opportunities ETF,Asset Allocation,75.37M
NEHI,NEOS Ethereum High Income ETF,Currency,75.28M
ZAPR,Innovator 1 Yr April,Alternatives,75.22M
MMKT,Texas Capital Government Money Market ETF,Fixed Income,75.15M
QARP,Xtrackers Russell 1000 US Quality at a Reasonable Price ETF,Equity,74.91M
XOCT,FT Vest U.S. Equity Enhance & Moderate Buffer ETF - October,Alternatives,74.86M
EXUS,Nomura ETF Trust Nomura Focused International Core ETF,Equity,74.75M
XBJL,Innovator U.S. Equity Accelerated 9 Buffer ETF - July,Alternatives,74.72M
KAUG,Innovator US Small Cap Power Buffer ETF - August,Alternatives,74.67M
DIG,ProShares Ultra Energy,Equity,74.62M
NBFC,Neuberger Flexible Credit Income ETF,Fixed Income,74.61M
ENZL,iShares MSCI New Zealand ETF,Equity,74.54M
NACP,Tidal Trust III NAACP MINORITY EMPOWERMENT ETF,Equity,74.51M
OAKI,Oakmark International Large Cap ETF,Equity,74.45M
DTEC,ALPS Disruptive Technologies ETF,Equity,74.42M
ORBX,Global X Space Tech ETF,Equity,74.36M
TRTY,Cambria Trinity ETF,Asset Allocation,74.29M
FXC,Invesco CurrencyShares Canadian Dollar Trust,Currency,74.26M
AIVC,Amplify Bloomberg AI Value Chain ETF,Equity,74.24M
POEL,Defiance Daily Target 2X Long POET ETF,Equity,74.23M
FTOH,Franklin Ohio Municipal Income ETF,Fixed Income,73.98M
AAPR,Innovator 2 Yr to April 2028,Alternatives,73.86M
BIB,ProShares Ultra Nasdaq Biotechnology,Equity,73.66M
DDFJ,Innovator Equity Dual Directional 15 Buffer ETF - January,Alternatives,73.44M
KURE,KraneShares MSCI All China Health Care Index ETF,Equity,73.39M
MUD,Direxion Daily MU Bear 1X ETF,Equity,73.24M
DVOL,First Trust Dorsey Wright Momentum & Low Volatility ETF,Equity,73.23M
EIRL,iShares MSCI Ireland ETF,Equity,72.80M
APOC,Innovator 6mo Apr/Oct,Alternatives,72.74M
LEAD,Siren DIVCON Leaders Dividend ETF,Equity,72.70M
DBEZ,Xtrackers MSCI Eurozone Hedged Equity ETF,Equity,72.67M
RDTL,GraniteShares 2x Long RDDT Daily ETF,Equity,72.59M
PRXV,Praxis Impact Large Cap Value ETF,Equity,72.44M
DDFL,Innovator July Trust Units,Alternatives,72.40M
GRW,TCW Durable Growth ETF,Equity,72.39M
DOGG,FT Vest DJIA Dogs 10 Target Income ETF,Alternatives,72.34M
INKM,State Street Income Allocation ETF,Asset Allocation,72.31M
ITDB,iShares LifePath Target Date 2030 ETF,Asset Allocation,72.22M
TYA,Simplify Intermediate Term Treasury Futures Strategy ETF,Alternatives,72.21M
RXL,ProShares Ultra Health Care,Equity,72.08M
XSHD,Invesco S&P SmallCap High Dividend Low Volatility ETF,Equity,72.04M
HUSV,First Trust Horizon Managed Volatility Domestic ETF,Equity,71.96M
GAA,Cambria Global Asset Allocation ETF,Asset Allocation,71.90M
XBCI,NEOS Boosted Bitcoin High Income ETF,Currency,71.84M
PAB,PGIM Active Aggregate Bond ETF,Fixed Income,71.83M
ECNS,iShares MSCI China Small-Cap ETF,Equity,71.37M
RWEM,Rayliant NxtGen Multifactor Emerging Markets Equity ETF,Equity,71.31M
TRSY,Xtrackers US 0-1 Year Treasury ETF,Fixed Income,71.25M
APLX,Tradr 2X Long APLD Daily ETF,Equity,71.18M
EPRF,Innovator S&P Investment Grade Preferred ETF,Fixed Income,71.11M
NMAY,Innovator Growth-100 Power Buffer ETF - May,Alternatives,71.06M
XJUL,FT Vest U.S. Equity Enhance & Moderate Buffer ETF - July,Alternatives,70.98M
NIKL,Sprott Nickel Miners ETF,Equity,70.87M
BFLB,BufferLABS US Equity Dynamic Buffer ETF,Alternatives,70.73M
DDFF,Innovator Equity Dual Directional 15 Buffer ETF - February,Alternatives,70.72M
DVAL,BrandywineGLOBAL - Dynamic US Large Cap Value ETF,Equity,70.58M
GMOM,Cambria Global Momentum ETF,Asset Allocation,70.58M
LQDI,iShares Inflation Hedged Corporate Bond ETF,Fixed Income,70.48M
DVYA,iShares Asia/Pacific Dividend ETF,Equity,70.45M
KWT,iShares MSCI Kuwait ETF,Equity,70.21M
XITK,State Street SPDR FactSet Innovative Technology ETF,Equity,70.17M
ICPY,"Tweedy, Browne International Insider + Value ETF",Equity,70.12M
JMMF,JPMorgan 100% U.S. Treasury Securities Money Market ETF,Fixed Income,70.08M
BNDS,Infrastructure Capital Bond Income ETF,Fixed Income,69.66M
RSBY,Return Stacked Bonds & Futures Yield ETF,Asset Allocation,69.62M
GTR,WisdomTree Target Range Fund,Equity,69.47M
PRMR,PeakShares RMR Prime Equity ETF,Equity,69.47M
LCR,Leuthold Core ETF,Asset Allocation,69.39M
EASG,Xtrackers MSCI EAFE Selection Equity ETF,Equity,69.08M
BAMU,Brookstone Ultra-Short Bond ETF,Fixed Income,69.01M
PQDI,Principal Spectrum Preferred and Income ETF,Fixed Income,68.98M
IFLR,Innovator International Developed Managed Floor ETF,Alternatives,68.97M
AVMA,Avantis Moderate Allocation ETF,Asset Allocation,68.83M
NDOW,Anydrus Advantage ETF,Asset Allocation,68.69M
EUDG,WisdomTree Europe Quality Dividend Growth Fund,Equity,68.50M
XDSQ,Innovator US Equity Accelerated ETF,Alternatives,68.42M
PRNT,3D Printing ETF,Equity,68.31M
MMSD,NYLI MacKay Muni Short Duration ETF,Fixed Income,68.30M
MAGG,Madison Aggregate Bond ETF,Fixed Income,68.28M
VUSV,Vanguard Wellington U.S. Value Active ETF,Equity,68.25M
QPUX,Defiance 2X Daily Long Pure Quantum ETF,Equity,68.13M
PHDG,Invesco S&P 500 Downside Hedged ETF,Equity,68.09M
QCOC,FT Vest Nasdaq-100 Conservative Buffer ETF - October,Alternatives,68.04M
WNTR,YieldMax MSTR Short Option Income Strategy ETF,Equity,68.01M
PBTP,Invesco 0-5 Yr US TIPS ETF,Fixed Income,67.81M
RSSX,Return Stacked U.S. Stocks & Gold/Bitcoin ETF,Asset Allocation,67.68M
POW,VistaShares Electrification Supercycle ETF,Equity,67.64M
SXQG,ETC 6 Meridian Quality Growth ETF,Equity,67.62M
FMCE,FM Compounders Equity ETF,Equity,67.53M
WDTE,Defiance S&P 500 Weekly Distribution ETF,Equity,67.46M
DDX,Defined Duration 10 ETF,Asset Allocation,67.35M
YETH,Roundhill Ether Covered Call Strategy ETF,Currency,67.35M
XYLG,Global X S&P 500 Covered Call & Growth ETF,Equity,67.23M
RSDE,FT Vest U.S. Equity Equal Weight Buffer ETF - December,Alternatives,67.01M
SMOM,Symmetry Panoramic Sector Momentum ETF,Equity,66.98M
CAMX,Cambiar Aggressive Value ETF,Equity,66.95M
UPAR,UPAR Ultra Risk Parity ETF,Alternatives,66.95M
XUDV,Franklin U.S. Dividend Booster Index ETF,Equity,66.88M
EMC,Global X Emerging Markets Great Consumer ETF,Equity,66.83M
IFEB,Innovator International Developed Power Buffer ETF February,Alternatives,66.83M
DDIV,First Trust Dorsey Wright Momentum & Dividend ETF,Equity,66.66M
SOYB,Teucrium Soybean Fund,Commodity,66.62M
JULU,AllianzIM U.S. Equity Buffer15 Uncapped Jul ETF,Alternatives,66.52M
SJB,ProShares Short High Yield,Fixed Income,66.51M
IBBQ,Invesco Nasdaq Biotechnology ETF,Equity,66.27M
QCJL,FT Vest Nasdaq-100 Conservative Buffer ETF - July,Alternatives,66.14M
ONLN,ProShares Online Retail ETF,Equity,66.12M
MTGP,WisdomTree Mortgage Plus Bond Fund,Fixed Income,66.08M
DEED,First Trust Securitized Plus ETF,Fixed Income,66.07M
EFNL,iShares MSCI Finland ETF,Equity,65.81M
COAL,Range Global Coal Index ETF,Equity,65.63M
HYDW,Xtrackers Low Beta High Yield Bond ETF,Fixed Income,65.61M
STXD,Strive 1000 Dividend Growth ETF,Equity,65.59M
LCF,Touchstone US Large Cap Focused ETF,Equity,65.57M
MVPA,Miller Value Partners Appreciation ETF,Equity,65.50M
LALT,First Trust Multi-Strategy Alternative ETF,Alternatives,65.46M
FHDG,FT Vest U.S. Equity Quarterly Dynamic Buffer ETF,Alternatives,65.22M
DLFE,FT Vest U.S. Equity Dual Directional Buffer ETF - February,Alternatives,64.97M
FCSH,Federated Hermes Short Duration Corporate ETF,Fixed Income,64.97M
SYZ,Lazard US Systematic Small Cap Equity ETF,Equity,64.89M
XBOC,Innovator U.S. Equity Accelerated 9 Buffer ETF - October,Alternatives,64.63M
HERO,Global X Video Games & Esports ETF,Equity,64.57M
NVTX,Tradr 2X Long NVTS Daily ETF,Equity,64.52M
XRPT,Volatility Shares Trust XRP 2X ETF,Currency,64.45M
SMCL,GraniteShares 2x Long SMCI Daily ETF,Equity,64.44M
WCAP,WarCap Unconstrained Equity ETF,Equity,64.39M
TEND,iShares Large Cap 10% Target Buffer Dec ETF,Alternatives,64.33M
DEMZ,Democratic Large Cap Core ETF,Equity,64.30M
JPMB,JPMorgan USD Emerging Markets Sovereign Bond ETF,Fixed Income,64.21M
KNGZ,First Trust S&P 500 Diversified Dividend Aristocrats ETF,Equity,64.00M
UBT,ProShares Ultra 20+ Year Treasury,Fixed Income,63.96M
QMNV,FT Vest Nasdaq-100 Moderate Buffer ETF - November,Alternatives,63.94M
AIVI,WisdomTree International AI Enhanced Value Fund,Equity,63.85M
AMAX,Adaptive Hedged Multi-Asset Income ETF,Asset Allocation,63.84M
RIGS,RiverFront Strategic Income Fund,Fixed Income,63.57M
RSPE,Invesco ESG S&P 500 Equal Weight ETF,Equity,63.45M
EMM,Global X Emerging Markets ex-China ETF,Equity,63.44M
IWFG,NYLI Winslow Focused Large Cap Growth ETF,Equity,63.38M
HDGE,AdvisorShares Ranger Equity Bear ETF,Equity,63.15M
CRWL,GraniteShares 2x Long CRWD Daily ETF,Equity,63.08M
JUNM,FT Vest U.S. Equity Max Buffer ETF - June,Alternatives,62.99M
LITP,Sprott Lithium Miners ETF,Equity,62.99M
SOXY,YieldMax Target 12 Semiconductor Option Income ETF,Equity,62.83M
TRND,Pacer Trendpilot Fund of Funds ETF,Equity,62.82M
BOTT,Themes Humanoid Robotics ETF,Equity,62.78M
SEMG,Suncoast Select Growth ETF,Equity,62.69M
NVD,GraniteShares 2x Short NVDA Daily ETF,Equity,62.65M
EHLS,Even Herd Long Short ETF,Alternatives,62.58M
FUTG,Leverage Shares 2x Long FUTU Daily ETF,Equity,62.52M
SPCT,Liberty One Spectrum ETF,Equity,62.26M
TEMT,Tradr 2X Long TEM Daily ETF,Equity,62.26M
AVNV,Avantis All International Markets Value ETF,Equity,62.15M
USOY,Defiance Oil Enhanced Options Income ETF,Commodity,62.15M
RSPC,Invesco S&P 500 Equal Weight Communication Services ETF,Equity,62.11M
EQRR,ProShares Equities for Rising Rates ETF,Equity,62.00M
JUNW,AllianzIM U.S. Equity Buffer20 Jun ETF,Alternatives,61.91M
EFAD,ProShares MSCI EAFE Dividend Growers ETF,Equity,61.79M
PSTR,Peakshares Sector Rotation ETF,Equity,61.73M
JANT,AllianzIM U.S. Equity Buffer10 Jan ETF,Alternatives,61.70M
GURU,Global X Guru Index ETF,Equity,61.55M
OCTU,AllianzIM U.S. Equity Buffer15 Uncapped Oct ETF,Alternatives,61.55M
PSCW,Pacer Swan SOS Conservative (April) ETF,Alternatives,61.47M
KGRN,KraneShares MSCI China Clean Technology Index ETF,Equity,61.21M
EETH,ProShares Ether ETF,Currency,61.08M
OVT,Overlay Shares Short Term Bond ETF,Fixed Income,60.98M
TECS,Direxion Daily Technology Bear 3X ETF,Equity,60.95M
LSAT,Leadershares Alphafactor Tactical Focused ETF,Equity,60.85M
MDPL,Monarch Dividend Plus ETF,Equity,60.84M
IGTR,Innovator Gradient Tactical Rotation Strategy ETF,Equity,60.70M
QMAG,FT Vest Nasdaq-100 Moderate Buffer ETF - August,Alternatives,60.64M
MSTW,Roundhill MSTR WeeklyPay ETF,Equity,60.62M
DIVL,Madison Dividend Value ETF,Equity,60.59M
WSGE,Warren Street Global Equity ETF,Equity,60.59M
BAMB,Brookstone Intermediate Bond ETF,Fixed Income,60.53M
AHYB,American Century Select High Yield ETF,Fixed Income,60.31M
WBIY,WBI Power Factor High Dividend ETF,Equity,60.26M
STBF,Performance Trust Short Term Bond ETF,Fixed Income,60.22M
BSTP,Innovator Buffer Step-Up Strategy ETF,Alternatives,60.16M
QVOY,Q3 All-Season Active Rotation ETF,Asset Allocation,60.07M
SMOX,Horizon Small/Mid Cap Core Equity ETF,Equity,60.07M
PBJA,PGIM S&P 500 Buffer 20 ETF - January,Alternatives,59.96M
JANB,Aptus January Buffer ETF,Alternatives,59.92M
DIEM,Franklin Emerging Market Core Dividend Tilt Index ETF,Equity,59.91M
TEKY,Lazard Next Gen Technologies ETF,Equity,59.90M
LUNL,Defiance Daily Target 2X Long LUNR ETF,Equity,59.89M
GXPS,Global X PureCap MSCI Consumer Staples ETF,Equity,59.86M
TAXT,Northern Trust Tax-Exempt Bond ETF,Fixed Income,59.79M
EMOP,AB Emerging Markets Opportunities ETF,Equity,59.78M
NDIA,Global X India Active ETF,Equity,59.75M
THLV,THOR Equal Weight Low Volatility ETF,Equity,59.72M
EVYM,Eaton Vance High Income Municipal ETF,Fixed Income,59.53M
LCO,LOGIQ Contrarian Opportunities ETF,Asset Allocation,59.42M
RUSC,Russell Investments U.S. Small Cap Equity ETF,Equity,59.25M
TMFS,Motley Fool Small-Cap Growth ETF,Equity,59.23M
DDSQ,Innovator Equity Dual Directional 5 Buffer ETF - Quarterly,Alternatives,59.18M
IBHK,iShares iBonds 2031 Term High Yield and Income ETF,Fixed Income,59.14M
QTAC,Q3 All-Season Tactical Advantage ETF,Asset Allocation,59.00M
SATG,Leverage Shares 2X Long SATS Daily ETF,Equity,59.00M
HBR,Canary HBAR ETF,Currency,58.94M
PSFD,Pacer Swan SOS Flex (January) ETF,Alternatives,58.73M
SGRT,SMART Earnings Growth 30 ETF,Equity,58.73M
AVRY,Avory Foundational ETF,Equity,58.61M
PVEX,TrueShares ConVex Protect ETF,Asset Allocation,58.60M
AJUL,Innovator 2 Yr to July 2026,Alternatives,58.41M
LLYX,Defiance Daily Target 2X Long LLY ETF,Equity,58.29M
OCTT,AllianzIM U.S. Equity Buffer10 Oct ETF,Alternatives,58.28M
EMCR,Xtrackers Emerging Markets Carbon Reduction and Climate Improvers ETF,Equity,58.19M
WOMN,Impact Shares Womens Empowerment ETF,Equity,58.17M
OBND,State Street Loomis Sayles Opportunistic Bond ETF,Fixed Income,58.14M
QSIG,WisdomTree U.S. Short Term Corporate Bond Fund,Fixed Income,58.14M
NCPB,Nuveen Core Plus Bond ETF,Fixed Income,58.13M
NTSE,WisdomTree Emerging Markets Efficient Core Fund,Asset Allocation,57.87M
EURL,Direxion Daily FTSE Europe Bull 3X ETF,Equity,57.73M
TAFL,AB Tax-Aware Long Municipal ETF,Fixed Income,57.72M
AVGW,Roundhill AVGO WeeklyPay ETF,Equity,57.50M
XIDV,Franklin International Dividend Booster Index ETF,Equity,57.49M
TSLS,Direxion Daily TSLA Bear 1X ETF,Equity,57.44M
INDL,Direxion Daily MSCI India Bull 2X ETF,Equity,57.30M
HTAX,Nomura National High-Yield Municipal Bond ETF,Fixed Income,57.18M
PSR,Invesco Active U.S. Real Estate Fund,Equity,56.97M
MEM,Matthews Emerging Markets Equity Active ETF,Equity,56.85M
NXTE,AXS Green Alpha ETF,Equity,56.68M
ROSC,Hartford Multifactor Small Cap ETF,Equity,56.63M
PBQQ,PGIM Laddered Nasdaq-100 Buffer 12 ETF,Alternatives,56.61M
ABI,VictoryShares Pioneer Asset-Based Income ETF,Fixed Income,56.60M
QLVD,FlexShares Developed Markets ex-US Quality Low Volatility Index Fund,Equity,56.57M
MADE,iShares U.S. Manufacturing ETF,Equity,56.46M
RPHS,Regents Park Hedged Market Strategy ETF,Equity,56.43M
FSCS,First Trust SMID Capital Strength ETF,Equity,56.39M
FCTR,First Trust Lunt U.S. Factor Rotation ETF,Equity,56.38M
LQDB,iShares BBB Rated Corporate Bond ETF,Fixed Income,56.28M
EGGS,NestYield Total Return Guard ETF,Equity,56.23M
GLOW,VictoryShares WestEnd Global Equity ETF,Equity,56.15M
ASIA,Matthews Pacific Tiger Active ETF,Equity,56.06M
RTRE,Rareview Total Return Bond ETF,Fixed Income,56.01M
AGQI,First Trust Active Global Quality Income ETF,Equity,55.96M
SPBX,AllianzIM 6 Month Buffer10 Allocation ETF,Alternatives,55.92M
XSPI,NEOS Boosted S&P 500 High Income ETF,Equity,55.87M
HTEC,ROBO Global Healthcare Technology and Innovation ETF,Equity,55.84M
DYFI,IDX Dynamic Fixed Income ETF,Fixed Income,55.81M
GNOM,Global X Genomics & Biotechnology ETF,Equity,55.79M
MNBD,ALPS BBH Intermediate Municipal Bond ETF,Fixed Income,55.79M
SPLS,PIMCO US Stocks PLUS Active Bond Exchange-Traded Fund,Asset Allocation,55.77M
ADIV,Guinness Atkinson Asia Pacific Dividend Builder ETF,Equity,55.75M
ABIG,Argent Large Cap ETF,Equity,55.68M
EASY,Liberty One Defensive Dividend Growth ETF,Equity,55.68M
DEEF,Xtrackers FTSE Developed ex US Multifactor ETF,Equity,55.61M
CBLS,Clough Hedged Equity ETF,Equity,55.44M
CCRP,Columbia Corporate Bond ETF,Fixed Income,55.41M
BTGD,STKd 100% Bitcoin & 100% Gold ETF,Asset Allocation,55.23M
CPSM,Calamos S&P 500 Structured Alt Protection ETF,Alternatives,55.02M
DYNB,Hartford Dynamic Bond ETF,Fixed Income,54.99M
ARLU,AllianzIM U.S. Equity Buffer15 Uncapped Apr ETF,Alternatives,54.91M
NBTR,Neuberger Total Return Bond ETF,Fixed Income,54.90M
QUBX,Tradr 2X Long QUBT Daily ETF,Equity,54.82M
XDQQ,Innovator Growth Accelerated ETF - Quarterly,Alternatives,54.76M
CLOC,AAM Crescent CLO ETF,Fixed Income,54.75M
AMZZ,GraniteShares 2x Long AMZN Daily ETF,Equity,54.61M
BUFH,FT Vest Laddered Max Buffer ETF,Alternatives,54.47M
NIXT,Research Affiliates Deletions ETF,Equity,54.42M
PLGI,PL Growth and Income ETF,Asset Allocation,54.33M
NJUN,Innovator Growth-100 Power Buffer ETF - June,Alternatives,54.25M
YBIT,YieldMax Bitcoin Option Income Strategy ETF,Equity,54.23M
SURE,AdvisorShares Insider Advantage ETF,Equity,54.22M
URE,ProShares Ultra Real Estate,Equity,54.17M
RFIX,Simplify Bond Bull ETF,Alternatives,54.15M
IBIH,iShares iBonds Oct 2031 Term TIPS ETF,Fixed Income,54.10M
PAMC,Pacer Lunt MidCap Multi-Factor Alternator ETF,Equity,54.04M
USL,United States 12 Month Oil Fund LP,Commodity,54.02M
LNGX,Global X U.S. Natural Gas ETF,Equity,53.98M
DECM,FT Vest U.S. Equity Max Buffer ETF - December,Alternatives,53.90M
AMUN,Abrdn Ultra Short Muncipal Income Active ETF,Fixed Income,53.89M
NELS,Nelson Select ETF,Asset Allocation,53.85M
THMZ,Lazard Equity Megatrends ETF,Equity,53.82M
INOV,Innovator International Developed Power Buffer ETF November,Alternatives,53.74M
CARZ,First Trust S-Network Future Vehicles & Technology ETF,Equity,53.69M
FFIU,UVA Unconstrained Medium-Term Fixed Income ETF,Fixed Income,53.69M
BRLN,iShares Floating Rate Loan Active ETF,Fixed Income,53.62M
DIVP,Cullen Enhanced Equity Income ETF,Equity,53.53M
OARK,YieldMax Innovation Option Income Strategy ETF,Equity,53.53M
KTEC,KraneShares Hang Seng TECH Index ETF,Equity,53.37M
ONDL,Defiance Daily Target 2X Long ONDS ETF,Equity,53.23M
QEMM,State Street SPDR MSCI Emerging Markets StrategicFactors ETF,Equity,53.23M
ITDG,iShares LifePath Target Date 2055 ETF,Asset Allocation,53.21M
GABF,Gabelli Financial Services Opportunities ETF,Equity,53.08M
BAMA,Brookstone Active ETF,Asset Allocation,53.07M
TBLU,Tortoise Global Water ETF,Equity,52.86M
IRTR,iShares LifePath Retirement ETF,Asset Allocation,52.82M
NFLY,YieldMax NFLX Option Income Strategy ETF,Equity,52.62M
DVND,Touchstone Dividend Select ETF,Equity,52.57M
FEBU,AllianzIM U.S. Equity Buffer15 Uncapped Feb ETF,Alternatives,52.51M
REIT,ALPS Active REIT ETF,Equity,52.39M
MMSC,First Trust Multi-Manager Small Cap Opportunities ETF,Equity,52.32M
FLAX,Franklin FTSE Asia ex Japan ETF,Equity,52.31M
CBSE,Clough Select Equity ETF,Equity,52.30M
XRPR,REX-Osprey XRP ETF,Currency,52.27M
DRUP,GraniteShares Nasdaq Select Disruptors ETF,Equity,52.24M
ERY,Direxion Daily Energy Bear 2X ETF,Equity,52.16M
SARK,Tradr 1X Short Innovation Daily ETF,Equity,52.14M
DUSL,Direxion Daily Industrials Bull 3X ETF,Equity,52.09M
CRWU,T-REX 2X Long CRWV Daily Target ETF,Equity,52.06M
RAUS,RACWI US ETF,Equity,52.04M
XRLX,FundX Investment Conservative ETF,Asset Allocation,52.04M
SRHR,SRH REIT Covered Call ETF,Equity,51.93M
HRTS,Tema Heart & Health ETF,Equity,51.92M
NVYY,GraniteShares YieldBOOST NVDA ETF,Equity,51.72M
PEXL,Pacer US Export Leaders ETF,Equity,51.69M
XIJN,FT Vest U.S. Equity Buffer & Premium Income ETF - June,Alternatives,51.68M
IWMW,iShares Russell 2000 BuyWrite ETF,Equity,51.67M
URAA,Direxion Daily Uranium Industry Bull 2X ETF,Equity,51.65M
XAUG,FT Vest U.S. Equity Enhance & Moderate Buffer ETF - August,Alternatives,51.61M
HYIN,WisdomTree Private Credit and Alternative Income Fund,Asset Allocation,51.50M
HQGO,Hartford US Quality Growth ETF,Equity,51.34M
BGLD,FT Vest Gold Strategy Quarterly Buffer ETF,Alternatives,51.28M
FHYS,Federated Hermes Short Duration High Yield ETF,Fixed Income,51.23M
ARCM,Arrow Reserve Capital Management ETF,Fixed Income,51.05M
TWM,ProShares UltraShort Russell2000,Equity,50.89M
ADFI,Anfield Dynamic Fixed Income ETF,Fixed Income,50.84M
TILL,Teucrium Agricultural Strategy No K-1 ETF,Commodity,50.72M
XFLX,FundX Flexible ETF,Asset Allocation,50.42M
AHLT,American Beacon AHL Trend ETF,Asset Allocation,50.37M
CEFA,Global X S&P Catholic Values Developed ex-US ETF,Equity,50.37M
FGSM,Frontier Asset Global Small Cap Equity ETF,Equity,50.35M
OZEM,Roundhill GLP-1 & Weight Loss ETF,Equity,50.27M
CPRY,Calamos Russell 2000 Structured Alt Protection ETF January,Alternatives,50.22M
DECU,AllianzIM U.S. Equity Buffer15 Uncapped Dec ETF,Alternatives,50.22M
FLQS,Franklin U.S. Small Cap Multifactor Index ETF,Equity,50.22M
HYP,Golden Eagle Dynamic Hypergrowth ETF,Equity,50.16M
TEMD,Templeton Emerging Markets Debt ETF,Fixed Income,50.13M
TDSB,ETC Cabana Target Beta ETF,Asset Allocation,49.96M
XRMI,Global X S&P 500 Risk Managed Income ETF,Alternatives,49.91M
XUSP,Innovator Uncapped Accelerated U.S. Equity ETF,Alternatives,49.88M
DSTX,Distillate International Fundamental Stability & Value ETF,Equity,49.84M
AOCT,Innovator 2 Yr to October 2026,Alternatives,49.79M
MEMX,Matthews Emerging Markets ex China Active ETF,Equity,49.71M
SIXP,AllianzIM U.S. Equity 6 Month Buffer10 Mar/Sep ETF,Alternatives,49.65M
GXPD,Global X PureCap MSCI Consumer Discretionary ETF,Equity,49.57M
GRNI,Fundstrat Granny Shots US Large Cap & Income ETF,Equity,49.53M
REXC,Sprott Rare Earths Ex-China ETF,Equity,49.41M
TSLG,Leverage Shares 2X Long TSLA Daily ETF,Equity,49.41M
DDFS,Innovator Equity Dual Directional 15 Buffer ETF - September,Alternatives,49.36M
MSTI,Madison Short Term Strategic Income ETF,Fixed Income,49.28M
NETL,Colterpoint Net Lease Real Estate ETF,Equity,49.15M
TOLL,Tema Durable Quality ETF,Equity,49.05M
BAMO,Brookstone Opportunities ETF,Asset Allocation,48.93M
XXV,Simplify Ancorato Target 25 Distribution ETF,Asset Allocation,48.81M
BRKU,Direxion Daily BRKB Bull 2X ETF,Equity,48.77M
CNAV,Mohr Company Nav ETF,Equity,48.47M
DDTN,Innovator Equity Dual Directional 10 Buffer ETF - November,Alternatives,48.47M
PSCQ,Pacer Swan SOS Conservative (October) ETF,Alternatives,48.29M
PMIO,PGIM Municipal Income Opportunities ETF,Fixed Income,48.26M
CCSO,Carbon Collective Climate Solutions U.S. Equity ETF,Equity,48.21M
BSMZ,Invesco BulletShares 2035 Municipal Bond ETF,Fixed Income,48.18M
APRT,AllianzIM U.S. Equity Buffer10 Apr ETF,Alternatives,48.11M
NMB,Simplify National Muni Bond ETF,Fixed Income,48.09M
NVDG,Leverage Shares 2X Long NVDA Daily ETF,Equity,47.91M
VAMO,Cambria Value & Momentum ETF,Equity,47.90M
RSBA,Return Stacked Bonds & Merger Arbitrage ETF,Alternatives,47.88M
BETZ,Roundhill Sports Betting & iGaming ETF,Equity,47.84M
DXD,ProShares UltraShort Dow30,Equity,47.54M
FMET,Fidelity Metaverse ETF,Equity,47.54M
TENM,iShares Large Cap 10% Target Buffer Mar ETF,Alternatives,47.54M
ACKY,VistaShares Target 15 ACKtivist Distribution ETF,Equity,47.51M
EFAS,Global X MSCI SuperDividend EAFE ETF,Equity,47.47M
PSCX,Pacer Swan SOS Conservative (January) ETF,Alternatives,47.35M
PLTG,Leverage Shares 2X Long PLTR Daily ETF,Equity,47.30M
QCMU,Direxion Daily QCOM Bull 2X ETF,Equity,47.30M
IBIJ,iShares iBonds Oct 2033 Term TIPS ETF,Fixed Income,47.21M
KMAY,Innovator U.S. Small Cap Power Buffer ETF - May,Alternatives,47.11M
KMID,Virtus KAR Mid-Cap ETF,Equity,47.07M
NVOX,Defiance Daily Target 2X Long NVO ETF,Equity,47.03M
VMAX,Hartford US Value ETF,Equity,46.98M
OVB,Overlay Shares Core Bond ETF,Fixed Income,46.86M
SLJY,Amplify SILJ Junior Silver Miners Covered Call ETF,Equity,46.79M
BCFN,Baron Financials ETF,Equity,46.77M
SDEM,Global X MSCI SuperDividend Emerging Markets ETF,Equity,46.73M
AMDG,Leverage Shares 2X Long AMD Daily ETF,Equity,46.72M
MINN,Mairs & Power Minnesota Municipal Bond ETF,Fixed Income,46.70M
CSIO,Cohen & Steers Infrastructure Opportunities Active ETF,Equity,46.60M
SPIN,State Street US Equity Premium Income ETF,Equity,46.56M
GOOX,T-Rex 2X Long Alphabet Daily Target ETF,Equity,46.42M
GGME,Invesco Next Gen Media and Gaming ETF,Equity,46.39M
MLPI,NEOS MLP & Energy Infrastructure High Income ETF,Equity,46.38M
MYCF,State Street My2026 Corporate Bond ETF,Fixed Income,46.38M
EMSF,Matthews Emerging Markets Sustainable Future Active ETF,Equity,46.33M
CDIG,City Different Investments Global Equity ETF,Equity,46.23M
AAPW,Roundhill AAPL WeeklyPay ETF,Equity,46.15M
JFLI,JPMorgan Flexible Income ETF,Asset Allocation,46.12M
BBIB,JPMorgan BetaBuilders U.S. Treasury Bond 3-10 Year ETF,Fixed Income,46.00M
EART,Global X Rare Earth & Critical Materials ETF,Equity,45.97M
SIXF,AllianzIM U.S. Equity 6 Month Buffer10 Feb/Aug ETF,Alternatives,45.87M
PSFO,Pacer Swan SOS Flex (October) ETF,Alternatives,45.80M
OCTZ,TrueShares Structured Outcome (October) ETF,Alternatives,45.72M
ZHOG,F/m Opportunistic Income ETF,Fixed Income,45.70M
AUGZ,TrueShares Structured Outcome (August) ETF,Alternatives,45.65M
TCHI,iShares MSCI China Multisector Tech ETF,Equity,45.65M
ANEL,Defiance Daily Target 2x Long ANET ETF,Equity,45.58M
BAMY,Brookstone Yield ETF,Asset Allocation,45.58M
CCUP,T-REX 2X Long CRCL Daily Target ETF,Equity,45.49M
NUDV,Nuveen ESG Dividend ETF,Equity,45.45M
QQQA,ProShares Nasdaq-100 Dorsey Wright Momentum ETF,Equity,45.43M
BBCB,JPMorgan BetaBuilders USD Investment Grade Corporate Bond ETF,Fixed Income,45.39M
XB,BondBloxx B-Rated USD High Yield Corporate Bond ETF,Fixed Income,45.23M
AADR,AdvisorShares Dorsey Wright ADR ETF,Equity,45.21M
CSSD,Cohen & Steers Short Duration Preferred and Income Active ETF,Fixed Income,45.18M
FEIG,FlexShares ESG & Climate Investment Grade Corporate Core Index Fund,Fixed Income,45.07M
BBSB,JPMorgan BetaBuilders U.S. Treasury Bond 1-3 Year ETF,Fixed Income,45.06M
SPBC,Simplify US Equity PLUS Bitcoin Strategy ETF,Asset Allocation,45.06M
FAAA,Fidelity AAA CLO ETF,Fixed Income,45.04M
TUG,STF Tactical Growth ETF,Asset Allocation,45.01M
VIXM,ProShares VIX Mid-Term Futures ETF,Alternatives,44.93M
QIS,Simplify Multi-QIS Alternative ETF,Alternatives,44.85M
FFGX,Fidelity Fundamental Global ex-U.S. ETF,Equity,44.84M
MAYU,AllianzIM U.S. Equity Buffer15 Uncapped May ETF,Alternatives,44.80M
AJAN,Innovator 2 Yr to January 2028,Alternatives,44.78M
CPSD,Calamos S&P 500 Structured Alt Protection ETF - December,Alternatives,44.78M
KNOW,Fundamentals First ETF,Asset Allocation,44.78M
VGVT,Vanguard Government Securities Active ETF,Fixed Income,44.73M
LVLN,State Street SPDR S&P Leveraged Loan ETF,Fixed Income,44.71M
DIVE,Dana Concentrated Dividend ETF,Equity,44.67M
BBC,Virtus Biotech Clinical Trials ETF,Equity,44.63M
THTA,SoFi Enhanced Yield ETF,Alternatives,44.63M
QQQT,Defiance Nasdaq 100 Income Target ETF,Equity,44.44M
COIW,Roundhill COIN WeeklyPay ETF,Equity,44.34M
NBET,Neuberger Energy Transition & Infrastructure ETF,Equity,44.24M
IJUN,Innovator International Developed Power Buffer ETF - June,Alternatives,44.23M
LOTI,Liberty One Tactical Income ETF,Asset Allocation,44.18M
ALTY,Global X Alternative Income ETF,Asset Allocation,44.17M
RILA,Indexperts Gorilla Aggressive Growth ETF,Equity,44.12M
TSII,REX TSLA Growth & Income ETF,Equity,44.07M
GGOV,iShares Global Government Bond USD Hedged Active ETF,Fixed Income,44.04M
HYUP,Xtrackers High Beta High Yield Bond ETF,Fixed Income,43.94M
YGLD,Simplify Gold Strategy PLUS Income ETF,Commodity,43.90M
IHY,VanEck International High Yield Bond ETF,Fixed Income,43.83M
TSCM,TimesSquare Quality Mid Cap Growth ETF,Equity,43.72M
SFYF,SoFi Social 50 ETF,Equity,43.71M
INQQ,The India Internet ETF,Equity,43.60M
BDGS,Bridges Capital Tactical ETF,Equity,43.59M
SSXU,Strategy Shares Day Hagan Smart Sector International ETF,Equity,43.55M
FFEM,Fidelity Fundamental Emerging Markets ETF,Equity,43.29M
PBJL,PGIM S&P 500 Buffer 20 ETF - July,Alternatives,43.29M
TEK,iShares Technology Opportunities Active ETF,Equity,43.15M
EET,ProShares Ultra MSCI Emerging Markets,Equity,42.97M
DAK,Dakota Active Equity ETF,Equity,42.95M
EWUS,iShares MSCI United Kingdom Small Cap ETF,Equity,42.85M
JOBX,Tradr 2X Long JOBY Daily ETF,Equity,42.85M
KFEB,Innovator U.S. Small Cap Power Buffer ETF - February,Alternatives,42.79M
CLSX,Tradr 2X Long CLSK Daily ETF,Equity,42.76M
DVLU,First Trust Dorsey Wright Momentum & Value ETF,Equity,42.75M
BEMB,iShares J.P. Morgan Broad USD Emerging Markets Bond ETF,Fixed Income,42.74M
SHAG,WisdomTree Yield Enhanced U.S. Short-Term Aggregate Bond Fund,Fixed Income,42.73M
FFLS,Future Fund Long/Short ETF,Alternatives,42.60M
GAMR,Amplify Video Game Leaders ETF,Equity,42.60M
OEI,Optimized Equity Income ETF,Equity,42.39M
WAR,U.S. Global Technology and Aerospace & Defense ETF,Equity,42.38M
CAGE,Calamos Autocallable Growth ETF,Alternatives,42.33M
CPSA,Calamos S&P 500 Structured Alt Protection ETF August,Alternatives,42.24M
JANZ,TrueShares Structured Outcome (January) ETF,Alternatives,42.17M
GHTA,Goose Hollow Tactical Allocation ETF,Asset Allocation,42.02M
FDFF,Fidelity Disruptive Finance ETF,Equity,41.94M
IBX,Tradr 2X Long IBM Daily ETF,Equity,41.92M
IAUG,Innovator International Developed Power Buffer ETF August,Alternatives,41.89M
NSI,National Security Emerging Markets Index ETF,Equity,41.87M
FSZ,First Trust Switzerland AlphaDEX Fund,Equity,41.78M
PSCJ,Pacer Swan SOS Conservative (July) ETF,Alternatives,41.75M
IDEC,Innovator International Developed Power Buffer ETF December,Alternatives,41.72M
BCEM,Baron Emerging Markets Select ETF,Equity,41.71M
AMZW,Roundhill AMZN WeeklyPay ETF,Equity,41.62M
TMLP,Tortoise MLP ETF,Equity,41.60M
OCTB,Aptus October Buffer ETF,Alternatives,41.52M
TSLZ,T-Rex 2X Inverse Tesla Daily Target ETF,Equity,41.44M
GAEM,Simplify Gamma Emerging Market Bond ETF,Fixed Income,41.40M
CPSJ,Calamos S&P 500 Structured Alt Protection ETF July,Alternatives,41.38M
DRN,Direxion Daily Real Estate Bull 3X ETF,Equity,41.38M
KEMQ,KraneShares Emerging Markets Consumer Technology Index ETF,Equity,41.34M
JANP,PGIM S&P 500 Buffer 12 ETF - January,Alternatives,41.32M
EZET,Franklin Ethereum ETF,Currency,41.28M
FCBD,Frontier Asset Core Bond ETF,Fixed Income,41.25M
XJAN,FT Vest U.S. Equity Enhance & Moderate Buffer ETF - January,Alternatives,41.22M
TSDD,GraniteShares 2x Short TSLA Daily ETF,Equity,41.18M
TSMU,GraniteShares 2x Long TSM Daily ETF,Equity,41.15M
FDNI,First Trust Dow Jones International Internet ETF,Equity,41.11M
XPND,First Trust Expanded Technology ETF,Equity,41.05M
FMED,Fidelity Disruptive Medicine ETF,Equity,40.98M
PBOC,PGIM S&P 500 Buffer 20 ETF - October,Alternatives,40.95M
KYLD,Kurv High Income ETF,Equity,40.92M
NXTI,Simplify Next Intangible Core Index ETF,Equity,40.87M
OVF,Overlay Shares Foreign Equity ETF,Equity,40.79M
RIFR,Russell Investments Global Infrastructure ETF,Equity,40.77M
ZTRE,F/M 3-Year Investment Grade Corporate Bond ETF,Fixed Income,40.50M
BDRY,Breakwave Dry Bulk Shipping ETF,Commodity,40.49M
IBII,iShares iBonds Oct 2032 Term TIPS ETF,Fixed Income,40.48M
BSJW,Invesco BulletShares 2032 High Yield Corporate Bond ETF,Fixed Income,40.46M
DYLD,LeaderShares Dynamic Yield ETF,Fixed Income,40.46M
TRUD,VanEck Consumer Discretionary TruSector ETF,Equity,40.46M
GUMI,Goldman Sachs Ultra Short Municipal Income ETF,Fixed Income,40.30M
SPXV,ProShares S&P 500 Ex-Health Care ETF,Equity,40.16M
AUGU,AllianzIM U.S. Equity Buffer15 Uncapped Aug ETF,Alternatives,40.12M
FLXN,Horizon Flexible Income ETF,Fixed Income,40.05M
UYM,ProShares Ultra Materials,Equity,40.03M
AAA,Alternative Access First Priority CLO Bond ETF,Fixed Income,39.94M
FXED,Sound Enhanced Fixed Income ETF,Fixed Income,39.92M
LRNZ,"TrueShares Technology, AI & Deep Learning ETF",Equity,39.81M
MDLV,Morgan Dempsey Large Cap Value ETF,Equity,39.80M
FLGR,Franklin FTSE Germany ETF,Equity,39.58M
MYCJ,State Street My2030 Corporate Bond ETF,Fixed Income,39.57M
IGCB,TCW Corporate Bond ETF,Fixed Income,39.54M
MUSE,TCW Multisector Credit Income ETF,Fixed Income,39.53M
CEFZ,RiverNorth Active Income ETF,Asset Allocation,39.42M
MSTQ,LHA Market State Tactical Q ETF,Equity,39.42M
MATE,Man Active Trend Enhanced ETF,Asset Allocation,39.41M
SLDR,Global X Short-Term Treasury Ladder ETF,Fixed Income,39.40M
GVLE,Goldman Sachs Value Opportunities ETF,Equity,39.35M
KVLE,KraneShares Value Line Dynamic Dividend Equity Index ETF,Equity,39.31M
ULTI,REX IncomeMax Option Strategy ETF,Equity,39.31M
CVAR,Cultivar ETF,Equity,39.13M
CCFE,Concourse Capital Focused Equity ETF,Equity,39.03M
SSG,Proshares Ultrashort Semiconductors,Equity,38.97M
QLDY,Defiance Nasdaq 100 LightningSpread Income ETF,Equity,38.87M
GMNY,Goldman Sachs Dynamic New York Municipal Income ETF,Fixed Income,38.83M
AIOO,AllianzIM U.S. Equity Buffer100 Protection ETF,Alternatives,38.82M
AGGS,Harbor Disciplined Bond ETF,Fixed Income,38.77M
FMNY,First Trust New York Municipal High Income ETF,Fixed Income,38.74M
DUKZ,Ocean Park Diversified Income ETF,Fixed Income,38.68M
PBDE,PGIM S&P 500 Buffer 20 ETF - December,Alternatives,38.63M
UXRP,ProShares Ultra XRP ETF,Currency,38.62M
STEN,iShares Large Cap 10% Target Buffer Sep ETF,Alternatives,38.61M
EMET,VanEck Copper and Green Metals ETF,Equity,38.60M
IBIL,iShares iBonds Oct 2035 Term TIPS ETF,Fixed Income,38.60M
GMOD,GMO Dynamic Allocation ETF,Asset Allocation,38.54M
DIVS,Guinness Atkinson Dividend Builder ETF,Equity,38.44M
QBIG,Invesco Top QQQ ETF,Equity,38.42M
BREM,iShares Emerging Markets Bond Active ETF,Fixed Income,38.37M
XYZY,YieldMax XYZ Option Income Strategy ETF,Equity,38.31M
MSFX,T-Rex 2X Long Microsoft Daily Target ETF,Equity,38.28M
ASHS,Xtrackers Harvest CSI 500 China A-Shares Small Cap ETF,Equity,38.26M
NJNK,Columbia U.S. High Yield ETF,Fixed Income,38.26M
DCMT,DoubleLine Commodity Strategy ETF,Commodity,38.07M
MFUT,Cambria Chesapeake Pure Trend ETF,Asset Allocation,38.07M
OVM,Overlay Shares Municipal Bond ETF,Fixed Income,38.04M
QIDX,Indexperts Quality Earnings Focused ETF,Equity,38.00M
BIGY,YieldMax Target 12 Big 50 Option Income ETF,Equity,37.82M
DURA,VanEck Durable High Dividend ETF,Equity,37.80M
FKU,First Trust United Kingdom AlphaDEX Fund,Equity,37.74M
WEEL,Peerless Option Income Wheel ETF,Equity,37.45M
EAOA,iShares ESG Aware 80/20 Aggressive Allocation ETF,Asset Allocation,37.39M
XBFR,Innovator Equity Managed 10 Buffer ETF,Alternatives,37.28M
DWMF,WisdomTree International Multifactor Fund,Equity,37.22M
MEDI,Harbor Health Care ETF,Equity,37.13M
GFGF,Guru Favorite Stocks ETF,Equity,37.11M
SEMI,Columbia Select Technology ETF,Equity,37.11M
KMAR,Innovator U.S. Small Cap Power Buffer ETF - March,Alternatives,37.09M
NRES,Xtrackers Rreef Global Natural Resources ETF,Equity,37.00M
ISWN,Amplify BlackSwan ISWN ETF,Asset Allocation,36.93M
FTBD,Fidelity Tactical Bond ETF,Fixed Income,36.89M
CRDT,Simplify Opportunistic Income ETF,Fixed Income,36.80M
BSR,Beacon Selective Risk ETF,Asset Allocation,36.77M
PAYR,Federated Hermes Enhanced Income ETF,Equity,36.76M
ACEI,Innovator Equity Autocallable Income Strategy ETF,Alternatives,36.75M
JULB,Aptus July Buffer ETF,Alternatives,36.74M
PSIL,AdvisorShares Psychedelics ETF,Equity,36.70M
DECZ,TrueShares Structured Outcome (December) ETF,Alternatives,36.67M
NVBU,AllianzIM U.S. Equity Buffer15 Uncapped Nov ETF,Alternatives,36.65M
EUO,ProShares UltraShort Euro,Currency,36.64M
XISE,FT Vest U.S. Equity Buffer & Premium Income ETF - September,Alternatives,36.64M
NSEP,Innovator Growth-100 Power Buffer ETF - September,Alternatives,36.62M
UTSL,Direxion Daily Utilities Bull 3X ETF,Equity,36.59M
ADBG,Leverage Shares 2X Long ADBE Daily ETF,Equity,36.53M
TGLR,Wedbush LAFFER TENGLER New Era Value ETF,Equity,36.46M
VNAM,Global X MSCI Vietnam ETF,Equity,36.43M
BLCN,Siren NexGen Economy ETF,Equity,36.41M
AZTD,Aztlan Global Stock Selection DM SMID ETF,Equity,36.37M
DRES,GMO Domestic Resilience ETF,Equity,36.32M
PBMR,PGIM S&P 500 Buffer 20 ETF - March,Alternatives,36.23M
RHRX,RH Tactical Rotation ETF,Equity,36.14M
NBDS,Neuberger Disrupters ETF,Equity,36.13M
YOLO,AdvisorShares Pure Cannabis ETF,Equity,36.12M
UPSX,Tradr 2X Long UPST Daily ETF,Equity,36.09M
PTEU,Pacer Trendpilot European Index ETF,Equity,36.04M
WCME,First Trust WCM Developing World Equity ETF,Equity,36.04M
BLDG,Cambria Global Real Estate ETF,Equity,36.00M
AIBU,Direxion Daily AI and Big Data Bull 2X ETF,Equity,35.99M
FIAT,YieldMax Short COIN Option Income Strategy ETF,Equity,35.89M
PLTD,Direxion Dailly PLTR Bear 1X ETF,Equity,35.89M
FLN,First Trust Latin America AlphaDEX Fund,Equity,35.81M
ZHDG,Zega Buy & Hedge ETF,Asset Allocation,35.80M
FDAT,Tactical Advantage ETF,Asset Allocation,35.78M
TAXM,BondBloxx IR+M Tax-Aware ETF for Massachusetts Residents,Fixed Income,35.65M
ITDH,iShares LifePath Target Date 2060 ETF USD,Asset Allocation,35.49M
MAYM,FT Vest U.S. Equity Max Buffer ETF - May,Alternatives,35.42M
PBFB,PGIM S&P 500 Buffer 20 ETF - February,Alternatives,35.41M
PULT,Putnam ESG Ultra Short ETF,Fixed Income,35.34M
RIOX,Defiance Daily Target 2X Long RIOT ETF,Equity,35.27M
WUGI,AXS Esoterica NextG Economy ETF,Equity,35.27M
RBLD,First Trust Alerian US NextGen Infrastructure ETF,Equity,35.24M
CRMG,Leverage Shares 2X Long CRM Daily ETF,Equity,35.14M
EZRO,AlphaDroid Defensive Sector Rotation ETF,Asset Allocation,35.11M
GEVX,Tradr 2X Long GEV Daily ETF,Equity,35.07M
QPX,AdvisorShares Q Dynamic Growth ETF,Asset Allocation,35.05M
FTXH,First Trust Nasdaq Pharmaceuticals ETF,Equity,35.04M
PSFJ,Pacer Swan SOS Flex (July) ETF,Alternatives,34.99M
SMCP,SMART Mid Cap ETF,Equity,34.96M
TYD,Direxion Daily 7-10 Year Treasury Bull 3X ETF,Fixed Income,34.81M
FBDC,FT Confluence BDC & Specialty Finance Income ETF,Equity,34.76M
MYCI,State Street My2029 Corporate Bond ETF,Fixed Income,34.75M
CVRD,Madison Covered Call ETF,Equity,34.72M
QQWZ,Pacer Cash COWZ 100-Nasdaq 100 Rotator ETF,Equity,34.70M
DAMD,Defiance Daily Target 2X Short AMD ETF,Equity,34.65M
BTR,Beacon Tactical Risk ETF,Asset Allocation,34.64M
IREG,Leverage Shares 2X Long IREN Daily ETF,Equity,34.64M
CPSN,Calamos S&P 500 Structured Alt Protection ETF - November,Alternatives,34.62M
QDTY,YieldMax Nasdaq 100 0DTE Covered Call Strategy ETF,Equity,34.61M
TXS,Texas Capital Texas Equity Index ETF,Equity,34.57M
THEQ,T. Rowe Price Hedged Equity ETF,Equity,34.51M
JULZ,TrueShares Structured Outcome (July) ETF,Alternatives,34.47M
GMOC,GMO Ultra-Short Income ETF,Fixed Income,34.41M
GCAD,Gabelli Commercial Aerospace and Defense ETF,Equity,34.34M
LOGO,Alpha Brands Consumption Leaders ETF,Equity,34.19M
MMID,MFS Active Mid Cap ETF,Equity,34.14M
LDEM,iShares ESG MSCI EM Leaders ETF,Equity,34.04M
XDIV,Roundhill S&P 500 No Dividend Target ETF,Equity,34.02M
COWS,Amplify Cash Flow Dividend Leaders ETF,Equity,34.01M
HOMZ,Hoya Capital Housing ETF,Equity,33.97M
DFTT,DF Tactical 30 ETF,Equity,33.90M
GEMD,Goldman Sachs Access Emerging Markets USD Bond ETF,Fixed Income,33.89M
APRZ,TrueShares Structured Outcome (April) ETF,Alternatives,33.84M
CTEC,Global X ClimateTech ETF,Equity,33.81M
WISE,Themes Generative Artificial Intelligence ETF,Equity,33.81M
NITE,Nightview Fund NITE,Equity,33.80M
GYLD,Arrow Dow Jones Global Yield ETF,Asset Allocation,33.74M
DRV,Direxion Daily Real Estate Bear 3X ETF,Equity,33.72M
MSFW,Roundhill MSFT WeeklyPay ETF,Equity,33.70M
HEQQ,JPMorgan Nasdaq Hedged Equity Laddered Overlay ETF,Equity,33.66M
NURE,Nuveen Short-Term REIT ETF,Equity,33.66M
NUSA,Nuveen ESG 1-5 Year U.S. Aggregate Bond ETF,Fixed Income,33.64M
XNAV,FundX Aggressive ETF,Equity,33.64M
QBSF,AllianzIM U.S. Equity Buffer15 ETF,Alternatives,33.56M
OAKG,Oakmark Global Large Cap ETF,Equity,33.53M
FOPC,Frontier Asset Opportunistic Credit ETF,Fixed Income,33.52M
CPSF,Calamos S&P 500 Structured Alt Protection ETF - February,Alternatives,33.51M
BRCE,MFS Blended Research Core Equity ETF,Equity,33.50M
LKOR,FlexShares Credit-Scored US Long Corporate Bond Index Fund,Fixed Income,33.48M
SCSB,Sterling Capital Short Duration Bond ETF,Fixed Income,33.36M
HFND,Unlimited HFND Multi-Strategy Return Tracker ETF,Alternatives,33.31M
UBOT,"Direxion Daily Robotics, Artificial Intelligence & Automation Index Bull 2X ETF",Equity,33.30M
JDST,Direxion Daily Junior Gold Miners Index Bear 2X ETF,Equity,33.27M
SIXD,AllianzIM U.S. Equity 6 Month Buffer10 Jun/Dec ETF,Alternatives,33.20M
JUNZ,TrueShares Structured Outcome (June) ETF,Alternatives,33.19M
DECP,PGIM S&P 500 Buffer 12 ETF - December,Alternatives,33.16M
PSCC,Invesco S&P SmallCap Consumer Staples ETF,Equity,33.14M
AMOM,QRAFT AI-Enhanced U.S. Large Cap Momentum ETF,Equity,32.97M
RETL,Direxion Daily Retail Bull 3X ETF,Equity,32.90M
SNOY,YieldMax SNOW Option Income Strategy ETF,Equity,32.88M
PFI,Invesco Dorsey Wright Financial Momentum ETF,Equity,32.80M
SIFI,Harbor Ares Systematic Multi-Sector Income ETF,Fixed Income,32.76M
PBMY,PGIM S&P 500 Buffer 20 ETF - May,Alternatives,32.75M
QDIV,Global X S&P 500 Quality Dividend ETF,Equity,32.73M
CCEF,Calamos CEF Income & Arbitrage ETF,Asset Allocation,32.71M
INRO,iShares U.S. Industry Rotation Active ETF,Equity,32.68M
APRJ,Innovator Premium Income 30 Barrier ETF - April,Alternatives,32.67M
RAAA,Reckoner Yield Enhanced AAA CLO ETF,Fixed Income,32.67M
ASMG,Leverage Shares 2X Long ASML Daily ETF,Equity,32.61M
FTDS,First Trust Dividend Strength ETF,Equity,32.61M
YCL,ProShares Ultra Yen,Currency,32.59M
ZIG,Acquirers Fund,Equity,32.47M
CAAA,First Trust AAA CMBS ETF,Fixed Income,32.46M
PAWZ,ProShares Pet Care ETF,Equity,32.45M
NRSH,Aztlan North America Nearshoring Stock Selection ETF,Equity,32.38M
AUGM,FT Vest U.S. Equity Max Buffer ETF - August,Alternatives,32.33M
GLDY,Defiance Gold Enhanced Options Income ETF,Commodity,32.32M
VPC,Virtus Private Credit Strategy ETF,Asset Allocation,32.30M
AVGG,Leverage Shares 2X Long AVGO Daily ETF,Equity,32.28M
ACVT,Advent Convertible Bond ETF,Fixed Income,32.27M
EBUF,Innovator Quarterly Trust Units,Alternatives,32.27M
DARP,Grizzle Growth ETF,Equity,32.26M
CPNQ,Calamos Nasdaq-100 Structured Alt Protection ETF - December,Alternatives,32.23M
HYBX,TCW High Yield Bond ETF,Fixed Income,32.20M
ZJUN,Innovator Equity Defined Protection ETF - 1 Yr June,Alternatives,32.20M
EMDM,First Trust Bloomberg Emerging Market Democracies ETF,Equity,32.17M
EAOR,iShares ESG Aware 60/40 Balanced Allocation ETF,Asset Allocation,32.15M
TMFX,Motley Fool Next Index ETF,Equity,32.12M
JUNP,PGIM S&P 500 Buffer 12 ETF - June,Alternatives,32.10M
EVPF,Eaton Vance Preferred Securities and Income ETF,Fixed Income,32.08M
GK,AdvisorShares Gerber Kawasaki ETF,Equity,31.99M
UGLD,Direxion Daily Gold Bull 2X ETF,-,31.95M
CPST,Calamos S&P 500 Structured Alt Protection ETF - September,Alternatives,31.93M
UMDD,ProShares UltraPro MidCap400,Equity,31.93M
OCTM,FT Vest U.S. Equity Max Buffer ETF - October,Alternatives,31.90M
BCSM,Baron SMID Cap ETF,Equity,31.85M
JNEU,AllianzIM U.S. Equity Buffer15 Uncapped June ETF,Alternatives,31.77M
CBTO,Calamos Bitcoin 80 Series Structured Alt Protection ETF - October,Alternatives,31.76M
URAN,Themes Uranium & Nuclear ETF,Equity,31.74M
PBAP,PGIM S&P 500 Buffer 20 ETF - April,Alternatives,31.59M
USLV,Direxion Daily Silver Bull 2X ETF,-,31.59M
DDTO,Innovator Equity Dual Directional 10 Buffer ETF - October,Alternatives,31.50M
DFVE,DoubleLine Fortune 500 Equal Weight ETF,Equity,31.50M
JADE,JPMorgan Active Developing Markets Equity ETF,Equity,31.49M
LRCU,Tradr 2X Long LRCX Daily ETF,Equity,31.47M
RKLZ,Defiance Daily Target 2x Short RKLB ETF,Equity,31.43M
BBLB,JPMorgan BetaBuilders U.S. Treasury Bond 20+ Year ETF,Fixed Income,31.42M
HSMV,First Trust Horizon Managed Volatility Small/Mid ETF,Equity,31.42M
BITS,Global X Blockchain & Bitcoin Strategy ETF,Asset Allocation,31.41M
NOVZ,TrueShares Structured Outcome (November) ETF,Alternatives,31.34M
TIIV,AAM Todd International Intrinsic Value ETF,Equity,31.26M
CRCO,YieldMax CRCL Option Income Strategy ETF,Equity,31.18M
MARZ,TrueShares Structured Outcome (March) ETF,Alternatives,31.14M
XAPR,FT Vest U.S. Equity Enhance & Moderate Buffer ETF - April,Alternatives,31.13M
SEPM,FT Vest U.S. Equity Max Buffer ETF - September,Alternatives,31.12M
CPSR,Calamos S&P 500 Structured Alt Protection ETF - March,Alternatives,31.09M
ATCL,REX Autocallable Income ETF,Alternatives,31.05M
AUSM,Allspring Ultra Short Municipal ETF,Fixed Income,31.05M
HYSA,BondBloxx USD High Yield Bond Sector Rotation ETF,Fixed Income,31.05M
ASMF,Virtus Alphasimplex Managed Futures ETF,Alternatives,31.04M
SMST,Defiance Daily Target 2x Short MSTR ETF,Equity,30.99M
TDAX,TDAQ Lift ETF,Equity,30.93M
TXXI,BondBloxx IR+M Tax-Aware Intermediate Duration ETF,Fixed Income,30.87M
XIMR,FT Vest U.S. Equity Buffer & Premium Income ETF - March,Alternatives,30.86M
BTCL,T-Rex 2X Long Bitcoin Daily Target ETF,Currency,30.85M
XFEB,FT Vest U.S. Equity Enhance & Moderate Buffer ETF - February,Alternatives,30.80M
NVBT,AllianzIM U.S. Equity Buffer10 Nov ETF,Alternatives,30.79M
SAMM,Strategas Macro Momentum ETF,Equity,30.79M
WBIL,WBI BullBear Quality 3000 ETF,Equity,30.78M
SPIT,F/m Emerald Special Situations ETF,Equity,30.74M
NFLU,T-Rex 2X Long NFLX Daily Target ETF,Equity,30.65M
RJMI,RJ Eagle Municipal Income ETF,Fixed Income,30.65M
PBNV,PGIM S&P 500 Buffer 20 ETF - November,Alternatives,30.63M
JPO,YieldMax JP Option Income Strategy ETF,Equity,30.57M
BAIG,Leverage Shares 2X Long BBAI Daily ETF,Equity,30.54M
VSHY,Virtus Newfleet Short Duration High Yield Bond ETF,Fixed Income,30.54M
IIGD,Invesco Investment Grade Defensive ETF,Fixed Income,30.53M
ONDG,Leverage Shares 2X Long ONDS Daily ETF,Equity,30.47M
URSP,ProShares Ultra S&P 500 Equal Weight,Equity,30.42M
MART,AllianzIM U.S. Equity Buffer10 Mar ETF,Alternatives,30.41M
TIER,T. Rowe Price International Equity Research ETF,Equity,30.39M
BMNG,Leverage Shares 2X Long BMNR Daily ETF,Equity,30.33M
ZTEN,F/M 10-Year Investment Grade Corporate Bond ETF,Fixed Income,30.31M
AIYY,YieldMax AI Option Income Strategy ETF,Equity,30.30M
BILT,iShares Infrastructure Active ETF,Equity,30.25M
RNRG,Global X Renewable Energy Producers ETF,Equity,30.24M
MAYZ,TrueShares Structured Outcome (May) ETF,Alternatives,30.22M
GTPE,Goldman Sachs MSCI World Private Equity Return Tracker ETF,Equity,30.20M
XLEI,State Street Energy Select Sector SPDR Premium Income ETF,Equity,30.15M
FDRV,Fidelity Electric Vehicles and Future Transportation ETF,Equity,30.13M
IDX,VanEck Indonesia Index ETF,Equity,30.12M
RCLO,Reckoner BBB-B CLO ETF,Fixed Income,30.12M
AMDD,Direxion Daily AMD Bear 1X ETF,Equity,30.11M
RMME,Rareview Government Money Market ETF,Fixed Income,30.10M
QQUP,Proshares Ultra QQQ Mega ETF,Equity,30.09M
FMTL,First Trust Indxx Critical Metals ETF,Equity,30.05M
LFEQ,VanEck Long/Flat Trend ETF,Equity,30.04M
MYCG,State Street My2027 Corporate Bond ETF,Fixed Income,30.01M
MEME,Roundhill Meme Stock ETF,Equity,29.99M
MAGA,Point Bridge America First ETF,Equity,29.97M
PVI,Invesco Floating Rate Municipal Income ETF,Fixed Income,29.78M
RFFC,ALPS Active Equity Opportunity ETF,Equity,29.71M
CUT,Invesco MSCI Global Timber ETF,Equity,29.64M
YCS,ProShares UltraShort Yen,Currency,29.57M
EDOG,ALPS Emerging Sector Dividend Dogs ETF,Equity,29.53M
UFIV,US Treasury 5 Year Note ETF,Fixed Income,29.52M
DUG,ProShares UltraShort Energy,Equity,29.51M
EFO,ProShares Ultra MSCI EAFE,Equity,29.51M
GOLS,Gabelli Opportunities in Live and Sports ETF,Equity,29.48M
KCOP,Kurv Copper & Mining Enhanced Income ETF,Asset Allocation,29.47M
DDTD,Innovator Equity Dual Directional 10 Buffer ETF - December,Alternatives,29.45M
AUGT,AllianzIM U.S. Equity Buffer10 Aug ETF,Alternatives,29.37M
FSGS,First Trust SMID Growth Strength ETF,Equity,29.37M
AUMI,Themes Gold Miners ETF,Equity,29.35M
SPYH,NEOS S&P 500 Hedged Equity Income ETF,Equity,29.35M
RSMV,Relative Strength Managed Volatility Strategy ETF 1Shs,Equity,29.26M
PAYH,TrueShares S&P Autocallable High Income ETF,Alternatives,29.21M
COYY,GraniteShares YieldBOOST COIN ETF,Equity,29.18M
SNAV,Mohr Sector Nav ETF,Equity,29.11M
OGSP,Obra High Grade Structured Products ETF,Fixed Income,29.09M
TYLD,Cambria Tactical Yield ETF,Fixed Income,29.09M
OCTP,PGIM S&P 500 Buffer 12 ETF - October,Alternatives,29.03M
NOVP,PGIM S&P 500 Buffer 12 ETF - November,Alternatives,29.00M
PSET,Principal Quality ETF,Equity,28.94M
SDTY,YieldMax S&P 500 0DTE Covered Call Strategy ETF,Equity,28.94M
GENM,Genter Capital Municipal Quality Intermediate ETF,Fixed Income,28.93M
NDIV,Amplify Energy & Natural Resources Covered Call ETF,Equity,28.93M
BTCZ,T-Rex 2X Inverse Bitcoin Daily Target ETF,Currency,28.88M
TMSF,T. Rowe Price Multi-Sector Income ETF,Fixed Income,28.83M
CPRO,Calamos Russell 2000 Structured Alt Protection ETF - October,Alternatives,28.73M
MAXI,Simplify Bitcoin Strategy PLUS Income ETF,Currency,28.67M
FLOW,Global X U.S. Cash Flow Kings 100 ETF,Equity,28.65M
CVRT,Calamos Convertible Equity Alternative ETF,Fixed Income,28.58M
TRBF,Angel Oak Total Return ETF,Fixed Income,28.55M
ONEO,State Street SPDR Russell 1000 Momentum Focus ETF,Equity,28.54M
SSFI,Day Hagan / Ned Davis Research Smart Sector Fixed Income ETF,Fixed Income,28.52M
NGHT,Nicholas Bitcoin and Treasuries AfterDark ETF,Asset Allocation,28.48M
UXI,ProShares Ultra Industrials,Equity,28.45M
WBIG,WBI BullBear Yield 3000 ETF,Equity,28.42M
OTGL,OTG Latin America ETF,Equity,28.40M
EGUS,iShares ESG Aware MSCI USA Growth ETF,Equity,28.34M
WULX,Tradr 2X Long WULF Daily ETF,Equity,28.34M
NVDQ,T-Rex 2X Inverse NVIDIA Daily Target ETF,Equity,28.33M
OVS,Overlay Shares Small Cap Equity ETF,Equity,28.17M
MLPD,Global X MLP & Energy Infrastructure Covered Call ETF,Equity,28.09M
INVG,GMO Systematic Investment Grade Credit ETF,Fixed Income,27.97M
PJIO,PGIM Jennison International Opportunities ETF,Equity,27.96M
JXX,Janus Henderson Transformational Growth ETF,Equity,27.89M
MMMA,NYLI MacKay Muni Allocation ETF,Fixed Income,27.85M
METW,Roundhill META WeeklyPay ETF,Equity,27.78M
NOVM,FT Vest U.S. Equity Max Buffer ETF - November,Alternatives,27.77M
VUSG,Vanguard Wellington U.S. Growth Active ETF,Equity,27.76M
EBIZ,Global X E-Commerce ETF,Equity,27.72M
QQQD,Direxion Daily Magnificent 7 Bear 1X ETF,Equity,27.60M
PEPS,Parametric Equity Plus ETF,Equity,27.58M
EDZ,Direxion Daily MSCI Emerging Markets Bear 3X ETF,Equity,27.56M
GLIX,Lazard Listed Infrastructure ETF,Equity,27.46M
MBND,State Street Nuveen Municipal Bond ETF,Fixed Income,27.42M
IEDI,iShares U.S. Consumer Focused ETF,Equity,27.40M
PCIG,Polen Capital International Growth ETF,Equity,27.29M
YLDW,Westwood Enhanced Income Opportunity ETF,Asset Allocation,27.21M
ZMUN,F/m Ultrashort Tax-Free Municipal ETF,Fixed Income,27.03M
SAA,ProShares Ultra SmallCap600,Equity,27.01M
CCOR,Core Alternative ETF,Equity,26.98M
SQLV,Royce Quant Small-Cap Quality Value ETF,Equity,26.98M
CVNY,YieldMax CVNA Option Income Strategy ETF,Equity,26.94M
GOOP,Kurv Yield Premium Strategy Google (GOOGL) ETF,Equity,26.87M
RAYJ,Rayliant SMDAM Japan Equity ETF,Equity,26.78M
TSMG,Leverage Shares 2X Long TSM Daily ETF,Equity,26.55M
EYEG,AB Corporate Bond ETF,Fixed Income,26.54M
BREE,MFS Blended Research Emerging Markets Equity ETF,Equity,26.47M
CPSO,Calamos S&P 500 Structured Alt Protection ETF - October,Alternatives,26.45M
PBSE,PGIM S&P 500 Buffer 20 ETF - September,Alternatives,26.45M
SDMF,Simplify DBi CTA Managed Futures Index ETF,Alternatives,26.39M
CPSY,Calamos S&P 500 Structured Alt Protection ETF January,Alternatives,26.38M
CPNJ,Calamos 100 Structured Alt Protection ETF,Alternatives,26.26M
FCLO,Fidelity CLO ETF,Fixed Income,26.26M
DEEP,Acquirers Small and Micro Deep Value ETF,Equity,26.22M
ROMO,Strategy Shares Newfound/ReSolve Robust Momentum ETF,Asset Allocation,26.14M
AAVM,Alpha Architect Global Factor Equity ETF,Equity,26.12M
XTOC,Innovator U.S. Equity Accelerated Plus ETF - October,Alternatives,26.09M
CNQQ,Rayliant-ChinaAMC Transformative China Tech ETF,Equity,26.04M
PBJN,PGIM S&P 500 Buffer 20 ETF - June,Alternatives,25.96M
CCSB,Carbon Collective Short Duration Green Bond ETF,Fixed Income,25.82M
DDNQ,Innovator Growth-100 Dual Directional 5 Buffer ETF - Quarterly,Alternatives,25.80M
RMNY,Rockefeller New York Municipal Bond ETF,Fixed Income,25.77M
GSIB,Themes Global Systemically Important Banks ETF,Equity,25.75M
APRP,PGIM S&P 500 Buffer 12 ETF - April,Alternatives,25.71M
ALIL,Argent Focused Small Cap ETF,Equity,25.67M
ILIT,iShares Lithium Miners and Producers ETF,Equity,25.66M
RMIF,LHA Risk-Managed Income ETF,Fixed Income,25.58M
DRGN,Themes China Generative Artificial Intelligence ETF,Equity,25.52M
TAX,Cambria Tax Aware ETF,Equity,25.45M
FPWR,First Trust EIP Power Solutions ETF,Equity,25.44M
GSUI,Grayscale Sui Staking ETF,Currency,25.37M
PWS,Pacer WealthShield ETF,Asset Allocation,25.37M
CANQ,Calamos Nasdaq Equity & Income ETF,Asset Allocation,25.34M
ITDI,iShares LifePath Target Date 2065 ETF,Asset Allocation,25.33M
SCUB,Sterling Capital Ultra Short Bond ETF,Fixed Income,25.33M
THYM,T. Rowe Price High Income Municipal ETF,Fixed Income,25.30M
XOMO,YieldMax XOM Option Income Strategy ETF,Equity,25.30M
MVPL,Miller Value Partners Leverage ETF,Equity,25.29M
SHPU,Direxion Daily SHOP Bull 2X ETF,Equity,25.24M
BYRE,Principal Real Estate Active Opportunities ETF,Equity,25.17M
JPSV,JPMorgan Active Small Cap Value ETF,Equity,25.16M
MMK,State Street Prime Money Market ETF,Fixed Income,25.07M
SUIS,Canary Staked SUIS ETF,Currency,25.05M
HEAL,Global X HealthTech ETF,Equity,25.04M
JHAI,Janus Henderson Global Artificial Intelligence ETF,Equity,25.03M
PBAU,PGIM S&P 500 Buffer 20 ETF - August,Alternatives,25.02M
MST,Defiance Leveraged Long Income MSTR ETF,Equity,25.00M
JULM,FT Vest U.S. Equity Max Buffer ETF - July,Alternatives,24.99M
VDIG,Vanguard Wellington Dividend Growth Active ETF,Equity,24.94M
SAEF,Schwab Ariel Opportunities ETF,Equity,24.90M
LCOW,Pacer S&P 500 Quality FCF Aristocrats ETF,Equity,24.87M
FEBZ,TrueShares Structured Outcome (February) ETF,Alternatives,24.84M
BTOT,iShares Total USD Fixed Income Market ETF,Fixed Income,24.81M
APRH,Innovator Premium Income 20 Barrier ETF - April,Alternatives,24.78M
PPTY,US Diversified Real Estate ETF,Equity,24.64M
PSCF,Invesco S&P SmallCap Financials ETF,Equity,24.48M
QBUL,TrueShares Quarterly Bull Hedge ETF,Asset Allocation,24.42M
MAYP,PGIM S&P 500 Buffer 12 ETF - May,Alternatives,24.39M
CAFG,Pacer US Small Cap Cash Cows Growth Leaders ETF,Equity,24.37M
HAIL,State Street SPDR S&P Kensho Smart Mobility ETF,Equity,24.37M
KSEP,Innovator U.S. Small Cap Power Buffer ETF - September,Alternatives,24.37M
PSFM,Pacer Swan SOS Flex (April) ETF,Alternatives,24.37M
XIDE,FT Vest U.S. Equity Buffer & Premium Income ETF - December,Alternatives,24.36M
JULP,PGIM S&P 500 Buffer 12 ETF - July,Alternatives,24.33M
PRVS,Parnassus Value Select ETF,Equity,24.25M
UTHY,US Treasury 30 Year Bond ETF,Fixed Income,24.21M
SHUS,Stratified LargeCap Hedged ETF,Equity,24.19M
MYLD,Cambria Micro and SmallCap Shareholder Yield ETF,Equity,24.18M
PQJA,PGIM Nasdaq-100 Buffer 12 ETF - January,Alternatives,24.11M
HELS,Hedgeye 130/30 Equity ETF,Equity,24.10M
IVSS,Applied Finance IVS US SMID ETF,Equity,24.04M
WBIF,WBI BullBear Value 3000 ETF,Equity,23.98M
MJSC,MUFG Japan Small Cap Active ETF,Equity,23.97M
BWET,Breakwave Tanker Shipping ETF,Commodity,23.91M
OWNB,Bitwise Bitcoin Standard Corporations ETF,Equity,23.91M
BRF,VanEck Brazil Small-Cap ETF,Equity,23.87M
CBON,VanEck China Bond ETF,Fixed Income,23.84M
AQWA,Global X Clean Water ETF,Equity,23.79M
TSLP,Kurv Yield Prem Strategy Tesla ETF,Equity,23.77M
MRCP,PGIM S&P 500 Buffer 12 ETF - March,Alternatives,23.73M
DDTJ,Innovator Equity Dual Directional 10 Buffer ETF - January,Alternatives,23.57M
DRAI,Draco Evolution AI ETF,Asset Allocation,23.52M
EVHY,Eaton Vance High Yield ETF,Fixed Income,23.50M
FTKI,First Trust Small Cap BuyWrite Income ETF,Equity,23.45M
GPT,Intelligent Alpha Atlas ETF,Equity,23.42M
YFYA,Yields for You Income Strategy A ETF,Asset Allocation,23.41M
COZX,Tradr 2X Long CORZ Daily ETF,Equity,23.40M
HFMF,Unlimited HFMF Managed Futures ETF,Alternatives,23.38M
UBRL,GraniteShares 2x Long UBER Daily ETF,Equity,23.37M
RCTR,First Trust Bloomberg Nuclear Power ETF,Equity,23.29M
JAPN,Horizon Kinetics Japan Owner Operator ETF,Equity,23.28M
HOOX,Defiance Daily Target 2X Long HOOD ETF,Equity,23.25M
TGLB,T. Rowe Price Global Equity ETF,Equity,23.25M
AMZP,Kurv Yield Prem Strategy Amazon ETF,Equity,23.23M
RGTU,Tradr 2X Long RGTI Daily ETF,Equity,23.23M
USSH,WisdomTree 1-3 Year Laddered Treasury Fund,Fixed Income,23.16M
MCH,Matthews China Active ETF,Equity,23.14M
TARK,AXS 2X Innovation ETF Fund,Equity,23.09M
HELX,Franklin Genomic Advancements ETF,Equity,23.02M
JMID,Janus Henderson Mid Cap Growth Alpha ETF,Equity,23.02M
QQQP,Tradr 2X Long Innovation 100 Quarterly ETF,Equity,23.00M
PLU,Defiance Daily Target 2x Long PL ETF,Equity,22.95M
PEZ,Invesco Dorsey Wright Consumer Cyclicals Momentum ETF,Equity,22.91M
FEBP,PGIM S&P 500 Buffer 12 ETF - February,Alternatives,22.84M
USLN,iShares Broad USD Floating Rate Loan ETF,Fixed Income,22.83M
DECO,State Street Galaxy Digital Asset Ecosystem ETF,Equity,22.82M
TBJL,Innovator 20+ Year Treasury Bond 9 Buffer ETF - July,Alternatives,22.80M
WTIP,WisdomTree Inflation Plus Fund,Asset Allocation,22.79M
MEXX,Direxion Daily MSCI Mexico Bull 3X ETF,Equity,22.77M
CPRJ,Calamos Russell 2000 Structured Alt Protection ETF July,Alternatives,22.74M
FUSI,American Century Multisector Floating Income ETF,Fixed Income,22.74M
QTOC,Innovator Growth Accelerated Plus ETF - October,Alternatives,22.74M
YFFI,Indexperts Yield Focused Fixed Income ETF,Fixed Income,22.73M
MUSQ,MUSQ Global Music Industry Index ETF,Equity,22.71M
XNOV,FT Vest U.S. Equity Enhance & Moderate Buffer ETF - November,Alternatives,22.70M
QSU,Defiance Daily Target 2X Long QS ETF,Equity,22.68M
XTAP,Innovator U.S. Equity Accelerated Plus ETF,Alternatives,22.62M
TMNL,T. Rowe Price Long Municipal Income ETF,Fixed Income,22.59M
FFDI,Fidelity Fundamental Developed International ETF,Equity,22.58M
FIGG,Leverage Shares 2x Long FIG Daily ETF,Equity,22.58M
MEMS,Matthews Emerging Markets Discovery Active ETF,Equity,22.56M
APRB,Aptus April Buffer ETF,Alternatives,22.54M
MCHS,Matthews China Innovators Active ETF,Equity,22.50M
BCDF,Horizon Kinetics Blockchain Development ETF,Equity,22.49M
ESLG,Eventide Large Cap Growth ETF,Equity,22.43M
SEPP,PGIM S&P 500 Buffer 12 ETF - September,Alternatives,22.35M
TESL,Simplify Volt TSLA Revolution ETF,Equity,22.32M
ICOI,Bitwise COIN Option Income Strategy ETF,Equity,22.30M
BEG,Leverage Shares 2x Long BE Daily ETF,Equity,22.26M
KTUP,T-REX 2X Long KTOS Daily Target ETF,Equity,22.21M
TAGS,Teucrium Agricultural Fund,Commodity,22.21M
CLNK,Bitwise Chainlink ETF Beneficial Interest,Currency,22.20M
FTXG,First Trust Nasdaq Food & Beverage ETF,Equity,22.20M
NVDD,Direxion Daily NVDA Bear 1X ETF,Equity,22.16M
PEMX,Putnam Emerging Markets ex-China ETF,Equity,22.12M
QTJL,Innovator Growth Accelerated Plus ETF - July,Alternatives,22.12M
AAPB,GraniteShares 2x Long AAPL Daily ETF,Equity,22.08M
ELIL,Direxion Daily LLY Bull 2X ETF,Equity,21.97M
FDRX,Founder-Led 2X Daily ETF,Equity,21.95M
KONG,Formidable Fortress ETF,Equity,21.92M
UXOC,FT Vest U.S. Equity Uncapped Accelerator ETF - October,Alternatives,21.84M
RGTZ,Defiance Daily Target 2x Short RGTI ETF,Equity,21.83M
AUGP,PGIM S&P 500 Buffer 12 ETF - August,Alternatives,21.71M
MANI,Man Active Income ETF,Fixed Income,21.67M
PSCD,Invesco S&P SmallCap Consumer Discretionary ETF,Equity,21.67M
CPXR,USCF Daily Target 2X Copper Index ETF,Commodity,21.63M
NMBL,NovaTide Flexible Allocation ETF,Asset Allocation,21.58M
HDG,ProShares Hedge Replication ETF,Alternatives,21.57M
TLTP,Amplify TLT U.S. Treasury 12% Option Income ETF,Fixed Income,21.51M
PYPG,Leverage Shares 2X Long PYPL Daily ETF,Equity,21.48M
IBHL,iShares iBonds 2032 Term High Yield and Income ETF,Fixed Income,21.46M
VEMY,Virtus Stone Harbor Emerging Markets High Yield Bond ETF,Fixed Income,21.46M
IREZ,Tradr 2X Short IREN Daily ETF,Equity,21.33M
TMNS,T. Rowe Price Short Municipal Income ETF,Fixed Income,21.24M
QBSV,AllianzIM U.S Equity Buffer5 ETF,Alternatives,21.20M
EUIG,iShares Euro Investment Grade Corporate Bond USD Hedged ETF,Fixed Income,21.09M
PSCM,Invesco S&P SmallCap Materials ETF,Equity,21.06M
TACN,T. Rowe Price Active Core International Equity ETF,Equity,21.03M
EMPB,Efficient Market Portfolio Plus ETF Trust Units,Asset Allocation,20.96M
XOEF,iShares S&P 500 ex S&P 100 ETF,Equity,20.96M
PQAP,PGIM Nasdaq-100 Buffer 12 ETF - April,Alternatives,20.85M
AVGU,GraniteShares 2x Long AVGO Daily ETF,Equity,20.84M
DDTS,Innovator Equity Dual Directional 10 Buffer ETF - September,Alternatives,20.79M
DRKY,VistaShares Target 15 DRUKMacro Distribution ETF,Equity,20.77M
QTJA,Innovator Growth Accelerated Plus ETF - January,Alternatives,20.62M
BWTG,Brendan Wood TopGun ETF,Equity,20.60M
AVGB,Avantis Credit ETF,Fixed Income,20.48M
CBOJ,Calamos Bitcoin Structured Alt Protection ETF - January,Alternatives,20.43M
SCAP,Infrastructure Capital Small Cap Income ETF,Equity,20.38M
XTJA,Innovator U.S. Equity Accelerated Plus ETF - January,Alternatives,20.37M
HF,DGA Core Plus Absolute Return ETF,Alternatives,20.35M
TMED,T. Rowe Price Health Care ETF,Equity,20.35M
FORH,Formidable ETF,Asset Allocation,20.30M
FBUF,Fidelity Dynamic Buffered Equity ETF,Alternatives,20.29M
DFII,FT Vest Bitcoin Strategy & Target Income ETF,Alternatives,20.23M
FEAC,Fidelity Enhanced U.S. All-Cap Equity ETF,Equity,20.23M
GDOC,Future Health Care Equity ETF,Equity,20.12M
TPLS,Thornburg Core Plus Bond ETF,Fixed Income,20.09M
IVEP,Dan IVES Wedbush AI Power & Infrastructure ETF,Equity,20.07M
SETH,ProShares Short Ether ETF,Currency,20.06M
OCTH,Innovator Premium Income 20 Barrier ETF - October,Alternatives,20.04M
AAPD,Direxion Daily AAPL Bear 1X ETF,Equity,19.97M
MHY,Man Active High Yield ETF,Fixed Income,19.92M
MARB,First Trust Merger Arbitrage ETF,Alternatives,19.86M
MNRS,Grayscale Bitcoin Miners ETF,Equity,19.80M
STRN,SMART Trend 25 ETF,Equity,19.77M
QSIX,Pacer Metaurus Nasdaq 100 Dividend Multiplier 600 ETF,Equity,19.75M
DLNV,FT Vest U.S. Equity Dual Directional Buffer ETF - November,Alternatives,19.71M
FTBI,First Trust Balanced Income ETF,Asset Allocation,19.67M
TOCT,Innovator 2 Yr to October 2027,Alternatives,19.64M
FMQQ,FMQQ The Next Frontier Internet ETF,Equity,19.57M
QETH,Invesco Galaxy Ethereum ETF,Currency,19.57M
BCHI,GMO Beyond China ETF,Equity,19.45M
CRMX,Tradr 2X Long CRML Daily ETF,Equity,19.42M
MNZL,Manzil Russell Halal USA Broad Market ETF,Equity,19.41M
TPOR,Direxion Daily Transportation Bull 3X ETF,Equity,19.37M
OCTJ,Innovator Premium Income 30 Barrier ETF - October,Alternatives,19.36M
CSEX,Tradr 2X Long CLS Daily ETF,Equity,19.29M
MIG,VanEck Moody's Analytics IG Corporate Bond ETF,Fixed Income,19.26M
QTAP,Innovator Growth Accelerated Plus ETF - April,Alternatives,19.26M
DDTF,Innovator Equity Dual Directional 10 Buffer ETF - February,Alternatives,19.22M
WANT,Direxion Daily Consumer Discretionary Bull 3X ETF,Equity,19.17M
CIFU,T-REX 2X Long CIFR Daily Target ETF,Equity,19.14M
QUSA,VistaShares Target 15 USA Quality Income ETF,Equity,19.08M
DUKH,Ocean Park High Income ETF,Fixed Income,19.03M
RDTY,YieldMax R2000 0DTE Covered Strategy ETF,Equity,19.02M
RCAX,Defiance Daily Target 2x Long RCAT ETF,Equity,18.93M
MFLX,First Trust Flexible Municipal High Income ETF,Fixed Income,18.90M
CPSP,Calamos S&P 500 Structured Alt Protection ETF - April,Alternatives,18.89M
PCHI,Polen High Income ETF,Fixed Income,18.87M
TTT,ProShares UltraPro Short 20+ Year Treasury,Fixed Income,18.81M
SROI,Calamos Antetokounmpo Global Sustainable Equities ETF,Equity,18.75M
DOJE,REX-Osprey DOGE ETF,Currency,18.69M
MEDX,Horizon Kinetics Medical ETF,Equity,18.68M
PCLO,Virtus Seix AAA Private Credit CLO ETF,Fixed Income,18.68M
TNXT,T. Rowe Price Innovation Leaders ETF,Equity,18.68M
NEWZ,StockSnips AI-Powered Sentiment US All Cap ETF,Equity,18.66M
QNXT,iShares Nasdaq-100 ex Top 30 ETF,Equity,18.65M
MYCK,State Street My2031 Corporate Bond ETF,Fixed Income,18.64M
KPDD,KraneShares 2x Long PDD Daily ETF,Equity,18.49M
QQQS,Invesco NASDAQ Future Gen 200 ETF,Equity,18.47M
CSCL,Direxion Daily CSCO Bull 2X ETF,Equity,18.37M
RINF,ProShares Inflation Expectations ETF,Alternatives,18.37M
RSJN,FT Vest U.S. Equity Equal Weight Buffer ETF - June,Alternatives,18.33M
SCLZ,Swan Enhanced Dividend Income ETF,Equity,18.31M
SLON,ProShares Ultra Solana ETF,Currency,18.30M
SEA,U.S. Global Sea to Sky Cargo ETF,Equity,18.26M
RW,Rainwater Equity ETF,Equity,18.22M
DIVD,Altrius Global Dividend ETF,Equity,18.20M
RMCA,Rockefeller California Municipal Bond ETF,Fixed Income,18.20M
TIPA,Northern Trust 2030 Inflation-Linked Distributing Ladder ETF,Fixed Income,18.20M
JANH,Innovator Premium Income 20 Barrier ETF - January,Alternatives,18.17M
ZTWO,F/M 2-Year Investment Grade Corporate Bond ETF,Fixed Income,18.15M
USAF,Atlas America Fund,Asset Allocation,18.14M
XLUI,State Street Utilities Select Sector SPDR Premium Income ETF,Equity,18.14M
SLTY,YieldMax Ultra Short Option Income Strategy ETF,Equity,18.10M
UPW,ProShares Ultra Utilities,Equity,18.10M
CDEI,"Calvert US Large-Cap Diversity, Equity and Inclusion Index ETF",Equity,18.09M
RTAI,Rareview Tax Advantaged Income ETF,Fixed Income,18.09M
JUNT,AllianzIM U.S. Equity Buffer10 Jun ETF,Alternatives,18.01M
VRAI,Virtus Real Asset Income ETF,Equity,18.01M
MUNX,AMG GW&K Muni Income ETF,Fixed Income,17.98M
VUS,Virtus US Dividend ETF,Equity,17.93M
PSCU,Invesco S&P SmallCap Utilities & Communication Services ETF,Equity,17.87M
QIG,WisdomTree U.S. Corporate Bond Fund,Fixed Income,17.80M
AVXX,Defiance Daily Target 2x Long AVAV ETF,Equity,17.72M
MILK,Pacer US Cash Cows Bond ETF,Fixed Income,17.72M
ESIM,Eventide International ETF,Equity,17.68M
TETH,21Shares Ethereum ETF,Currency,17.66M
JHMU,John Hancock Dynamic Municipal Bond ETF,Fixed Income,17.65M
ACSG,American Century Small Cap Growth Insights ETF,Equity,17.63M
OPEX,Tradr 2X Long OPEN Daily ETF,Equity,17.63M
LBAY,Leatherback Long/Short Alternative Yield ETF,Alternatives,17.62M
BSJX,Invesco BulletShares 2033 High Yield Corporate Bond ETF,Fixed Income,17.61M
BTCC,Grayscale Bitcoin Covered Call ETF,Currency,17.60M
MOTG,VanEck Morningstar Global Wide Moat ETF,Equity,17.60M
SPDF,Defender Risk Adaptive 500 ETF,Equity,17.58M
SOUX,Defiance Daily Target 2X Long SOUN ETF,Equity,17.55M
APXM,FT Vest U.S. Equity Max Buffer ETF - April,Alternatives,17.44M
SRS,ProShares UltraShort Real Estate,Equity,17.42M
TEXN,iShares Texas Equity ETF,Equity,17.35M
WTRE,WisdomTree New Economy Real Estate Fund,Equity,17.25M
SPUT,Innovator Daily PutWrite ETF,Equity,17.17M
PQOC,PGIM Nasdaq-100 Buffer 12 ETF - October,Alternatives,17.15M
XMAY,FT Vest U.S. Equity Enhance & Moderate Buffer ETF - May,Alternatives,17.15M
ABLG,Abacus FCF International Leaders ETF,Equity,17.12M
QBTZ,Defiance Daily Target 2x Short QBTS ETF,Equity,17.12M
QLVE,FlexShares Emerging Markets Quality Low Volatility Index Fund,Equity,17.09M
BABO,YieldMax BABA Option Income Strategy ETF,Equity,16.93M
JULH,Innovator Premium Income 20 Barrier ETF - July,Alternatives,16.92M
BOXA,Alpha Architect Aggregate Bond ETF,Fixed Income,16.87M
TSEP,FT Vest Emerging Market Buffer ETF - September,Alternatives,16.81M
UNL,United States 12 Month Natural Gas Fund LP,Commodity,16.81M
KJUN,Innovator U.S. Small Cap Power Buffer ETF - June,Alternatives,16.79M
HDMV,First Trust Horizon Managed Volatility Developed Intl ETF,Equity,16.71M
YSPY,GraniteShares YieldBOOST SPY ETF,Equity,16.69M
ION,ProShares S&P Global Core Battery Metals ETF,Equity,16.65M
PJFM,PGIM Jennison Focused Mid-Cap ETF,Equity,16.64M
HCOW,Amplify COWS Covered Call ETF,Equity,16.62M
ZTOP,F/m High Yield 100 ETF,Fixed Income,16.59M
LTTI,FT Vest 20+ Year Treasury & Target Income ETF,Alternatives,16.55M
PCLN,Pictet Cleaner Planet ETF,Equity,16.54M
UUUG,Leverage Shares 2X Long UUUU Daily ETF,Equity,16.51M
DLAG,FT Vest U.S. Equity Dual Directional Buffer ETF - August,Alternatives,16.47M
RNEM,First Trust Emerging Markets Equity Select ETF,Equity,16.47M
HFEQ,Unlimited HFEQ Equity Long/Short ETF,Alternatives,16.44M
VSTL,Defiance Daily Target 2X Long VST ETF,Equity,16.37M
TBX,ProShares Short 7-10 Year Treasury,Fixed Income,16.35M
WZRD,Opportunistic Trader ETF,Asset Allocation,16.33M
BOUT,CapForce IBD Breakout Opportunities ETF,Equity,16.32M
CLCV,Crossmark Large Cap Value ETF,Equity,16.21M
LCDS,JPMorgan Fundamental Data Science Large Core ETF,Equity,16.20M
NVDS,Tradr 1.5X Short NVDA Daily ETF,Equity,16.20M
WABF,Western Asset Bond ETF,Fixed Income,16.19M
WMTI,REX WMT Growth & Income ETF,Equity,16.18M
QBF,Innovator Uncapped Bitcoin 20 Floor ETF - Quarterly,Alternatives,16.15M
EEMO,Invesco S&P Emerging Markets Momentum ETF,Equity,16.09M
EZMO,AlphaDroid Broad Markets Momentum ETF,Asset Allocation,16.04M
VDI,Virtus International Dividend ETF,Equity,16.03M
CRSH,YieldMax Short TSLA Option Income Strategy ETF,Equity,16.00M
RVNL,GraniteShares 2x Long RIVN Daily ETF,Equity,16.00M
FPRO,Fidelity Real Estate Investment ETF,Equity,15.99M
QRMI,Global X NASDAQ 100 Risk Managed Income ETF,Equity,15.90M
RULE,Collaborative Investment Series Trust - Adaptive Core ETF,Asset Allocation,15.89M
MRGR,ProShares Merger ETF,Alternatives,15.87M
QRFT,QRAFT AI-Enhanced U.S. Large Cap ETF,Equity,15.75M
DDXX,Defined Duration 20 ETF,Equity,15.69M
KHYB,KraneShares Asia Pacific High Income USD Bond ETF,Fixed Income,15.69M
FOWF,Pacer Solactive Whitney Future of Warfare ETF,Equity,15.67M
FTAG,First Trust Indxx Global Agriculture ETF,Equity,15.66M
JULJ,Innovator Premium Income 30 Barrier ETF - July,Alternatives,15.66M
RFCI,ALPS Dynamic Core Income ETF,Fixed Income,15.64M
IONZ,Defiance Daily Target 2x Short IONQ ETF,Equity,15.63M
BITC,Bitwise Trendwise Bitcoin and Treasuries Rotation Strategy ETF,Currency,15.61M
JANJ,Innovator Premium Income 30 Barrier ETF - January,Alternatives,15.59M
CEW,WisdomTree Emerging Currency Strategy Fund,Currency,15.57M
DGIN,VanEck Digital India ETF,Equity,15.56M
FFLV,Fidelity Fundamental Large Cap Value ETF,Equity,15.53M
HIBS,Direxion Daily S&P 500 High Beta Bear 3X ETF,Equity,15.53M
UST,ProShares Ultra 7-10 Year Treasury,Fixed Income,15.52M
LOPP,Gabelli Love Our Planet & People ETF,Equity,15.47M
PLTZ,Defiance Daily Target 2x Short PLTR ETF,Equity,15.45M
TLTI,NEOS Enhanced Income 20+ Year Treasury Bond ETF,Fixed Income,15.42M
SEF,ProShares Short Financials,Equity,15.40M
SHRY,First Trust Bloomberg Shareholder Yield ETF,Equity,15.35M
TSUI,21Shares Sui ETF,Currency,15.34M
MPLY,Strategy Shares Monopoly ETF,Equity,15.32M
LSEQ,Harbor Long-Short Equity ETF,Alternatives,15.30M
BRKW,Roundhill BRKB WeeklyPay ETF,Equity,15.27M
DVGR,DAC 3D Dividend Growth ETF,Equity,15.26M
DDV,Defined Duration 5 ETF,Fixed Income,15.22M
VAVX,Vaneck Avalanche ETF,Currency,15.17M
JCHI,JPMorgan Active China ETF Active China ETF,Equity,15.12M
TYLG,Global X Information Technology Covered Call & Growth ETF,Equity,15.10M
BALQ,iShares Nasdaq Premium Income Active ETF,Equity,15.06M
EVLU,iShares MSCI Emerging Markets Value Factor ETF,Equity,15.06M
IBFR,Innovator International Developed Managed 10 Buffer ETF,Alternatives,15.03M
MULT,Franklin Multisector Income ETF,Fixed Income,15.03M
FMKT,Free Markets ETF,Equity,15.02M
WMSB,Weitz Multisector Bond ETF,Fixed Income,15.02M
XBTY,GraniteShares YieldBOOST Bitcoin ETF,Currency,15.02M
NBGX,Neuberger Growth ETF,Equity,14.96M
PQJL,PGIM Nasdaq-100 Buffer 12 ETF - July,Alternatives,14.91M
BMNZ,Defiance Daily Target 2X Short BMNR ETF,Equity,14.89M
NBFR,Innovator Nasdaq-100 Managed 10 Buffer ETF,Alternatives,14.89M
NERD,Roundhill Video Games ETF,Equity,14.88M
DDTA,Innovator Equity Dual Directional 10 Buffer ETF - April,Alternatives,14.79M
VSOL,VanEck Solana ETF,Currency,14.79M
SKF,ProShares UltraShort Financials,Equity,14.78M
SPCI,Tuttle Capital Space Industry Income Blast ETF,Equity,14.78M
CPNM,Calamos Nasdaq-100 Structured Alt Protection ETF - March,Alternatives,14.77M
IMTG,Invesco Agency MBS ETF,Fixed Income,14.74M
DTRE,First Trust Alerian Disruptive Technology Real Estate ETF,Equity,14.73M
ARMW,Roundhill ARM WeeklyPay ETF,Equity,14.71M
XLVI,State Street Health Care Select Sector SPDR Premium Income ETF,Equity,14.68M
SHRT,Gotham Short Strategies ETF,Equity,14.57M
RDYY,YieldMax RDDT Option Income Strategy ETF,Equity,14.56M
BTF,CoinShares Bitcoin and Ether ETF,Currency,14.47M
HODU,Direxion Daily HOOD Bull 2X ETF,Equity,14.45M
GLXU,T-REX 2X Long GLXY Daily Target ETF,Equity,14.44M
JLQD,Janus Henderson Corporate Bond ETF,Fixed Income,14.44M
TACU,T. Rowe Price Active Core U.S. Equity ETF,Equity,14.42M
TSL,GraniteShares 1.25x Long Tesla Daily ETF,Equity,14.41M
SIOO,VistaShares Target 15 S&P 100 Distribution ETF,Equity,14.40M
NBIZ,Tradr 2X Short NBIS Daily ETF,Equity,14.39M
PBOT,Pictet AI & Automation ETF,Equity,14.33M
TIME,Clockwise U.S. Core Equity ETF,Equity,14.33M
COPA,Themes Copper Miners ETF,Equity,14.32M
NFLW,Roundhill NFLX WeeklyPay ETF,Equity,14.31M
UPV,ProShares Ultra FTSE Europe,Equity,14.28M
EZJ,ProShares Ultra MSCI Japan,Equity,14.27M
IMST,Bitwise MSTR Option Income Strategy ETF,Equity,14.26M
QQQG,Pacer Nasdaq 100 Top 50 Cash Cows Growth Leaders ETF,Equity,14.23M
VNSE,Natixis Vaughan Nelson Select ETF,Equity,14.21M
EPV,ProShares UltraShort FTSE Europe,Equity,14.20M
ONEH,TrueShares Equity Hedge ETF,Equity,14.18M
MSFD,Direxion Daily MSFT Bear 1X ETF,Equity,14.11M
MUNB,Northern Trust 2035 Tax-Exempt Distributing Ladder ETF,Fixed Income,14.11M
ACSV,American Century Small Cap Value Insights ETF,Equity,13.99M
FDTS,First Trust Developed Markets ex-US Small Cap AlphaDEX Fund,Equity,13.97M
OILT,Texas Capital Texas Oil Index ETF,Equity,13.97M
SPTU,State Street SPDR Portfolio Ultra Short T-Bill ETF,Fixed Income,13.80M
AGMI,Themes Silver Miners ETF,Equity,13.77M
RJVI,RJ Eagle Vertical Income ETF,Asset Allocation,13.77M
LOCT,Innovator Premium Income 15 Buffer ETF - October,Alternatives,13.75M
SMUP,T-REX 2X Long SMR Daily Target ETF,Equity,13.70M
PILL,Direxion Daily Pharmaceutical & Medical Bull 3X ETF,Equity,13.68M
CBTY,Calamos Bitcoin 80 Series Structured Alt Protection ETF - July,Alternatives,13.67M
ARCX,Tradr 2X Long ACHR Daily ETF,Equity,13.66M
CEGX,Tradr 2X Long CEG Daily ETF,Equity,13.64M
USAX,Tradr 2X Long USAR Daily ETF,Equity,13.62M
EMIF,iShares Emerging Markets Infrastructure ETF,Equity,13.58M
SNPG,Xtrackers S&P 500 Growth Scored & Screened ETF,Equity,13.58M
MYMI,State Street My2029 Municipal Bond ETF,Fixed Income,13.56M
ERET,iShares Environmentally Aware Real Estate ETF,Equity,13.53M
MAGC,Roundhill China Magnificent Seven ETF,Equity,13.52M
DUKQ,Ocean Park Domestic ETF,Equity,13.46M
GEVG,Leverage Shares 2X Long GEV Daily ETF,Equity,13.37M
EOSU,T-REX 2X Long EOSE Daily Target ETF,Equity,13.34M
SMLL,Harbor Active Small Cap ETF,Equity,13.33M
XTJL,Innovator U.S. Equity Accelerated Plus ETF - July,Alternatives,13.32M
QQHG,Invesco QQQ Hedged Advantage ETF,Equity,13.27M
TSXU,Direxion Daily Semiconductors Top 5 Bull 2X ETF,Equity,13.27M
YQQQ,YieldMax Short N100 Option Income Strategy ETF,Equity,13.26M
GGTL,Gabelli Global Technology Leaders ETF,Equity,13.22M
INDE,Matthews India Active ETF,Equity,13.21M
TFNS,T. Rowe Price Financials ETF,Equity,13.18M
MKAM,MKAM ETF,Asset Allocation,13.17M
FEAT,YieldMax Dorsey Wright Featured 5 Income ETF,Equity,13.16M
TENJ,iShares Large Cap 10% Target Buffer Jun ETF,Alternatives,13.15M
AAPX,T-Rex 2X Long Apple Daily Target ETF,Equity,13.14M
CPSU,Calamos S&P 500 Structured Alt Protection Etf June,Alternatives,13.14M
ITDJ,iShares LifePath Target Date 2070 ETF,Asset Allocation,13.13M
CPRA,Calamos Russell 2000 Structured Alt Protection ETF - April,Alternatives,13.12M
KPHO,KraneShares Dragon Capital Vietnam Growth Index ETF,Equity,13.12M
USGG,Leverage Shares 2X Long USAR Daily ETF,Equity,13.11M
CAS,Simplify China A Shares PLUS Income ETF,Equity,13.05M
DIVY,Sound Equity Dividend Income ETF,Equity,13.01M
QOWZ,Invesco Nasdaq Free Cash Flow Achievers ETF,Equity,13.00M
BAGY,Amplify Bitcoin Max Income Covered Call ETF,Currency,12.99M
MEMA,Man Active Emerging Markets Alternative ETF,Alternatives,12.96M
ARWG,Archer Growth ETF,Equity,12.91M
JELH,Janus Detroit Street Trust - Janus Henderson Equity Linked High Income ETF,-,12.88M
CONI,GraniteShares 2x Short COIN Daily ETF,Equity,12.87M
FARX,Frontier Asset Absolute Return ETF,Alternatives,12.87M
SDCP,Virtus Newfleet Short Duration Core Plus Bond ETF,Fixed Income,12.80M
GGLS,Direxion Daily GOOGL Bear 1X ETF,Equity,12.79M
EQLT,iShares MSCI Emerging Markets Quality Factor ETF,Equity,12.70M
SPDG,State Street SPDR Portfolio S&P Sector Neutral Dividend ETF,Equity,12.66M
ZVOL,Volatility Premium Plus ETF,Alternatives,12.62M
NVDB,ProShares Ultra NVDA,Equity,12.59M
PWER,Nomura Energy Transition ETF,Equity,12.53M
SUPP,TCW Transform Supply Chain ETF,Equity,12.45M
ESLV,Eventide Large Cap Value ETF,Equity,12.43M
MYMJ,State Street My2030 Municipal Bond ETF,Fixed Income,12.39M
LJAN,Innovator Premium Income 15 Buffer ETF - January,Alternatives,12.35M
PLUL,Leverage Shares 2X Long PLUG Daily ETF,Equity,12.28M
COSW,Roundhill COST WeeklyPay ETF,Equity,12.25M
EVNT,AltShares Event-Driven ETF,Alternatives,12.25M
MSFY,Kurv Yield Premium Strategy Microsoft (MSFT) ETF,Equity,12.24M
BETH,ProShares Bitcoin & Ether Market Cap Weight ETF,Currency,12.19M
BUFX,FT Vest Laddered Enhance & Moderate Buffer ETF,Alternatives,12.17M
WDGF,WisdomTree Global Defense Fund,Equity,12.17M
JANI,AllianzIM International Equity Buffer15 Uncapped Jan ETF,Alternatives,12.15M
NVIT,YieldMax NVDA Performance & Distribution Target 25 ETF,Equity,12.08M
PDDL,GraniteShares 2x Long PDD Daily ETF,Equity,12.04M
WTLS,WisdomTree Efficient Long/Short U.S. Equity Fund,Alternatives,12.04M
EMES,Harbor Emerging Markets Select ETF,Equity,12.00M
BFIX,Build Bond Innovation ETF,Fixed Income,11.99M
EFZ,ProShares Short MSCI EAFE,Equity,11.98M
GTOH,Invesco Short Duration High Yield ETF,Fixed Income,11.95M
XRPM,Amplify XRP 3% Monthly Premium Income ETF,Currency,11.95M
TYO,Direxion Daily 7-10 Year Treasury Bear 3X ETF,Fixed Income,11.90M
HVAC,AdvisorShares HVAC and Industrials ETF,Equity,11.87M
TSNF,Truth Social American Next Frontiers ETF,Equity,11.82M
PJBF,PGIM Jennison Better Future ETF,Equity,11.71M
UGE,ProShares Ultra Consumer Staples,Equity,11.71M
TERG,Leverage Shares 2X Long TER Daily ETF,Equity,11.70M
CPII,American Beacon Ionic Inflation Protection ETF,Fixed Income,11.64M
TEKX,State Street Galaxy Transformative Tech Accelerators ETF,Equity,11.64M
AGIQ,SoFi Agentic AI ETF,Equity,11.55M
IPOS,Renaissance International IPO ETF,Equity,11.52M
PST,ProShares UltraShort 7-10 Year Treasury,Fixed Income,11.47M
MFMO,Motley Fool Momentum Factor ETF,Equity,11.45M
ACGR,American Century Large Cap Growth ETF,Equity,11.40M
LAPR,Innovator Premium Income 15 Buffer ETF - April,Alternatives,11.40M
KCAI,KraneShares China Alpha Index ETF,Equity,11.39M
PRAE,PlanRock Alternative Growth ETF,Asset Allocation,11.39M
TLTX,Global X Treasury Bond Enhanced Income ETF,Fixed Income,11.34M
ABCS,Alpha Blue Capital US Small-Mid Cap Dynamic ETF,Equity,11.33M
EBIT,Harbor AlphaEdge Small Cap Earners ETF,Equity,11.31M
JDIV,JPMorgan Dividend Leaders ETF,Equity,11.27M
JHID,John Hancock International High Dividend ETF,Equity,11.25M
SMRF,"ALPS Nautilus SMR, Nuclear & Technology ETF",Equity,11.25M
MAPP,Harbor Multi-Asset Explorer ETF,Asset Allocation,11.24M
RDOG,ALPS REIT Dividend Dogs ETF,Equity,11.18M
PQNT,Pictet AI Enhanced International Equity ETF,Equity,11.17M
AFSC,abrdn Focused U.S. Small Cap Active ETF,Equity,11.14M
PEX,ProShares Global Listed Private Equity ETF,Equity,11.14M
TSYX,TSPY Lift ETF,Equity,11.14M
ICPI,iShares 0-1 Year TIPS Bond ETF,Fixed Income,11.12M
PFIX,Simplify Interest Rate Hedge ETF,Alternatives,11.11M
CUSD,CrossingBridge Ultra-Short Duration ETF,Fixed Income,11.08M
UCC,ProShares Ultra Consumer Discretionary,Equity,11.07M
DIVG,Invesco S&P 500 High Dividend Growers ETF,Equity,11.05M
EZPZ,Franklin Crypto Index ETF,Currency,10.93M
CRXP,Columbia Core Plus Bond ETF,Fixed Income,10.92M
QSML,WisdomTree U.S. SmallCap Quality Growth Fund,Equity,10.89M
REK,ProShares Short Real Estate,Equity,10.88M
NUGY,GraniteShares YieldBOOST Gold Miners ETF,Equity,10.82M
WRND,NYLI Global Equity R&D Leaders ETF,Equity,10.76M
JHDV,John Hancock U.S. High Dividend ETF,Equity,10.75M
BFLX,iShares Flexible Equity Active ETF,Equity,10.74M
AMZD,Direxion Daily AMZN Bear 1X ETF,Equity,10.70M
TAPR,Innovator 2 Yr to April 2027,Alternatives,10.58M
MFIG,Motley Fool Innovative Growth ETF,Equity,10.57M
GDT,WisdomTree Efficient TIPS Plus Gold Fund,Asset Allocation,10.51M
RSMR,FT Vest U.S. Equity Equal Weight Buffer ETF - March,Alternatives,10.51M
INVN,Alger Russell Innovation ETF,Equity,10.42M
BRAZ,Global X Brazil Active ETF,Equity,10.37M
TDOT,21shares Polkadot ETF Shares of Beneficial Interest,Currency,10.37M
BMED,iShares Health Innovation Active ETF,Equity,10.34M
BGRO,iShares Large Cap Growth Active ETF,Equity,10.32M
MOTO,Guinness Atkinson Smart Transportation & Technology ETF,Equity,10.30M
ETU,T-Rex 2X Long Ether Daily Target ETF,Currency,10.29M
AVIE,Avantis Inflation Focused Equity ETF,Equity,10.27M
EUM,ProShares Short MSCI Emerging Markets,Equity,10.21M
XPP,ProShares Ultra FTSE China 50,Equity,10.17M
FDND,FT Vest Dow Jones Internet & Target Income ETF,Alternatives,10.15M
BDVG,iMGP Berkshire Dividend Growth ETF,Equity,10.06M
DANA,Dana Limited Volatility ETF,Fixed Income,10.05M
AAAC,Columbia AAA CLO ETF,Fixed Income,10.04M
PANG,Leverage Shares 2X Long PANW Daily ETF,Equity,10.02M
XCNY,State Street SPDR S&P Emerging Markets ex-China ETF,Equity,10.02M
MYMK,State Street My2031 Municipal Bond ETF,Fixed Income,10.01M
SPAQ,Horizon Kinetics SPAC Active ETF,Equity,10.01M
DEFI,Hashdex Commodities Trust,Currency,9.97M
GMUN,Goldman Sachs Access Municipal Bond ETF,Fixed Income,9.97M
CBXO,Calamos Bitcoin 90 Series Structured Alt Protection ETF - October,Alternatives,9.94M
LULG,Leverage Shares 2X Long LULU Daily ETF,Equity,9.94M
FIXP,FolioBeyond Enhanced Fixed Income Premium ETF,Fixed Income,9.92M
WCEO,Hypatia Women CEO ETF,Equity,9.92M
MYCL,State Street My2032 Corporate Bond ETF,Fixed Income,9.90M
MYMG,State Street My2027 Municipal Bond ETF,Fixed Income,9.88M
UTRE,US Treasury 3 Year Note ETF,Fixed Income,9.83M
FLYT,Tradr 2X Long FLY Daily ETF,Equity,9.80M
USFI,BrandywineGLOBAL - U.S. Fixed Income ETF,Fixed Income,9.80M
CRCD,T-REX 2X Inverse CRCL Daily Target ETF,Equity,9.78M
BCGD,Baron Global Durable Advantage ETF,Equity,9.76M
GOU,GraniteShares 2x Long GOOGL Daily ETF,Equity,9.74M
BELT,iShares U.S. Select Equity Active ETF,Equity,9.72M
DADS,Digital Asset Debt Strategy ETF,Fixed Income,9.71M
XLKI,State Street Technology Select Sector SPDR Premium Income ETF,Equity,9.60M
COIG,Leverage Shares 2X Long COIN Daily ETF,Equity,9.58M
GDOG,Grayscale Dogecoin Trust ETF Accred Inv,Currency,9.57M
TOT,LionShares U.S. Equity Total Return ETF,Equity,9.56M
ENHU,iShares Enhanced Large Cap Core Active ETF,Equity,9.54M
PLTA,ProShares Ultra PLTR,Equity,9.50M
SMYY,GraniteShares YieldBOOST SMCI ETF,Equity,9.50M
GSIG,Goldman Sachs Access Investment Grade Corporate 1-5 Year Bond ETF,Fixed Income,9.47M
RITA,ETFB Green SRI REITs ETF,Equity,9.29M
DWSH,AdvisorShares Dorsey Wright Short ETF,Equity,9.27M
SOEZ,Franklin Solana ETF,Currency,9.25M
EAOK,iShares ESG Aware 30/70 Conservative Allocation ETF,Asset Allocation,9.22M
KROP,Global X AgTech & Food Innovation ETF,Equity,9.17M
HOYY,GraniteShares YieldBOOST HOOD ETF,Equity,9.15M
BPAY,iShares FinTech Active ETF,Equity,9.13M
DIPS,YieldMax Short NVDA Option Income Strategy ETF,Equity,9.12M
TIPB,Northern Trust 2035 Inflation-Linked Distributing Ladder ETF,Fixed Income,9.08M
VNIE,Vontobel International Equity Active ETF,Equity,9.07M
WEED,Roundhill Cannabis ETF,Equity,9.05M
BCCC,Global X Bitcoin Covered Call ETF,Currency,9.04M
LJUL,Innovator Premium Income 15 Buffer ETF - July,Alternatives,8.96M
MSTP,GraniteShares 2x Long MSTR Daily ETF,Equity,8.89M
PSWD,Xtrackers Cybersecurity Select Equity ETF,Equity,8.87M
KMLI,KraneShares 2x Long MELI Daily ETF,Equity,8.86M
SIMS,State Street SPDR S&P Kensho Intelligent Structures ETF,Equity,8.84M
BEZ,Tradr 2X Short BE Daily ETF,Equity,8.83M
SCDS,JPMorgan Fundamental Data Science Small Core ETF,Equity,8.82M
CORD,T-REX 2X Inverse CRWV Daily Target ETF,Equity,8.80M
TQQY,GraniteShares YieldBOOST QQQ ETF,Equity,8.79M
MYMF,State Street My2026 Municipal Bond ETF,Fixed Income,8.74M
TTDU,T-REX 2X Long TTD Daily Target ETF,Equity,8.71M
UXAP,FT Vest U.S. Equity Uncapped Accelerator ETF - April,Alternatives,8.70M
SATO,Invesco Alerian Galaxy Crypto Economy ETF,Equity,8.69M
HUTG,Leverage Shares 2X Long HUT Daily ETF,Equity,8.67M
UJB,ProShares Ultra High Yield,Fixed Income,8.67M
MYCM,State Street My2033 Corporate Bond ETF,Fixed Income,8.66M
GGRW,Gabelli Growth Innovators ETF,Equity,8.65M
EAOM,iShares ESG Aware 40/60 Moderate Allocation ETF,Asset Allocation,8.63M
MYMH,State Street My2028 Municipal Bond ETF,Fixed Income,8.62M
MYCN,State Street My2034 Corporate Bond ETF,Fixed Income,8.60M
OSCX,Defiance Daily Target 2x Long OSCR ETF,Equity,8.60M
HOLD,Harbor Alpha Layering ETF,Asset Allocation,8.59M
HAUS,Residential REIT ETF,Equity,8.56M
AMYY,GraniteShares YieldBOOST AMD ETF,Equity,8.53M
GXDW,Global X Dorsey Wright Thematic ETF,Equity,8.51M
JDOC,JPMorgan Healthcare Leaders ETF,Equity,8.49M
MUYY,GraniteShares YieldBOOST MU ETF,Equity,8.49M
ROPE,Coastal Compass 100 ETF,Equity,8.49M
UTWY,US Treasury 20 Year Bond ETF,Fixed Income,8.49M
BETE,ProShares Bitcoin & Ether Equal Weight ETF,Currency,8.48M
IBGB,iShares iBonds Dec 2045 Term Treasury ETF,Fixed Income,8.48M
FLAO,AllianzIM U.S. Equity 6 Month Floor5 Apr/Oct ETF,Alternatives,8.46M
KEEX,Defiance Daily Target 2x Long KEEL ETF,Equity,8.46M
JPAN,Matthews Japan Active ETF,Equity,8.42M
EUDV,ProShares MSCI Europe Dividend Growers ETF,Equity,8.41M
LDRH,iShares iBonds 1-5 Year High Yield and Income Ladder ETF,Fixed Income,8.41M
FLJJ,AllianzIM U.S. Equity 6 Month Floor5 Jan/Jul ETF,Alternatives,8.40M
ONDU,Tradr 2X Long ONDS Daily ETF,Equity,8.37M
IVRS,iShares Future Metaverse Tech and Communications ETF,Equity,8.34M
TINY,ProShares Nanotechnology ETF,Equity,8.29M
COTG,Leverage Shares 2X Long COST Daily ETF,Equity,8.27M
MUND,Northern Trust 2055 Tax-Exempt Distributing Ladder ETF,Fixed Income,8.24M
RHTX,RH Tactical Outlook ETF,Asset Allocation,8.24M
WXET,Teucrium 2x Daily Wheat ETF,Commodity,8.23M
MUNC,Northern Trust 2045 Tax-Exempt Distributing Ladder ETF,Fixed Income,8.21M
RYLG,Global X Russell 2000 Covered Call & Growth ETF,Equity,8.21M
TSES,Truth Social American Energy Security ETF,Equity,8.19M
EPEM,Harbor Emerging Markets Equity ETF,Equity,8.15M
ASGM,Virtus AlphaSimplex Global Macro ETF,Alternatives,8.12M
TSSD,Truth Social American Security & Defense ETF,Equity,8.11M
KDVD,Keeley Dividend ETF,Equity,8.06M
MUNA,Northern Trust 2030 Tax-Exempt Distributing Ladder ETF,Fixed Income,8.02M
LTL,ProShares Ultra Communication Services,Equity,8.00M
ETFT,Fundsmith Equity ETF,Equity,7.94M
MFUL,Collaborative Investment - Mindful Conservative ETF,Asset Allocation,7.85M
MCDS,JPMorgan Fundamental Data Science Mid Core ETF,Equity,7.84M
IVSI,Applied Finance IVS International Large ETF,Equity,7.83M
QTR,Global X NASDAQ 100 Tail Risk ETF,Equity,7.81M
TMAR,FT Vest Emerging Markets Buffer ETF - March,Alternatives,7.80M
KBFR,Innovator U.S. Small Cap Managed 10 Buffer ETF,Alternatives,7.78M
QVOL,Infrastructure Capital Nasdaq Option Income ETF,Equity,7.78M
USNG,Amplify Samsung U.S. Natural Gas Infrastructure ETF,Equity,7.77M
SQLT,iShares MSCI USA Small-Cap Quality Factor ETF,Equity,7.74M
ANEW,ProShares MSCI Transformational Changes ETF,Equity,7.73M
EPIN,Harbor International Equity ETF,Equity,7.72M
AUAU,Global X Gold Miners ETF,Equity,7.69M
PHYD,Putnam ESG High Yield ETF,Fixed Income,7.68M
ALRG,Allspring LT Large Core ETF,Equity,7.65M
SOFA,Direxion Daily SOFI Bull 2X ETF,Equity,7.65M
BFOC,FT Vest Bitcoin Strategy Floor15 ETF - October,Alternatives,7.64M
USVN,US Treasury 7 Year Note ETF,Fixed Income,7.63M
BBB,CYBER HORNET S&P 500 and Bitcoin 75/25 Strategy ETF,Asset Allocation,7.61M
BILD,Nomura Global Listed Infrastructure ETF,Equity,7.59M
ESMV,iShares ESG Optimized MSCI USA Min Vol Factor ETF,Equity,7.55M
LMTL,Direxion Daily LMT Bull 2X ETF,Equity,7.55M
HIYY,YieldMax HIMS Option Income Strategy ETF,Equity,7.54M
METD,Direxion Daily META Bear 1X ETF,Equity,7.54M
SJCP,SanJac Alpha Core Plus Bond ETF,Fixed Income,7.54M
BULD,Pacer BlueStar Engineering the Future ETF,Equity,7.53M
MFVL,Motley Fool Value Factor ETF,Equity,7.39M
ASMU,Direxion Daily ASML Bull 2X ETF,Equity,7.37M
CTEX,ProShares S&P Kensho Cleantech ETF,Equity,7.37M
EMDV,ProShares MSCI Emerging Markets Dividend Growers ETF,Equity,7.35M
VICE,AdvisorShares Vice ETF,Equity,7.29M
CLIX,ProShares Long Online/Short Stores ETF,Equity,7.28M
TFJL,Innovator 20+ Year Treasury Bond 5 Floor ETF - July,Alternatives,7.28M
VERS,ProShares Metaverse ETF,Equity,7.28M
RKNG,Defiance Retail Kings ETF,Equity,7.27M
WEBS,Direxion Daily Dow Jones Internet Bear 3X ETF,Equity,7.27M
CPHY,F/m Compoundr High Yield Bond ETF,Fixed Income,7.22M
ISUL,GraniteShares 2x Long ISRG Daily ETF,Equity,7.22M
SKRE,Tuttle Capital Daily 2X Inverse Regional Banks ETF,Equity,7.22M
SPCK,The SPAC and New Issue ETF,-,7.18M
VCLN,Virtus Duff & Phelps Clean Energy ETF,Equity,7.15M
LBO,WHITEWOLF Publicly Listed Private Equity ETF,Equity,7.12M
CIFG,Leverage Shares 2X Long CIFR Daily ETF,Equity,7.11M
BRKC,YieldMax BRK.B Option Income Strategy ETF,Equity,7.04M
JUDO,Janus Henderson U.S. Equity Enhanced Income ETF,Equity,7.01M
VEM,Virtus Emerging Markets Dividend ETF,Equity,7.00M
SAWS,AAM Sawgrass US Small Cap Quality Growth ETF,Equity,6.97M
IOPP,Simplify Tara India Opportunities ETF,Equity,6.95M
ADVE,Matthews Asia Dividend Active ETF,Equity,6.94M
PCRB,Putnam ESG Core Bond ETF,Fixed Income,6.93M
LIAM,LifeX 2055 Inflation-Protected Longevity Income ETF,Fixed Income,6.92M
PCGG,Polen Capital Global Growth ETF,Equity,6.92M
UCYB,ProShares Ultra Nasdaq Cybersecurity ETF,Equity,6.87M
TEC,Harbor Transformative Technologies ETF,Equity,6.86M
PGRI,Putnam International Stock ETF,Equity,6.85M
ARMH,Arm Holdings PLC ADRhedged,Equity,6.83M
FPAS,FPA Short Duration Government ETF,Fixed Income,6.82M
PATX,Tradr 2X Long PATH Daily ETF,Equity,6.82M
XLII,State Street Industrial Select Sector SPDR Premium Income ETF,Equity,6.81M
SPXD,Xtrackers S&P 500 Diversified Sector Weight ETF,Equity,6.76M
IQRA,NYLI CBRE Real Assets ETF,Equity,6.75M
QBQV,AllianzIM Growth-100 Buffer5 ETF,Alternatives,6.73M
XLBI,State Street Materials Select Sector SPDR Premium Income ETF,Equity,6.72M
THRV,Prospera Income ETF,Asset Allocation,6.71M
LMNX,Defiance Daily Target 2x Long LMND ETF,Equity,6.63M
APLZ,Tradr 2X Short APLD Daily ETF,Equity,6.60M
BDIV,AAM Brentview Dividend Growth ETF,Equity,6.54M
GMMA,GammaRoad Market Navigation ETF,Asset Allocation,6.54M
UPGR,Xtrackers US Green Infrastructure Select Equity ETF,Equity,6.54M
BNDD,Quadratic Deflation ETF,Fixed Income,6.46M
EWV,ProShares UltraShort MSCI Japan,Equity,6.45M
TTXU,Direxion Daily Technology Top 5 Bull 2X ETF,Equity,6.43M
BULG,Leverage Shares 2X Long BULL Daily ETF,Equity,6.41M
SPCZ,RiverNorth Enhanced Pre-Merger SPAC ETF,Equity,6.35M
STAX,Nomura Tax-Free USA Short Term ETF,Fixed Income,6.33M
CHRI,Global X S&P 500 Christian Values ETF,Equity,6.31M
FXP,ProShares UltraShort FTSE China 50,Equity,6.31M
SIJ,ProShares UltraShort Industrials,Equity,6.28M
PONX,Tradr 2X Long PONY Daily ETF,Equity,6.27M
LTAX,Nomura Tax-Free USA ETF,Fixed Income,6.26M
AAPY,Kurv Yield Premium Strategy Apple (AAPL) ETF,Equity,6.24M
LTCC,Canary Litecoin ETF,Currency,6.19M
MYCO,State Street My2035 Corporate Bond ETF,Fixed Income,6.14M
QBKV,AllianzIM U.S. Small Cap Buffer5 ETF,Alternatives,6.14M
DUOG,Leverage Shares 2X Long DUOL Daily ETF,Equity,6.13M
IOYY,GraniteShares YieldBOOST IONQ ETF,Equity,6.13M
CBOO,Calamos Bitcoin Structured Alt Protection ETF - October,Alternatives,6.11M
GBHI,Gabelli High Income ETF,Fixed Income,6.08M
RNWZ,TrueShares Eagle Global Renewable Energy Income ETF,Equity,6.06M
DYLG,Global X Dow 30 Covered Call & Growth ETF,Equity,6.03M
KLAG,Leverage Shares 2x Long KLAC Daily ETF,Equity,6.03M
DKNX,Defiance Daily Target 2X Long DKNG ETF,Equity,6.02M
KPRO,KraneShares 100% KWEB Defined Outcome January 2027 ETF,Alternatives,6.01M
LYLD,Cambria Large Cap Shareholder Yield ETF,Equity,6.00M
NFLP,Kurv Yield Prem Stratgey Netflix ETF,Equity,6.00M
QBIV,AllianzIM International Equity Buffer5 ETF,Alternatives,5.98M
IBGL,iShares iBonds Dec 2055 Term Treasury ETF,Fixed Income,5.96M
SCC,ProShares UltraShort Consumer Discretionary,Equity,5.93M
QSOL,Invesco Galaxy Solana ETF,Currency,5.91M
CXRN,Teucrium 2x Daily Corn ETF,Commodity,5.90M
TINS,Templeton International Insights ETF,Equity,5.90M
JOJO,ATAC Credit Rotation ETF,Fixed Income,5.87M
LCDL,GraniteShares 2x Long LCID Daily ETF,Equity,5.86M
ARLI,AllianzIM International Equity Buffer15 Uncapped Apr ETF,Alternatives,5.85M
MPL,Defiance Daily Target 2X Long MP ETF,Equity,5.85M
QBKF,AllianzIM U.S. Small Cap Buffer15 ETF,Alternatives,5.84M
NVIR,Horizon Kinetics Energy and Remediation ETF,Equity,5.82M
QBQF,AllianzIM Growth-100 Buffer15 ETF,Alternatives,5.82M
QBIF,AllianzIM International Equity Buffer15 ETF,Alternatives,5.81M
INDH,WisdomTree India Hedged Equity Fund,Equity,5.80M
IPAV,Global X Infrastructure Development ex-U.S. ETF,Equity,5.78M
EVMT,Invesco Electric Vehicle Metals Commodity Strategy No K-1 ETF,Commodity,5.77M
FIVY,YieldMax Dorsey Wright Hybrid 5 Income ETF,Equity,5.72M
AALG,Leverage Shares 2X Long AAL Daily ETF,Equity,5.70M
ORCS,Direxion Daily ORCL Bear 1X ETF,Equity,5.66M
BEEZ,Honeytree U.S. Equity ETF,Equity,5.64M
LEUX,Tradr 2X Long LEU Daily ETF,Equity,5.64M
EPAI,Harbor AI Inflection Strategy ETF,Equity,5.62M
REFA,Columbia Research Enhanced International Equity ETF,Equity,5.59M
DAT,ProShares Big Data Refiners ETF,Equity,5.56M
FTIF,First Trust Bloomberg Inflation Sensitive Equity ETF,Equity,5.55M
UXJL,FT Vest U.S. Equity Uncapped Accelerator ETF - July,Alternatives,5.54M
QQXL,ProShares Ultra QQQ Top 30,Equity,5.53M
EFRA,iShares Environmental Infrastructure and Industrials ETF,Equity,5.51M
CBXY,Calamos Bitcoin 90 Series Structured Alt Protection ETF - July,Alternatives,5.50M
TLDR,Laddered T-Bill ETF,Fixed Income,5.50M
STHH,STMicroelectronics NV ADRhedged,Equity,5.47M
NFXS,Direxion Daily NFLX Bear 1X ETF,Equity,5.45M
LLII,REX LLY Growth & Income ETF 3Shs,Equity,5.44M
PMNV,PGIM S&P 500 Max Buffer ETF - November,Alternatives,5.44M
FPXE,First Trust IPOX Europe Equity Opportunities ETF,Equity,5.41M
ABNY,YieldMax ABNB Option Income Strategy ETF,Equity,5.39M
MBBB,VanEck Moody's Analytics BBB Corporate Bond ETF,Fixed Income,5.37M
PMMY,PGIM S&P 500 Max Buffer ETF - May,Alternatives,5.36M
TXXD,21Shares 2x Long Dogecoin ETF,Currency,5.34M
MAKX,ProShares S&P Kensho Smart Factories ETF,Equity,5.33M
IBRN,iShares Neuroscience and Healthcare ETF,Equity,5.31M
FRIZ,Franklin Dividend Growth ETF,Equity,5.29M
BUYZ,Franklin Disruptive Commerce ETF,Equity,5.28M
RXD,ProShares UltraShort Health Care,Equity,5.28M
UNX,Tradr 2X Long U Daily ETF,Equity,5.28M
AGRH,iShares Interest Rate Hedged U.S. Aggregate Bond ETF,Fixed Income,5.26M
DVXK,WEBs Technology XLK Defined Volatility ETF,Equity,5.24M
EPSV,Harbor SMID Cap Value ETF,Equity,5.22M
SPOG,Leverage Shares 2X Long SPOT Daily ETF,Equity,5.22M
XEML,Xtrackers Europe Market Leaders ETF,Equity,5.19M
NIOG,Leverage Shares 2X Long NIO Daily ETF,Equity,5.18M
ISHP,First Trust S-Network E-Commerce ETF,Equity,5.17M
EFFE,Harbor Osmosis Emerging Markets Resource Efficient ETF,Equity,5.16M
OKTG,Leverage Shares 2X Long OKTA Daily ETF,Equity,5.16M
ULE,ProShares Ultra Euro,Currency,5.16M
OKLS,Defiance Daily Target 2X Short OKLO ETF,Equity,5.12M
BOEG,Leverage Shares 2X Long BA Daily ETF,Equity,5.09M
CONX,Direxion Daily COIN Bull 2X ETF,Equity,5.09M
ODHY,Obra Defensive High Yield ETF,Fixed Income,5.08M
ETEC,iShares Breakthrough Environmental Solutions ETF,Equity,5.07M
MYHC,State Street My2029 High Yield Corporate Bond ETF,Fixed Income,5.03M
MYHD,State Street My2030 High Yield Corporate Bond ETF,Fixed Income,5.02M
RTXG,Leverage Shares 2X Long RTX Daily ETF,Equity,5.02M
MYHB,State Street My2028 High Yield Corporate Bond ETF,Fixed Income,5.01M
XLFI,State Street Financial Select Sector SPDR Premium Income ETF,Equity,5.01M
CBTL,Calamos Laddered Bitcoin 80 Series Structured Alt Protection ETF,Alternatives,5.00M
FLSA,Franklin FTSE Saudi Arabia Fund,Equity,5.00M
MYHE,State Street My2031 High Yield Corporate Bond ETF,Fixed Income,5.00M
RNTY,YieldMax Target 12 Real Estate Option Income ETF,Equity,4.99M
NBCE,Neuberger China Equity ETF,Equity,4.98M
GENW,Genter Capital International Dividend ETF,Equity,4.94M
CBOA,Calamos Bitcoin Structured Alt Protection ETF - April,Alternatives,4.91M
PMAP,PGIM S&P 500 Max Buffer ETF - April,Alternatives,4.90M
AETH,Bitwise Trendwise Ether and Treasuries Rotation Strategy ETF,Currency,4.89M
CBOY,Calamos Bitcoin Structured Alt Protection ETF - July,Alternatives,4.89M
RND,First Trust Bloomberg R&D Leaders ETF,Equity,4.89M
PLDR,Putnam Sustainable Leaders ETF,Equity,4.88M
AVS,Direxion Daily AVGO Bear 1X ETF,Equity,4.87M
DGOC,FT Vest U.S. Equity Buffer & Digital Return ETF - October,Alternatives,4.85M
SZK,ProShares UltraShort Consumer Staples,Equity,4.85M
DISO,YieldMax DIS Option Income Strategy ETF,Equity,4.84M
GEND,Genter Capital Dividend Income ETF,Equity,4.84M
BBBL,BondBloxx BBB Rated 10+ Year Corporate Bond ETF,Fixed Income,4.82M
ISBG,IncomeSTKd 1x Bitcoin & 1x Gold Premium ETF,Asset Allocation,4.79M
TEXU,Direxion Daily Energy Top 5 Bull 2X ETF,Equity,4.78M
IVSX,Applied Finance IVS International SMID ETF,Equity,4.75M
DGJA,FT Vest U.S. Equity Buffer & Digital Return ETF - January,Alternatives,4.72M
SOLR,Guinness Atkinson Sustainable Energy ETF,Equity,4.72M
FGRU,T-REX 2X Long FIGR Daily Target ETF,Equity,4.69M
EPSB,Harbor SMID Cap Core ETF,Equity,4.67M
BNGE,First Trust S-Network Streaming and Gaming ETF,Equity,4.63M
EPMV,Harbor Mid Cap Value ETF,Equity,4.62M
LIAU,LifeX 2060 Inflation-Protected Longevity Income ETF,Fixed Income,4.61M
XDEF,Xtrackers Europe Defense Technologies ETF,Equity,4.61M
NDAA,Ned Davis Research 360 Dynamic Allocation ETF,Asset Allocation,4.58M
ZTAX,X-Square Municipal Income ETF,Fixed Income,4.58M
YXI,ProShares Short FTSE China 50,Equity,4.57M
GXLC,Global X U.S. 500 ETF,Equity,4.55M
VLLU,Harbor AlphaEdge Large Cap Value ETF,Equity,4.54M
NVOH,Novo Nordisk A/S (B Shares) ADRhedged,Equity,4.52M
CBXA,Calamos Bitcoin 90 Series Structured Alt Protection ETF - April,Alternatives,4.50M
EPMB,Harbor Mid Cap Core ETF,Equity,4.49M
GIF,REX Growth & Income Universe ETF,Equity,4.49M
UNHW,Roundhill UNH WeeklyPay ETF,Equity,4.48M
CBTA,Calamos Bitcoin 80 Series Structured Alt Protection ETF - April,Alternatives,4.47M
IND,Xtrackers Nifty 500 India ETF,Equity,4.47M
USIN,WisdomTree 7-10 Year Laddered Treasury Fund,Fixed Income,4.47M
SDP,ProShares UltraShort Utilities,Equity,4.42M
TMDV,ProShares Russell US Dividend Growers ETF,Equity,4.42M
XLSI,State Street Consumer Staples Select Sector SPDR Premium Income ETF,Equity,4.42M
SMCZ,Defiance Daily Target 2X Short SMCI ETF,Equity,4.35M
TXUG,Thornburg International Growth Fund ETF,Equity,4.30M
IGGY,AB International Growth ETF,Equity,4.28M
LIBD,LifeX 2065 Inflation-Protected Longevity Income ETF,Fixed Income,4.28M
ETCO,Grayscale Ethereum Covered Call ETF,Currency,4.26M
DRAY,YieldMax DKNG Option Income Strategy ETF,Equity,4.25M
THNR,Amplify Weight Loss Drug & Treatment ETF,Equity,4.24M
PLYY,GraniteShares YieldBOOST PLTR ETF,Equity,4.21M
OBOR,KraneShares MSCI One Belt One Road Index ETF,Equity,4.18M
CARU,MAX Auto Industry 3X Leveraged ETN,Equity,4.15M
MSII,REX MSTR Growth & Income ETF,Equity,4.12M
PMDE,PGIM S&P 500 Max Buffer ETF - December,Alternatives,4.12M
SGRW,Harbor Active Small Cap Growth ETF,Equity,4.12M
AIBD,Direxion Daily AI and Big Data Bear 2X ETF,Equity,4.09M
GLGG,Leverage Shares 2X Long GLXY Daily ETF,Equity,4.08M
TIPC,Northern Trust 2045 Inflation-Linked Distributing Ladder ETF,Fixed Income,4.04M
BEGS,Rareview 2x Bull Cryptocurrency & Precious Metals ETF,Asset Allocation,4.03M
EHY,Amplify Ethereum Max Income Covered Call ETF,Currency,4.03M
QCLR,Global X NASDAQ 100 Collar 95-110 ETF,Equity,4.03M
TIPD,Northern Trust 2055 Inflation-Linked Distributing Ladder ETF,Fixed Income,4.03M
VGRO,Virtus Silvant Growth Opportunities ETF,Equity,4.03M
XTR,Global X S&P 500 Tail Risk ETF,Equity,4.03M
VEFA,VanEck MSCI EAFE Analyst Sentiment ETF,Equity,3.99M
JRE,Janus Henderson U.S. Real Estate ETF,Equity,3.98M
UDI,USCF Dividend Income Fund,Equity,3.98M
FLDZ,RiverNorth Patriot ETF,Equity,3.94M
PMSE,PGIM S&P 500 Max Buffer ETF - September,Alternatives,3.94M
PFUT,Putnam Sustainable Future ETF,Equity,3.93M
XDAT,Franklin Exponential Data ETF,Equity,3.91M
SRPU,Tradr 2X Long SRPT Daily ETF,Equity,3.90M
ODDS,Pacer BlueStar Digital Entertainment ETF,Equity,3.89M
KBAB,KraneShares 2x Long BABA Daily ETF,Equity,3.87M
AFRU,T-REX 2X Long AFRM Daily Target ETF,Equity,3.86M
UBR,ProShares Ultra MSCI Brazil Capped,Equity,3.84M
TDOG,21Shares Dogecoin ETF,Currency,3.81M
MSST,YieldMax MSTR Performance & Distribution Target 25 ETF,Equity,3.75M
DUKX,Ocean Park International ETF,Equity,3.73M
RTYY,GraniteShares YieldBoost RIOT ETF,Equity,3.68M
JHAC,John Hancock Fundamental All Cap Core ETF,Equity,3.65M
PMOC,PGIM S&P 500 Max Buffer ETF - October,Alternatives,3.64M
APHU,T-REX 2X Long APH Daily Target ETF,Equity,3.63M
SBB,ProShares Short SmallCap600,Equity,3.62M
SKYU,ProShares Ultra Nasdaq Cloud Computing ETF,Equity,3.61M
OND,ProShares On-Demand ETF,Equity,3.53M
PPIE,Putnam PanAgora ESG International Equity ETF,Equity,3.51M
DGLO,First Trust RBA Deglobalization ETF,Equity,3.50M
IBGK,iShares iBonds Dec 2054 Term Treasury ETF,Fixed Income,3.48M
PMAU,PGIM S&P 500 Max Buffer ETF - August,Alternatives,3.45M
RESM,Columbia Research Enhanced Small Cap ETF,Equity,3.45M
LFAW,LifeX 2060 Longevity Income ETF,Fixed Income,3.44M
ORO,Arrow Valtoro ETF,Asset Allocation,3.43M
SSMG,Virtus Silvant Small/Mid Growth ETF,Equity,3.42M
CRED,Columbia Research Enhanced Real Estate ETF,Equity,3.41M
LIAE,LifeX 2050 Inflation-Protected Longevity Income ETF,Fixed Income,3.40M
DVDN,Kingsbarn Dividend Opportunity ETF,Equity,3.38M
KBUF,KraneShares 90% KWEB Defined Outcome January 2027 ETF,Alternatives,3.37M
MIDE,Xtrackers S&P MidCap 400 Scored & Screened ETF,Equity,3.36M
HWAY,Themes US Infrastructure ETF,Equity,3.35M
AZYY,GraniteShares YieldBoost AMZN ETF,Equity,3.34M
BFJL,FT Vest Bitcoin Strategy Floor15 ETF - July,Alternatives,3.34M
COMD,Global X Commodity Strategy ETF,Commodity,3.34M
CVNX,Defiance Daily Target 2X Long CVNA ETF,Equity,3.34M
UBEW,Roundhill UBER WeeklyPay ETF,Equity,3.33M
CRMU,Leverage Shares 2x Long CRML Daily ETF,Equity,3.32M
XCLR,Global X S&P 500 Collar 95-110 ETF,Equity,3.31M
BIDG,Leverage Shares 2X Long BIDU Daily ETF,Equity,3.29M
REMC,Columbia Research Enhanced Mid Cap ETF,Equity,3.29M
ASMH,ASML Holding NV ADRhedged,Equity,3.27M
TXXS,21Shares 2x Long Sui ETF,Currency,3.26M
PMJN,PGIM S&P 500 Max Buffer ETF - June,Alternatives,3.21M
SPAM,Themes Cybersecurity ETF,Equity,3.19M
LFBE,LifeX 2065 Longevity Income ETF,Fixed Income,3.18M
BPI,Grayscale Bitcoin Premium Income ETF,Currency,3.15M
SMN,ProShares UltraShort Materials,Equity,3.10M
FCXG,Leverage Shares 2x Long FCX Daily ETF,Equity,3.09M
BZQ,ProShares UltraShort MSCI Brazil Capped,Equity,3.08M
EEV,ProShares UltraShort MSCI Emerging Markets,Equity,3.08M
CMBO,Wayfinder Dynamic U.S. Interest Rate ETF,Fixed Income,3.07M
FGSI,FT Vest Growth Strength & Target Income ETF,Alternatives,3.07M
ZSC,USCF Sustainable Commodity Strategy Fund,Commodity,3.06M
ETTY,Amplify Ethereum 3% Monthly Option Income ETF,Currency,3.05M
DESK,VanEck Office and Commercial REIT ETF,Equity,3.04M
CWII,REX CRWV Growth & Income ETF,Equity,3.03M
EMTY,ProShares Decline of the Retail Store ETF,Equity,3.01M
QHDG,Innovator Hedged Nasdaq-100 ETF,Alternatives,3.01M
UFOD,Tuttle Capital UFO Disclosure ETF,Equity,3.01M
SMCF,Themes US Small Cap Cash Flow Champions ETF,Equity,3.00M
COII,REX COIN Growth & Income ETF,Equity,2.99M
GRPZ,Invesco S&P SmallCap 600 GARP ETF,Equity,2.97M
BCOR,Grayscale Bitcoin Adopters ETF,Equity,2.96M
AKAF,Frontier Economic Fund,Equity,2.94M
TSOL,21Shares Solana ETF,Currency,2.94M
XYZG,Leverage Shares 2X Long XYZ Daily ETF,Equity,2.93M
PMJL,PGIM S&P 500 Max Buffer ETF - July,Alternatives,2.92M
CMCI,VanEck CMCI Commodity Strategy ETF,Commodity,2.90M
SAWG,AAM Sawgrass US Large Cap Quality Growth ETF,Equity,2.90M
BABU,Direxion Daily BABA Bull 2X ETF,Equity,2.86M
LIMI,Themes Lithium & Battery Metal Miners ETF,Equity,2.86M
ARVR,First Trust Indxx Metaverse ETF,Equity,2.85M
IMRA,Bitwise MARA Option Income Strategy ETF,Equity,2.85M
TEXX,Horizon Kinetics Texas ETF,Equity,2.85M
TBXU,Direxion Daily Biotech Top 5 Bull 2X ETF,Equity,2.83M
YBMN,Defiance BMNR Option Income ETF,Equity,2.79M
FLEU,Franklin FTSE Eurozone ETF,Equity,2.78M
YBTY,GraniteShares YieldBoost TopYielders ETF,Equity,2.77M
MAAY,GraniteShares YieldBOOST MARA ETF,Equity,2.76M
TSMZ,Direxion Daily TSM Bear 1X ETF,Equity,2.71M
CLOD,Themes Cloud Computing ETF,Equity,2.70M
TSRS,Truth Social American Red State REITs ETF,Equity,2.69M
HWSM,Hotchkis & Wiley SMID Cap Diversified Value Fund,Equity,2.66M
KIQQ,KraneShares InspereX Nasdaq Dynamic Buffered High Income Index ETF,Equity,2.65M
TSYW,Roundhill Treasury Bond WeeklyPay ETF,Fixed Income,2.65M
MYY,ProShares Short S&P Mid Cap400,Equity,2.63M
DVVY,Invesco Diversified Dividend Opportunities ETF,Equity,2.62M
ALBG,Leverage Shares 2X Long ALB Daily ETF,Equity,2.61M
EAFG,Pacer Developed Markets Cash Cows Growth Leaders ETF,Equity,2.60M
EMOT,First Trust S&P 500 Economic Moat ETF,Equity,2.60M
GLDN,Nicholas Gold Income ETF,Asset Allocation,2.60M
EKG,First Trust Nasdaq Lux Digital Health Solutions ETF,Equity,2.59M
HOOZ,Defiance Daily Target 2X Short HOOD ETF,Equity,2.59M
SNPD,Xtrackers S&P Dividend Aristocrats Screened ETF,Equity,2.58M
XLRI,State Street Real Estate Select Sector SPDR Premium Income ETF,Equity,2.57M
SJLD,SanJac Alpha Low Duration ETF,Fixed Income,2.55M
REW,ProShares UltraShort Technology,Equity,2.54M
MTYY,GraniteShares YieldBOOST MSTR ETF,Equity,2.52M
DUSG,U.S. Small Cap Growth Portfolio: ETF,Equity,2.51M
PCR,Simplify VettaFi Private Credit Strategy ETF,Fixed Income,2.50M
PEVC,Pacer PE/VC ETF,Equity,2.49M
QCMD,Direxion Daily QCOM Bear 1X ETF,Equity,2.48M
XLCI,State Street Communication Services Select Sector SPDR Premium Income ETF,Equity,2.48M
BCKT,LifeX 2030 Income Bucket ETF,Fixed Income,2.47M
ABXB,Abacus Flexible Bond Leaders ETF,Fixed Income,2.44M
BIS,ProShares UltraShort Nasdaq Biotechnology,Equity,2.42M
ARKT,ARK DIET Q4 Buffer ETF,Alternatives,2.41M
AOTS,AOT Software Platform ETF,Equity,2.40M
WDNA,WisdomTree BioRevolution Fund,Equity,2.39M
CMAG,Corgi Mag 7 ETF,Equity,2.38M
LQAI,LG QRAFT AI-Powered U.S. Large Cap Core ETF,Equity,2.38M
USE,USCF Energy Commodity Strategy Absolute Return Fund,Alternatives,2.38M
ZSB,USCF Sustainable Battery Metals Strategy Fund,Commodity,2.38M
EMEM,Sophus Capital Emerging Market ETF,-,2.37M
LGHT,Langar Global HealthTech ETF,Equity,2.37M
TEST,YieldMax TSLA Performance & Distribution Target 25 ETF,Equity,2.36M
CBOL,Calamos Laddered Bitcoin Structured Alt Protection ETF,Alternatives,2.35M
TJUN,FT Vest Emerging Markets Buffer ETF June,Alternatives,2.35M
QB,ProShares Nasdaq-100 Dynamic Buffer ETF,Alternatives,2.34M
BITK,Tuttle Capital Bitcoin 0DTE Covered Call ETF,Currency,2.33M
AAUM,Tema Alternative Asset Managers ETF,Equity,2.32M
LIFT,LifeX 2028 Income Bucket ETF,Fixed Income,2.32M
SUPL,ProShares Supply Chain Logistics ETF,Equity,2.32M
PLA,GraniteShares Autocallable PLTR ETF,Alternatives,2.31M
SBTU,T-REX 2X Long SBET Daily Target ETF,Equity,2.31M
HAKY,Amplify HACK Cybersecurity Covered Call ETF,Equity,2.29M
TSIC,Truth Social American Icons ETF Amrn Icons ETF,Equity,2.27M
CGRO,CoreValues Alpha Greater China Growth ETF,Equity,2.24M
ESBG,"First Trust Enhanced Stocks, Bonds & Gold ETF",Asset Allocation,2.24M
SNAG,Leverage Shares 2x Long SNAP Daily ETF,Equity,2.24M
MAGO,Tuttle Capital Magnificent 7 Income Blast ETF,Equity,2.23M
EGLE,Global X S&P 500 U.S. Revenue Leaders ETF,Equity,2.21M
MSDD,GraniteShares 2x Short MSTR Daily ETF,Equity,2.21M
QQLV,Invesco QQQ Low Volatility ETF,Equity,2.21M
QMID,WisdomTree U.S. MidCap Quality Growth Fund,Equity,2.18M
FEMD,First Eagle Mid Cap Equity ETF,Equity,2.17M
PLTI,REX PLTR Growth & Income ETF,Equity,2.17M
ISSB,IncomeSTKd 1x US Stocks & 1x Bitcoin Premium ETF,Asset Allocation,2.16M
GMEY,YieldMax GME Option Income Strategy ETF,Equity,2.15M
QBY,GraniteShares YieldBoost QBTS ETF,Equity,2.15M
XPEG,Leverage Shares 2X Long XPEV Daily ETF,Equity,2.15M
DVQQ,WEBs QQQ Defined Volatility ETF,Equity,2.13M
LGCF,Themes US Cash Flow Champions ETF,Equity,2.12M
TINT,ProShares Smart Materials ETF,Equity,2.12M
XLYI,State Street Consumer Discretionary Select Sector SPDR Premium Income ETF,Equity,2.12M
NLSI,NEOS Long/Short Equity Income ETF,Alternatives,2.10M
SMDD,ProShares UltraPro Short MidCap400,Equity,2.10M
TNUK,Tortoise Nuclear Renaissance ETF,Equity,2.10M
USFE,First Eagle US Equity ETF,Equity,2.09M
SHPP,Pacer Industrials and Logistics ETF,Equity,2.05M
TLA,GraniteShares Autocallable TSLA ETF,Alternatives,2.01M
LACG,Leverage Shares 2X Long LAC Daily ETF,Equity,2.00M
RGYY,GraniteShares YieldBoost RGTI ETF,Equity,2.00M
RWIN,Rayliant NxtGen Multifactor International Equity ETF,Equity,1.98M
GXPE,Global X PureCap MSCI Energy ETF,Equity,1.97M
BPH,BP p.l.c. ADRhedged,Equity,1.96M
STBQ,Amplify Stablecoin Technology ETF,Asset Allocation,1.96M
YBST,GraniteShares YieldBoost Single Stock Universe ETF,Equity,1.96M
BEDZ,AdvisorShares Hotel ETF,Equity,1.91M
BOBP,CORE16 Best of Breed Premier Index ETF,Equity,1.90M
GRAG,Leverage Shares 2X Long GRAB Daily ETF,Equity,1.90M
MDEV,First Trust Indxx Medical Devices ETF,Equity,1.90M
NVDW,Roundhill NVDA WeeklyPay ETF,Equity,1.89M
TSXD,Direxion Daily Semiconductors Top 5 Bear 2X ETF,Equity,1.88M
HOII,REX HOOD Growth & Income ETF,Equity,1.84M
DIME,CoinShares Altcoins ETF,Currency,1.80M
MVAL,VanEck Morningstar Wide Moat Value ETF,Equity,1.80M
FB,ProShares S&P 500 Dynamic Buffer ETF,Alternatives,1.78M
LQDM,Amplify LQD Investment Grade 12% Target Income ETF,Fixed Income,1.73M
OPEG,Leverage Shares 2X Long OPEN Daily ETF,Equity,1.72M
GLBL,Pacer MSCI World Industry Advantage ETF,Equity,1.71M
PBRG,Leverage Shares 2X Long PBR Daily ETF,Equity,1.67M
ODTE,VegaShares SPX NDX RTY Premium Income ETF,Equity,1.66M
NEMG,Leverage Shares 2x Long NEM Daily ETF,Equity,1.65M
RBLY,YieldMax RBLX Option Income Strategy ETF,Equity,1.65M
CSCS,Direxion Daily CSCO Bear 1X ETF,Equity,1.63M
ABUF,Aptus Laddered Buffer ETF,Alternatives,1.62M
COIA,ProShares Ultra COIN,Equity,1.62M
SMZ,Tradr 2X Short SMR Daily ETF,Equity,1.62M
BTRN,Global X Bitcoin Trend Strategy ETF,Currency,1.60M
PCCE,Polen Capital China Growth ETF,Equity,1.60M
CZAR,Themes Natural Monopoly ETF,Equity,1.59M
BABW,Roundhill BABA WeeklyPay ETF,Equity,1.58M
SCOW,Pacer S&P SmallCap 600 Quality FCF Aristocrats ETF,Equity,1.58M
ESK,REX-Osprey ETH + Staking ETF,Currency,1.56M
GLCR,GlacierShares Nasdaq Iceland ETF,Equity,1.55M
CABZ,"Roundhill Robotaxi, Autonomous Vehicles & Technology ETF",Equity,1.54M
NVDO,Leverage Shares 2x Capped Accelerated NVDA Monthly ETF,Equity,1.54M
CBXL,Calamos Laddered Bitcoin 90 Series Structured Alt Protection ETF,Alternatives,1.52M
SOLM,Amplify Solana 3% Monthly Option Income ETF,Currency,1.52M
BFAP,FT Vest Bitcoin Strategy Floor15 ETF April,Alternatives,1.50M
BLSG,Leverage Shares 2X Long BLSH Daily ETF,Equity,1.48M
RKTL,Defiance Daily Target 2X Long RKT ETF,Equity,1.45M
ETRL,GraniteShares 2x Long ETOR Daily ETF,Equity,1.44M
SDD,ProShares UltraShort SmallCap600,Equity,1.44M
FCFY,First Trust S&P 500 Diversified Free Cash Flow ETF,Equity,1.43M
TTXD,Direxion Daily Technology Top 5 Bear 2X ETF,Equity,1.40M
KJD,KraneShares 2x Long JD Daily ETF,Equity,1.39M
BNKD,MicroSectors U.S. Big Banks - 3 Inverse Leveraged ETN,Equity,1.38M
DUTY,U.S. Defense ETF,Equity,1.38M
IRVH,Global X Interest Rate Volatility & Inflation Hedge ETF,Fixed Income,1.37M
UECG,Leverage Shares 2x Long UEC Daily ETF,Equity,1.37M
DVSP,WEBs SPY Defined Volatility ETF,Equity,1.35M
SMAP,Amplify Small-Mid Cap Equity ETF,Equity,1.33M
SOLC,Canary Marinade Solana ETF,Currency,1.30M
IDVY,First Trust International Rising Dividend Achievers ETF,Equity,1.29M
EFU,ProShares UltraShort MSCI EAFE,Equity,1.26M
TMYY,GraniteShares YieldBOOST TSM ETF,Equity,1.24M
LEND,SEI High Yield Bond & Alternative Credit ETF,Fixed Income,1.22M
STSM,Defiance Daily Target 2X Short TSM ETF,Equity,1.21M
TSLO,Leverage Shares 2x Capped Accelerated TSLA Monthly ETF,Equity,1.18M
USRD,Themes US R&D Champions ETF,Equity,1.18M
KDRN,Kingsbarn Tactical Bond ETF,Fixed Income,1.17M
PIEL,Pacer International Export Leaders ETF,Equity,1.16M
RB,ProShares Russell 2000 Dynamic Buffer ETF,Alternatives,1.16M
QFRD,Pacer S&P 500 Quality FCF R&D Leaders,Equity,1.14M
ARKI,ARK DIET Q2 Buffer ETF,Alternatives,1.13M
OSCG,Leverage Shares 2X Long OSCR Daily ETF,Equity,1.12M
DVXE,WEBs Energy XLE Defined Volatility ETF,Equity,1.11M
IGME,Bitwise GME Option Income Strategy ETF,Equity,1.09M
WDAI,Pacer S&P World 3AI Top 300 ETF,Equity,1.09M
REAI,Intelligent Real Estate ETF,Equity,1.08M
BUFE,FT Vest Laddered Emerging Markets Buffer ETF,Alternatives,1.07M
INDQ,Pacer ActiveAlpha India Quality ETF,Equity,1.07M
MCOW,Pacer S&P MidCap 400 Quality FCF Aristocrats ETF,Equity,1.06M
WCMG,First Trust WCM Global Equity ETF,Equity,1.06M
PPEM,Putnam PanAgora ESG Emerging Markets Equity ETF,Equity,1.04M
QQDN,ProShares UltraShort QQQ Mega ETF,Equity,1.01M
MHIG,Milliman Healthcare Inflation Guard ETF,Asset Allocation,1.00M
TMH,Toyota Motor Corporation ADRhedged,Equity,1.00M
MHIP,Milliman Healthcare Inflation Plus ETF,Asset Allocation,999.46K
UPSG,Leverage Shares 2X Long UPS Daily ETF,Equity,996.44K
ZCBA,Global X Zero Coupon Bond 2030 ETF,Fixed Income,989.09K
MEMY,Tuttle Capital Meme Stock Income Blast ETF,Equity,977.16K
NUG,Leverage Shares 2X Long NU Daily ETF,Equity,975.51K
VALG,Leverage Shares 2X Long VALE Daily ETF,Equity,970.37K
TSLW,Roundhill TSLA WeeklyPay ETF,Equity,970.20K
TKNQ,Amplify Tokenization Technology ETF,Asset Allocation,938.69K
GEOA,WisdomTree GeoAlpha Opportunities Fund,Equity,919.12K
BBYY,GraniteShares YieldBOOST BABA ETF,Equity,897.74K
TXBC,21Shares FTSE Crypto 10 ex-BTC Index ETF,Currency,888.93K
AXPG,Leverage Shares 2x Long AXP Daily ETF,Equity,887.07K
LFDR,LifeX Durable Income ETF,Fixed Income,855.01K
PAAU,T-REX 2X Long PAAS Daily Target ETF,Equity,792.54K
CLSZ,Tradr 2X Short CLSK Daily ETF,Equity,783.80K
HMYY,GraniteShares YieldBoost HIMS ETF,Equity,766.62K
FINY,GraniteShares YieldBOOST Financials ETF,Equity,750.55K
TECY,GraniteShares YieldBOOST Technology ETF,Equity,745.95K
HYGM,Amplify HYG High Yield 10% Target Income ETF,Fixed Income,744.83K
BIOY,GraniteShares YieldBOOST Biotech ETF,Equity,719.17K
HFSP,TradersAI Large Cap Equity & Cash ETF,Equity,718.66K
WTIB,USCF Oil Plus Bitcoin Strategy Fund,Asset Allocation,718.55K
GSKH,GSK plc ADRhedged,Equity,710.93K
MZZ,ProShares UltraShort MidCap400,Equity,701.05K
XEY,GraniteShares YieldBOOST Ether ETF,Currency,699.97K
GEMG,Leverage Shares 2X Long GEMI Daily ETF,Equity,698.75K
CRY,GraniteShares YieldBOOST CRCL ETF,Equity,698.14K
MSR,GraniteShares Autocallable MSTR ETF,Alternatives,693.55K
TTOP,21Shares FTSE Crypto 10 Index ETF,Currency,683.03K
TSLI,ProShares Ultra TSLA ETF,Equity,676.61K
KBDU,KraneShares 2x Long BIDU Daily ETF,Equity,676.35K
SBU,Leverage Shares 2X Long SBUX Daily ETF,Equity,660.43K
BWOW,Bitwise Dogecoin ETF,Currency,653.98K
PLOO,Leverage Shares 2x Capped Accelerated PLTR Monthly ETF,Equity,649.43K
CWY,GraniteShares YieldBOOST CRWV ETF,Equity,646.93K
BU,Defiance Daily Target 2X Long BU ETF,Equity,640.09K
SCLS,Stoneport Advisors Commodity Long Short ETF,Alternatives,621.29K
IETH,Bitwise Ethereum Option Income Strategy ETF,Currency,591.96K
DVXV,WEBs Health Care XLV Defined Volatility ETF,Equity,585.41K
ICRC,Bitwise CRCL Option Income Strategy ETF,Equity,558.91K
CMGG,Leverage Shares 2X Long CMG Daily ETF,Equity,540.96K
TRUF,VanEck Financials TruSector ETF,Equity,538.24K
QFHD,Pacer S&P 500 Quality FCF High Dividend ETF,Equity,529.83K
XXX,CYBER HORNET S&P 500 and XRP 75/25 Strategy ETF,Asset Allocation,522.21K
TRUH,VanEck Healthcare TruSector ETF,Equity,521.15K
ZCBE,Global X Zero Coupon Bond 2033 ETF,Fixed Income,494.98K
ZCBC,Global X Zero Coupon Bond 2032 ETF,Fixed Income,494.96K
ZCBG,Global X Zero Coupon Bond 2035 ETF,Fixed Income,494.75K
ZCBF,Global X Zero Coupon Bond 2034 ETF,Fixed Income,494.44K
ZCBB,Global X Zero Coupon Bond 2031 ETF,Fixed Income,493.95K
ABNG,Leverage Shares 2x Long ABNB Daily ETF,Equity,477.02K
GARA,Guinness Atkinson Real Assets Income ETF,Equity,415.16K
FBYY,GraniteShares YieldBOOST META ETF,Equity,395.33K
SAPH,SAP SE ADRhedged,Equity,367.08K
GAID,Guinness Atkinson International Dividend Builder ETF,Equity,366.28K
DNNG,Leverage Shares 2x Long DNN Daily ETF,Equity,292.67K
DVIN,WEBs Industrials XLI Defined Volatility ETF,Equity,290.74K
MSOO,Leverage Shares 2x Capped Accelerated MSTR Monthly ETF,Equity,289.89K
DVXB,WEBs Materials XLB Defined Volatility ETF,Equity,279.60K
DVXC,WEBs Communication Services XLC Defined Volatility ETF,Equity,267.57K
DVUT,WEBs Utilities XLU Defined Volatility ETF,Equity,253.72K
GAUD,Guinness Atkinson US Dividend Builder ETF,Equity,248.27K
DVXP,WEBs Consumer Staples XLP Defined Volatility ETF,Equity,247.91K
DVXY,WEBs Consumer Discretionary XLY Defined Volatility ETF,Equity,233.78K
DVRE,WEBs Real Estate XLRE Defined Volatility ETF,Equity,233.16K
DVXF,WEBs Financial XLF Defined Volatility ETF,Equity,230.84K
SMQ,Tradr 1X Short Innovation 100 Monthly ETF,Equity,202.97K
COIO,Leverage Shares 2x Capped Accelerated COIN Monthly ETF,Equity,153.79K
ORLG,Leverage Shares 2X Long ORLY Daily ETF,Equity,116.12K
AAOG,Leverage Shares 2X Long AAOI Daily ETF,Equity,-
ABFL,Abacus FCF Leaders ETF,Equity,-
ABLS,Abacus FCF Small Cap Leaders ETF,Equity,-
ABOT,Abacus FCF Innovation Leaders ETF,Equity,-
ACTS,FIS Tactical Equity ETF,Equity,-
ACVU,Hartford Alpha Capture Value ETF,Equity,-
ACYN,FT Vest Laddered Autocallable Barrier & Income ETF,Alternatives,-
ACYS,FT Vest Laddered Autocallable Barrier & Resilient Income ETF,Alternatives,-
ADBU,Direxion Daily ADBE Bull 2X ETF,Equity,-
ADDS,ETF Opportunities Trust - Hedgeye Index Adds ETF,-,-
AHD,GraniteShares Autocallable HOOD ETF,Alternatives,-
AINT,FINQ DOLLAR NEUTRAL U.S. Large Cap AI-Managed Equity ETF,Alternatives,-
AIUP,FINQ FIRST U.S. Large Cap AI-Managed Equity ETF,Equity,-
ALDB,Aptus Laddered Deep Buffer ETF,Alternatives,-
AMA,Defiance Daily Target 2X Long AMAT ETF,Equity,-
AMAU,Leverage Shares 2X Long AMAT Daily ETF,Equity,-
AMKL,Defiance Daily Target 2X Long AMKR ETF,Equity,-
AMPU,Defiance Daily Target 2X Long AMPX ETF,Equity,-
AMZO,Tradr 2X Short AMZN Daily ETF,Equity,-
ANV,GraniteShares Autocallable NVDA ETF,Alternatives,-
APDB,Aptus April Deep Buffer ETF,Alternatives,-
ARMY,Tema International Defense ETF,Equity,-
ASTN,Defiance Daily Target 2X Short ASTS ETF,Equity,-
ASTY,Defiance Daily Target 2X Long ASTS ETF,-,-
ASUP,ETF Opportunities Trust - T-REX 2X Long ASTS Daily Target ETF,-,-
AV,Corgi Aerospace & Commercial Aviation ETF,Equity,-
AVAZ,Volatility Shares 2x Avalanche ETF,Currency,-
AVGX,Defiance Daily Target 2X Long AVGO ETF,Equity,-
AXTU,T-REX 2X Long AXTI Daily Target ETF,Equity,-
AXTX,Tradr 2X Long AXTI Daily ETF,Equity,-
BAVA,Bitwise Avalanche ETF,Currency,-
BCGS,Bancreek Global Select ETF,Equity,-
BCLO,iShares BBB-B CLO Active ETF,Fixed Income,-
BESF,Bastion Energy ETF,Equity,-
BESO,GSR Crypto Core3 ETF,Currency,-
BFEW,FT Vest Laddered U.S. Equity Equal Weight Buffer ETF,Alternatives,-
BFJA,FT Vest Bitcoin Strategy Floor15 ETF - January,Alternatives,-
BFXU,FT Vest Laddered U.S. Equity Uncapped Accelerator ETF,Alternatives,-
BGCG,Baillie Gifford International Concentrated Growth ETF,-,-
BGGG,Baillie Gifford ETF Trust - Baillie Gifford Long Term Global Growth ETF,-,-
BHDG,Nicholas Bitcoin Tail ETF,Currency,-
BHYP,Bitwise Hyperliquid ETF Common Shares of Beneficial Interest,Currency,-
BITW,Bitwise 10 Crypto Index ETF,Currency,-
BITY,Amplify Bitcoin 2% Monthly Option Income ETF,Currency,-
BLCK,Corgi Crypto Infrastructure ETF,Equity,-
BLDX,Impax Global Sustainable Infrastructure ETF,Equity,-
BOEU,Direxion Daily BA Bull 2X ETF,Equity,-
BPRO,Bitwise Proficio Currency Debasement ETF,Asset Allocation,-
BRES,Burney U.S. Equity Select ETF,Equity,-
BREW,Corgi Coffee & Energy Drinks ETF,Equity,-
BRIB,FIS Bright Portfolios Core Bond ETF,Fixed Income,-
BTCU,Direxion Daily Bitcoin Bull 2X ETF,-,-
BTYB,VistaShares BitBonds 5 Yr Enhanced Weekly Distribution ETF,Fixed Income,-
BULX,GraniteShares 2x Long BULL Daily ETF,Equity,-
BUYB,ProShares S&P 500 Buyback Aristocrats ETF,Equity,-
BUYO,KraneShares Man Buyout Beta Index ETF,Equity,-
CATG,Leverage Shares 2X Long CAT Daily ETF,Equity,-
CBOT,Corgi Robots & Humanoids ETF,Equity,-
CBOX,Calamos Tax-Aware Collateral ETF,Alternatives,-
CBRX,Investment Managers Series Trust II - Tradr 2X Long CBRS Daily ETF,-,-
CBRZ,Investment Managers Series Trust II - Tradr 2X Short CBRS Daily ETF,-,-
CBTJ,Calamos Bitcoin 80 Series Structured Alt Protection ETF - January,Alternatives,-
CBXJ,Calamos Bitcoin 90 Series Structured Alt Protection ETF - January,Alternatives,-
CFIT,Cambria Fixed Income Trend ETF,Fixed Income,-
CHNL,VolatilityShares Chainlink ETF,Currency,-
CHNU,Volatility Shares 2x Chainlink ETF,Currency,-
CIEG,Leverage Shares 2X Long CIEN Daily ETF,Equity,-
CLCG,Crossmark Large Cap Growth ETF,Equity,-
CLOO,NYLI Investment Grade CLO ETF,Fixed Income,-
CLUB,Billionaires Club ETF,Equity,-
CMAY,Corgi U.S. Equities 15% Structured Buffer ETF,Alternatives,-
CNCG,Leverage Shares 2X Long CNC Daily ETF,Equity,-
COHH,Leverage Shares 2X Long COHR Daily ETF,Equity,-
COLO,Global X MSCI Colombia ETF,Equity,-
COPY,Tweedy Browne Insider + Value ETF Trust Units,Equity,-
COPZ,Defiance Daily Target 2X Long Copper Miners ETF,Equity,-
CORB,AB Core Bond ETF,Fixed Income,-
CPNS,Calamos Nasdaq-100 Structured Alt Protection ETF - September,Alternatives,-
CPNX,Tradr 2X Long CPNG Daily ETF,Equity,-
CQTM,Corgi Quantum Computing ETF,Equity,-
CRDD,Volatility Shares Cardano ETF,Currency,-
CRDX,Volatility Shares 2x Cardano ETF,Currency,-
CRUX,Columbia Core Bond ETF,Fixed Income,-
CTIF,Castellan Targeted Income ETF,Equity,-
CTMA,Corgi U.S. Equities 30% Structured Buffer ETF,Alternatives,-
CVGD,CresAlta Global Dividend ETF,Equity,-
CVSM,CresAlta Small and Mid-Cap ETF,Equity,-
DDDD,YieldMax U.S. Stocks Target Double Distribution ETF,Equity,-
DDFM,Innovator Equity Dual Directional 15 Buffer ETF - March,Alternatives,-
DDFY,Innovator Equity Dual Directional 15 Buffer ETF - May,Alternatives,-
DDFZ,Innovator Equity Dual Directional 15 Buffer ETF,-,-
DDTM,Innovator Equity Dual Directional 10 Buffer ETF - March,Alternatives,-
DDTY,Innovator Equity Dual Directional 10 Buffer ETF - MAY,Alternatives,-
DDTZ,Innovator Equity Dual Directional 10 Buffer ETF,-,-
DGAP,FT Vest U.S. Equity Buffer & Digital Return ETF - April,Alternatives,-
DHSB,Day Hagan Smart Buffer ETF,Alternatives,-
DINE,Simplify Tax Aware Diversified Income Strategy ETF,Asset Allocation,-
DIPR,Corgi Space & Satellite Communications ETF,Equity,-
DJTU,T-REX 2X Long DJT Daily Target ETF,Equity,-
DLMY,FT Vest U.S. Equity Dual Directional Buffer ETF - May,Alternatives,-
DLUX,DoubleLine Ultrashort Income ETF,Fixed Income,-
DMAX,iShares Large Cap Max Buffer Dec ETF,Alternatives,-
DOCK,"Corgi Ports, Rail & Freight ETF",Equity,-
DPRE,Virtus Duff & Phelps Real Estate Income ETF,Asset Allocation,-
DRNL,Defiance 2X Daily Long Pure Drone & Aerial Automation ETF,Equity,-
DSCO,DoubleLine Securitized Credit ETF,Fixed Income,-
DTAN,Sparkline International Intangible Value ETF,Equity,-
DWWN,Principal Exchange-Traded Funds - Principal Long Duration ETF,-,-
DXUV,Dimensional US Vector Equity ETF,Equity,-
EDGE,MRBL Enhanced Equity ETF,Equity,-
EDGQ,Global X Nasdaq-100 Income Edge ETF,Equity,-
EDGX,Global X U.S. 500 Income Edge ETF,Equity,-
EEE,CYBER HORNET S&P 500 and Ethereum 75/25 Strategy ETF,Asset Allocation,-
EHCC,Global X Ethereum Covered Call ETF,Currency,-
ELCV,Eventide High Dividend ETF,Equity,-
EMFI,Pictet Emerging Markets Debt ETF,Fixed Income,-
EMMY,Corgi Emerging Markets Equities 15% Structured Buffer ETF - May Series,Alternatives,-
EMSC,Sophus Capital Emerging Market Small Cap ETF,-,-
ENHI,iShares Enhanced International Active ETF,Equity,-
ESUM,Eventide US Market ETF,Equity,-
ETHB,iShares Staked Ethereum Trust ETF,Currency,-
ETNG,Leverage Shares 2X Long ETN Daily ETF,Equity,-
EUHY,iShares Euro High Yield Corporate Bond USD Hedged ETF,Fixed Income,-
EUV,Corgi Lithography & Semiconductor Photonics ETF,Equity,-
EVMU,Direxion Daily Ether Bull 2X ETF,-,-
EXEQ,Wedbush ReturnOnLeadership U.S. Large-Cap ETF,Equity,-
EYES,Corgi Data & Surveillance ETF,Equity,-
FDIQ,Invesco Bloomberg Financial Data Providers ETF,Equity,-
FEBM,FT Vest US Equity Max Buffer ETF-February,Alternatives,-
FEMG,Fidelity Enhanced Mid Cap Growth ETF,Equity,-
FEMV,Fidelity Enhanced Mid Cap Value ETF,Equity,-
FFF,Founders 100 ETF,Equity,-
FITZ,Tidal ETF Trust II - Fitz-Gerald Must Have Port ETF,-,-
FIYY,GraniteShares YieldBOOST 20Y+ Treasuries ETF,Fixed Income,-
FLXI,Invesco Flexible Income ETF,Fixed Income,-
FOTO,ETF Opportunities Trust - Tuttle Capital Pure Play Photonics ETF,-,-
FSEG,Fidelity Enhanced Small Cap Growth ETF,Equity,-
FSEV,Fidelity Enhanced Small Cap Value ETF,Equity,-
FTHB,FIS Faith Income ETF,Fixed Income,-
GASZ,Corgi ETF Trust I - Corgi Natural Gas Power & Turbines ETF,Equity,-
GAVA,Grayscale Avalanche Staking ETF,Currency,-
GENZ,VanEck Gaming ETF,-,-
GGM,GGM Macro Alignment ETF,Equity,-
GIEQ,Goldman Sachs Data Enhanced International Equity ETF,-,-
GLAM,"Corgi Beauty, Skincare & Aesthetics ETF",Equity,-
GLDW,Roundhill Gold WeeklyPay ETF,Commodity,-
GLWG,Leverage Shares 2X Long GLW Daily ETF,Equity,-
GMEU,T-REX 2X Long GME Daily Target ETF,Equity,-
GNMX,Corgi Genomics & Precision Medicine ETF,Equity,-
GOVM,iShares 1-10 Year Treasury Bond ETF,Fixed Income,-
GTND,Goaltender ETF,Asset Allocation,-
HBRD,Invesco U.S. Hybrid Bond ETF,Fixed Income,-
HBTC,Fortuna Hedged Bitcoin ETF,Currency,-
HEMI,Hartford Equity Premium Income ETF,Equity,-
HIS,Humilis US Focused Opportunities ETF,Equity,-
HLXX,Tradr 2X Long HL Daily ETF,Equity,-
HMAY,Corgi U.S. Equities 100% Structured Buffer ETF,Alternatives,-
HONG,Leverage Shares 2X Long HON Daily ETF,Equity,-
HSBH,HSBC Holdings plc ADRhedged,Equity,-
HULL,Corgi Etf Trust I - Shipping & Global Logistics ETF,Equity,-
IBCB,iShares iBonds Dec 2036 Term Corporate ETF,Fixed Income,-
IBGC,iShares iBonds Dec 2046 Term Treasury ETF,Fixed Income,-
IBGM,iShares iBonds Dec 2056 Term Treasury ETF,Fixed Income,-
IBHM,iShares iBonds 2033 Term High Yield and Income ETF,Fixed Income,-
IBIM,iShares iBonds Oct 2036 Term TIPS ETF,Fixed Income,-
IBMU,iShares iBonds Dec 2032 Term Muni Bond ETF,Fixed Income,-
IBMV,iShares iBonds Dec 2033 Term Muni Bond ETF,Fixed Income,-
IBMW,iShares iBonds Dec 2034 Term Muni Bond ETF,Fixed Income,-
IBMX,iShares iBonds Dec 2035 Term Muni Bond ETF,Fixed Income,-
IBTR,iShares iBonds Dec 2036 Term Treasury ETF,Fixed Income,-
IDMY,Corgi International Developed Equities 15% Structured Buffer ETF - May,Alternatives,-
IFLN,Invesco Bloomberg Enhanced Fallen Angels ETF,Fixed Income,-
IMVP,Invesco India ETF,Equity,-
INDZ,VanEck India Select ETF,Equity,-
IQMM,ProShares GENIUS Money Market ETF,Fixed Income,-
ISMF,iShares Managed Futures Active ETF,Alternatives,-
ISTM,iShares U.S. ETF Trust iShares Transition-Enabling Metals ETF,-,-
JA,Janus Henderson AA-A CLO ETF,Fixed Income,-
JADB,Aptus January Deep Buffer ETF,Alternatives,-
JANM,FT Vest U.S. Equity Max Buffer ETF - January,Alternatives,-
JELM,Janus Henderson Equity Linked Moderate Income ETF,Alternatives,-
JHDG,John Hancock Hedged Equity ETF,Equity,-
JIDE,JPMorgan International Dynamic ETF,Equity,-
JOUL,Corgi High Voltage Grid Equipment ETF,Equity,-
JUDB,Aptus July Deep Buffer ETF,Alternatives,-
KMCA,PLUS Korea Manufacturing Core Alliance Index ETF,Equity,-
KNO,AXS Knowledge Leaders ETF,Equity,-
KRYP,ProShares CoinDesk 20 Crypto ETF,Currency,-
KSPY,KraneShares Hedgeye Hedged Equity Index ETF,Equity,-
KWIN,KraneShares Wahed Alternative Income Index ETF,Equity,-
KYC,Corgi Digital Banking & Fintech Infrastructure ETF,Equity,-
LATR,Corgi Buy Now Pay Later ETF,Equity,-
LCAP,Principal Capital Appreciation Select ETF,Equity,-
LDDR,LifeX 2035 Income Bucket ETF,Fixed Income,-
LDRC,iShares iBonds 1-5 Year Corporate Ladder ETF,Fixed Income,-
LDRI,iShares iBonds 1-5 Year TIPS Ladder ETF,Fixed Income,-
LENS,Sarmaya Thematic ETF,Equity,-
LFAI,LifeX 2050 Longevity Income ETF,Fixed Income,-
LFAO,LifeX 2055 Longevity Income ETF,Fixed Income,-
LITL,Simplify Piper Sandler US Small-Cap PLUS Income ETF,Equity,-
LITU,ETF Opportunities Trust - T-REX 2X Long LITE Daily Target ETF,-,-
LITZ,Tradr 2X Short LITE Daily ETF,Equity,-
LLDR,Global X Long-Term Treasury Ladder ETF,Fixed Income,-
LQ,Simplify Tax Aware Alternatives ETF,Alternatives,-
LQID,Kurv ETF TR Enhanced Short Maturity,Fixed Income,-
LVIG,Longview Advantage Fixed Income ETF,Fixed Income,-
MARU,AllianzIM U.S. Equity Buffer15 Uncapped Mar ETF,Alternatives,-
MAUG,Pacer Swan SOS Moderate (August) ETF,Alternatives,-
MAYC,Corgi U.S. Equities 10% Structured Buffer ETF,Alternatives,-
MBSX,Regan Fixed Rate MBS ETF,Fixed Income,-
MCHU,Investment Managers Series Trust II - Tradr 2X Long MCHIP Daily ETF,-,-
MDAA,Myriad Dynamic Asset Allocation ETF,Asset Allocation,-
MFEB,Pacer Swan SOS Moderate (February) ETF,Alternatives,-
MIGO,MIG Core ETF,Equity,-
MINY,YieldMax Strategic Metals & Mining Portfolio Option Income ETF,Equity,-
MLDR,Global X Intermediate-Term Treasury Ladder ETF,Fixed Income,-
MMAX,iShares Large Cap Max Buffer Mar ETF,Alternatives,-
MMAY,Pacer Swan SOS Moderate (May) ETF,Alternatives,-
MNVR,Pacer Swan SOS Moderate (November) ETF,Alternatives,-
MNVT,Moonvest ETF,Equity,-
MPG,Leverage Shares 2X Long MP Daily ETF,Equity,-
MPWX,Tradr 2X Long MPWR Daily ETF,Equity,-
MRA,GraniteShares ETF Trust - GraniteShares Autocallable MARA ETF,-,-
MRNX,Defiance Daily Target 2X Long MRNA ETF,Equity,-
MSBT,Morgan Stanley Bitcoin Trust ETF,Currency,-
MYHA,State Street My2027 High Yield Corporate Bond ETF,Fixed Income,-
NASA,Tema Space Innovators ETF,Equity,-
NBIE,Neuberger International Core Equity ETF,Equity,-
NETG,Leverage Shares 2X Long NET Daily ETF,Equity,-
NICO,Hexis Active Nicotine Engagement ETF,Equity,-
NISM,NYLI International Small-Mid Cap Equity ETF,Equity,-
NOEQ,Northern Trust US Equity ETF,Equity,-
NTSD,WisdomTree Efficient U.S. Plus International Equity Fund,Equity,-
NUKX,Nicholas Nuclear Income ETF,Asset Allocation,-
NXPX,Investment Managers Series Trust II - Tradr 2X Long NXPI Daily ETF,-,-
NYNY,Corgi NYC Based ETF,Equity,-
NYSX,Global X NYSE 100 ETF,Equity,-
NYYY,xETFs NVDA Daily Income ETF,Equity,-
OCDB,Aptus October Deep Buffer ETF,Alternatives,-
ODDZ,Corgi Sports Betting & Gambling ETF,Equity,-
OEFA,ALPS - O'Shares International Developed Quality Dividend ETF,Equity,-
ONX,Investment Managers Series Trust II - Tradr 2X Long ON Daily ETF,-,-
OPPE,WisdomTree European Opportunities Fund,Equity,-
OPPJ,WisdomTree Japan Opportunities Fund,Equity,-
OSSL,Defiance Daily Target 2x Long OSS ETF,-,-
PALD,Direxion Daily PANW Bear 1X ETF,Equity,-
PALU,Direxion Daily PANW Bull 2X ETF,Equity,-
PCEB,Polen Euro High Yield Bond ETF,Fixed Income,-
PCFI,Polen Floating Rate Income ETF,Fixed Income,-
PCI,PGIM Corporate Bond 5-10 Year ETF,Fixed Income,-
PCL,PGIM Corporate Bond 10+ Year ETF,Fixed Income,-
PCLC,Polen 5Perspectives Large Growth ETF,Equity,-
PCPI,PIMCO Inflation PLUS Active ETF,Fixed Income,-
PCSG,Polen 5Perspectives Small-Mid Growth ETF,Equity,-
PHYS,Sprott Physical Gold Trust,Commodity,-
PIPE,Invesco SteelPath MLP & Energy Infrastructure ETF,Equity,-
PJUS,PGIM ETF Trust - PGIM Jennison U.S Core Equity ETF,-,-
PLTW,Roundhill PLTR WeeklyPay ETF,Equity,-
PMFB,PGIM S&P 500 Max Buffer ETF - February,Alternatives,-
PMJA,PGIM S&P 500 Max Buffer ETF - January,Alternatives,-
PMMR,PGIM S&P 500 Max Buffer ETF March,Alternatives,-
POWR,iShares U.S. Power Infrastructure ETF,Equity,-
PRAB,State Street IG Public & Private ABS ETF,Fixed Income,-
PRTO,RCN Pareto Strategic Allocation ETF,Asset Allocation,-
PSAI,Pacer S&P 500 3AI Top 100 ETF,Equity,-
PSLV,Sprott Physical Silver Trust,-,-
PSQA,Palmer Square CLO Senior Debt ETF,Fixed Income,-
PSQO,Palmer Square Credit Opportunities ETF,Fixed Income,-
PTNT,Corgi IP Licensing & Royalties ETF,Equity,-
PYPU,Direxion Daily PYPL Bull 2X ETF,Equity,-
PYPY,YieldMax PYPL Option Income Strategy ETF,Equity,-
PZIV,Pzena International Value ETF,Equity,-
PZLV,Pzena U.S. Large Cap Value ETF,Equity,-
QBTX,Tradr 2X Long QBTS Daily ETF,Equity,-
QCJA,FT Vest Nasdaq-100 Conservative Buffer ETF - January,Alternatives,-
QEW,Invesco QQQ Equal Weight ETF,Equity,-
QMFE,FT Vest Nasdaq-100 Moderate Buffer ETF-February,Alternatives,-
QMY,Corgi Growth & Technology 10% Structured Buffer ETF - May Series,Alternatives,-
QQMY,Corgi Growth & Technology 15% Structured Buffer ETF,Alternatives,-
QVMT,Invesco S&P 500 Concentrated QVM ETF,Equity,-
RAAR,Reckoner Yield Enhanced AAA CLO Reinvesting ETF,Fixed Income,-
RAAY,Reckoner Yield Enhanced AAA CLO Annual ETF,Fixed Income,-
RBLU,T-REX 2X Long RBLX Daily Target ETF,Equity,-
RCLR,Reckoner BBB-B CLO Reinvesting ETF,Fixed Income,-
RCLY,Reckoner BBB-B CLO Annual ETF,Fixed Income,-
REGS,Columbia Large Cap Growth ETF,Equity,-
RIZE,Principal Exchange-Traded Funds - Principal Inflation Protection ETF,-,-
RKSG,Ruk Strategic Growth ETF,Equity,-
RMRC,ARMOR Core Risk-Managed ETF,Equity,-
ROCQ,JPMorgan Nasdaq Equity Premium Yield ETF,Equity,-
ROCY,JPMorgan Equity Premium Yield ETF,Equity,-
RSIT,Return Stacked International Stocks & Managed Futures ETF,Alternatives,-
RSSE,FT Vest U.S. Equity Equal Weight Buffer ETF - September,Alternatives,-
SASS,M.D. Sass Concentrated Value ETF,Equity,-
SBAR,Simplify Barrier Income ETF,Equity,-
SCA,GraniteShares ETF Trust - GraniteShares Autocallable SMCI ETF,-,-
SCCR,Schwab Core Bond ETF,Fixed Income,-
SCMY,Corgi U.S. Small-Cap 15% Structured Buffer ETF - May Series,Alternatives,-
SHEH,Shell plc ADRhedged,Equity,-
SLVX,Nicholas Silver Income ETF,Asset Allocation,-
SNDG,Leverage Shares 2X Long SNDK Daily ETF,Equity,-
SNDQ,Tradr 2X Short SNDK Daily ETF,Equity,-
SNOU,T-REX 2X Long SNOW Daily Target ETF,Equity,-
SPBU,AllianzIM Buffer15 Uncapped Allocation ETF,Alternatives,-
SPCL,Defiance Pure Space Daily 2X Strategy ETF,Equity,-
SPPP,Sprott Physical Platinum and Palladium Trust,-,-
SPYM,State Street SPDR Portfolio S&P 500 ETF,Equity,-
SQMX,FT Vest U.S. Equity Quarterly Max Buffer ETF,Alternatives,-
SQS,Sapient Quality Select ETF,Equity,-
SSCP,SMART Small Cap ETF,Equity,-
SSS,CYBER HORNET S&P 500 and Solana 75/25 Strategy ETF,Asset Allocation,-
STLU,Volatility Shares 2x Stellar ETF,Currency,-
STXL,Defiance Daily Target 2x Long STX ETF,Equity,-
STXU,Leverage Shares 2X Long STX Daily ETF,Equity,-
STXX,Tradr 2X Long STX Daily ETF,Equity,-
STYL,Corgi Lifestyle Brands ETF,Equity,-
SUIL,Volatility Shares 2x Sui ETF,Currency,-
SUSL,iShares ESG MSCI USA Leaders ETF,Equity,-
SYSB,iShares Systematic Bond ETF,Fixed Income,-
TAOZ,Thornburg American Opportunities Fund,Equity,-
TCAN,21Shares Canton Network ETF,Currency,-
TDAQ,TappAlpha Innovation 100 Growth & Daily Income ETF,Equity,-
TDEC,FT Vest Emerging Markets Buffer ETF - December,Alternatives,-
TEMR,T. Rowe Price Emerging Markets Equity Research ETF,Equity,-
TEMX,Touchstone Sands Capital Emerging Markets ex-China Growth ETF,Equity,-
TEUP,ETF Opportunities Trust - T-REX 2X Long TE Daily Target ETF,-,-
TFFI,Chesapeake Trend-Following Fixed Income ETF,Fixed Income,-
TFGZ,Thornburg Focus Growth Fund ETF,Equity,-
THIR,THOR Index Rotation ETF,Equity,-
THMR,THOR AdaptiveRisk Dynamic ETF,Asset Allocation,-
THYP,21Shares Hyperliquid ETF,Currency,-
TJAN,Innovator 2 Yr to January 2027,Alternatives,-
TKNS,21Shares Active Crypto ETF,Currency,-
TLG,Touchstone Large Company Growth ETF,Equity,-
TOAO,Twin Oak Active Opportunities III ETF,Asset Allocation,-
TOPC,iShares S&P 500 3% Capped ETF,Equity,-
TOPW,Roundhill Top WeeklyPay ETF,Equity,-
TPAY,Roundhill S&P 500 Target 10 Managed Distribution ETF,Equity,-
TPFC,Timothy Plan Free Cash Flow ETF,Equity,-
TPFG,Timothy Plan Free Cash Flow Growth ETF,Equity,-
TPFI,Timothy Plan Fixed Income ETF,Fixed Income,-
TPRY,VistaShares Target 15 TEPRTantrum Contrarian Distribution ETF,Equity,-
TPZ,Tortoise Electrification Infrastructure ETF,Asset Allocation,-
TRIO,MC Trio Equity Buffered ETF,Alternatives,-
TROT,Invesco MSCI Treasury Duration Rotation ETF,Fixed Income,-
TRUC,VanEck Communication Services TruSector ETF,Equity,-
TSPX,Twin Oak Active Opportunities ETF,Asset Allocation,-
TWOX,iShares Large Cap Accelerated Outcome ETF,Alternatives,-
TXNU,Direxion Daily TXN Bull 2X ETF,Equity,-
TXXH,21Shares 2x Long HYPE ETF,Currency,-
TYYY,xETFs TSLA Daily Income ETF,Equity,-
UCOP,ProShares Ultra Copper K-1 Free ETF,Commodity,-
UNHU,Direxion Daily UNH Bull 2X ETF,Equity,-
UPAL,ProShares Ultra Palladium K-1 Free ETF,Commodity,-
UPLT,ProShares Ultra Platinum K-1 Free ETF,Commodity,-
UPRO,ProShares UltraPro S&P500,Equity,-
USG,USCF Gold Strategy Plus Income Fund ETF,Commodity,-
USMD,CoreValues America First Technology ETF,Equity,-
UUPP,Principal Exchange-Traded Funds - Principal CLO ETF,-,-
UX,Roundhill Uranium ETF,Commodity,-
UXJA,FT Vest U.S. Equity Uncapped Accelerator ETF - January,Alternatives,-
VAIE,VegaShares US Equity Autocallable Income ETF,Alternatives,-
VBCA,Vanguard Target Maturity 2027 Corporate Bond ETF,Fixed Income,-
VBCB,Vanguard Target Maturity 2028 Corporate Bond ETF,Fixed Income,-
VBCC,Vanguard Target Maturity 2029 Corporate Bond ETF,Fixed Income,-
VBCD,Vanguard Target Maturity 2030 Corporate Bond ETF,Fixed Income,-
VBCE,Vanguard Target Maturity 2031 Corporate Bond ETF,Fixed Income,-
VBCF,Vanguard Target Maturity 2032 Corporate Bond ETF,Fixed Income,-
VBCG,Vanguard Target Maturity 2033 Corporate Bond ETF,Fixed Income,-
VBCH,Vanguard Target Maturity 2034 Corporate Bond ETF,Fixed Income,-
VBCI,Vanguard Target Maturity 2035 Corporate Bond ETF,Fixed Income,-
VBCJ,Vanguard Target Maturity 2036 Corporate Bond ETF,Fixed Income,-
VDG,Vanguard Developed Markets ex-US Growth Index ETF,Equity,-
VDV,Vanguard Developed Markets ex-US Value Index ETF,Equity,-
VOXP,Vox Populi ETF,Equity,-
VPX,Variant Perception Cycle Aware US Equity ETF,Equity,-
WAMA,WisdomTree US Adaptive Moving Average Fund,Asset Allocation,-
WARP,VanEck Space ETF,Equity,-
WATS,Corgi Battery Energy Storage Systems ETF,Equity,-
WCMI,First Trust WCM International Equity ETF,Equity,-
WDE,Principal Exchange-Traded Funds - Principal Securitized Debt ETF,-,-
WDIG,WisdomTree Efficient Rare Earth Plus Strategic Metals Fund,Asset Allocation,-
WDRN,"WisdomTree Physical AI, Humanoids and Drones Fund",Equity,-
WEEK,Roundhill Weekly T-Bill ETF,Fixed Income,-
WEPN,Nicholas Defense and Rare Earth Income ETF,Asset Allocation,-
WIMA,WisdomTree International Adaptive Moving Average Fund,Asset Allocation,-
WLDU,Leverage Shares 2X Long World Stock Daily ETF,Equity,-
WNDR,Corgi Travel & Leisure ETF,Equity,-
WR,Corgi U.S. War Machine ETF,Equity,-
WRTH,Worth Charting Options Income ETF,Equity,-
WSDB,Weitz Short Duration Bond ETF,Fixed Income,-
WTPI,WisdomTree Equity Premium Income Fund,Equity,-
XA,Corgi AI Cybersecurity ETF,Equity,-
XBNB,Teucrium xETFs 2x Long Daily BNB ETF,Currency,-
XNDX,Tradr 2X Long XNDU Daily ETF,Equity,-
XOMX,Direxion Daily XOM Bull 2X ETF,Equity,-
XOVL,Defiance Daily Target 2X Long XOVR ETF,Equity,-
XV,Simplify Target 15 Distribution ETF,Equity,-
YUNG,Corgi Longevity Consumer ETF,Equity,-
YYYM,Amplify Municipal CEF High Income ETF,Fixed Income,-
ZETX,Defiance Daily Target 2x Long ZETA ETF,Equity,-
ZJAN,Innovator 1 Yr January,Alternatives,-
